id,an,judet,scoala,mediu,gen,nota_romana_oral,nota_romana_scris,nota_matematica,nota_limba_straina,nota_specialitate,medie_generala,promovat,absent,promotie
1,2019,Bucuresti,Liceul Tehnologic Spiru Haret,Urban,M,8.3,9.57,7.88,9.79,7.97,8.73,1,0,2019
2,2019,Teleorman,Colegiul Tehnic Alexandru Ioan Cuza,Urban,F,6.95,2.66,6.71,3.95,3.9,4.68,0,1,2019
3,2019,Teleorman,Colegiul National Onisifor Ghibu,Urban,F,6.18,7.57,4.29,4.8,9.64,6.34,0,0,2019
4,2019,Ialomita,Liceul Teoretic George Cosbuc,Urban,F,7.28,7.76,5.42,6.96,7.2,6.81,1,0,2019
5,2019,Iasi,Liceul Sportiv Traian,Rural,M,10.0,6.37,5.0,8.06,8.28,6.86,1,0,2019
6,2019,Maramures,Liceul de Arte Unirea,Urban,F,7.84,8.79,7.12,5.0,7.62,7.45,1,0,2019
7,2019,Bihor,Liceul Teoretic Grigore Moisil,Urban,F,7.06,6.74,7.48,8.95,8.68,7.62,1,0,2019
8,2019,Botosani,Liceul Tehnologic Marin Preda,Urban,F,7.71,8.71,7.15,8.58,9.44,8.23,1,0,2019
9,2019,Giurgiu,Liceul Tehnologic Traian,Rural,M,9.56,6.33,9.04,3.63,8.04,7.32,0,0,2019
10,2019,Giurgiu,Liceul de Arte Ion Barbu,Rural,M,4.9,6.58,1.23,6.08,7.11,4.81,0,0,2019
11,2019,Hunedoara,Liceul de Arte Stefan cel Mare,Urban,F,7.16,7.97,6.67,8.85,7.59,7.57,1,0,2019
12,2019,Mehedinti,Liceul Tehnologic Alexandru Ioan Cuza,Rural,M,6.58,5.62,2.38,7.06,6.92,5.16,0,0,2019
13,2019,Vaslui,Liceul Tehnologic Ion Luca Caragiale,Urban,M,7.61,6.96,7.23,10.0,7.38,7.63,1,0,2019
14,2019,Bacau,Colegiul Economic Decebal,Rural,F,10.0,6.91,7.04,7.35,6.52,7.27,1,0,2019
15,2019,Maramures,Scoala Nationala Grigore Moisil,Urban,F,9.2,8.35,7.86,5.65,9.53,8.06,1,0,2019
16,2019,Brasov,Liceul de Arte Vasile Alecsandri,Rural,M,7.92,7.57,10.0,7.5,5.4,8.0,1,0,2019
17,2019,Calarasi,Liceul Pedagogic Ion Luca Caragiale,Urban,M,8.26,5.35,9.45,5.87,6.42,7.11,1,0,2019
18,2019,Botosani,Colegiul Tehnic Ioan Slavici,Rural,F,8.4,7.59,7.91,8.98,5.0,7.59,1,0,2019
19,2019,Calarasi,Colegiul National Decebal,Urban,M,8.33,7.64,6.73,10.0,7.86,7.82,1,0,2019
20,2019,Arad,Liceul Pedagogic Alexandru Ioan Cuza,Urban,F,6.82,8.65,7.24,8.63,10.0,8.24,1,0,2019
21,2019,Tulcea,Liceul Teoretic Onisifor Ghibu,Rural,F,6.71,4.89,3.64,4.01,6.25,4.77,0,0,2019
22,2019,Timis,Colegiul Tehnic Regina Maria,Urban,F,10.0,8.49,6.23,9.67,7.87,8.05,1,0,2019
23,2019,Constanta,Liceul de Arte Constantin Brancusi,Rural,F,6.74,7.83,6.64,6.36,4.71,6.68,0,0,2019
24,2019,Dolj,Colegiul Tehnic Unirea,Urban,F,8.01,7.78,8.0,7.63,7.19,7.76,1,0,2019
25,2019,Bihor,Colegiul National Grigore Moisil,Rural,F,6.15,7.12,7.43,8.56,8.51,7.54,1,0,2019
26,2019,Sibiu,Liceul Tehnologic Spiru Haret,Urban,M,10.0,8.03,8.58,8.82,8.17,8.53,1,0,2019
27,2019,Satu Mare,Liceul Teoretic Vasile Alecsandri,Urban,F,7.9,10.0,5.0,8.43,6.13,7.47,1,0,2019
28,2019,Iasi,Liceul Teoretic Nicolae Balcescu,Urban,F,8.62,8.96,6.89,7.47,6.06,7.65,1,0,2019
29,2019,Ialomita,Scoala Nationala Constantin Brancusi,Rural,F,10.0,7.67,6.29,8.16,8.49,7.69,1,0,2019
30,2019,Cluj,Liceul Sportiv Emil Racovita,Urban,F,8.29,6.4,8.15,10.0,10.0,8.19,1,0,2019
31,2019,Timis,Colegiul National George Cosbuc,Urban,M,5.47,6.13,8.86,6.0,7.8,7.11,1,0,2019
32,2019,Calarasi,Colegiul National Avram Iancu,Urban,F,8.68,5.33,9.44,5.25,6.4,7.05,1,0,2019
33,2019,Maramures,Colegiul Economic Elena Cuza,Urban,M,7.78,9.59,3.18,9.18,7.02,7.04,0,0,2019
34,2019,Timis,Colegiul Tehnic Nicolae Balcescu,Rural,F,7.34,7.37,7.69,9.78,6.54,7.7,1,0,2019
35,2019,Teleorman,Liceul Sportiv Ion Luca Caragiale,Urban,F,10.0,3.49,5.88,8.2,7.51,6.17,0,0,2019
36,2019,Bacau,Liceul Teoretic Bogdan Voda,Rural,F,6.1,5.98,4.52,5.38,8.1,5.78,0,0,2019
37,2019,Tulcea,Colegiul Economic Bogdan Voda,Urban,M,8.56,5.96,8.09,8.52,8.46,7.62,1,0,2019
38,2019,Suceava,Liceul de Arte Alexandru Ioan Cuza,Urban,F,7.57,7.21,8.88,8.64,8.4,8.14,1,0,2019
39,2019,Braila,Liceul Teoretic Mihai Eminescu,Rural,F,9.19,7.35,7.57,6.17,10.0,7.82,1,0,2019
40,2019,Tulcea,Liceul Pedagogic Ioan Slavici,Rural,F,5.49,3.97,8.15,8.0,7.65,6.53,0,0,2019
41,2019,Dolj,Liceul Pedagogic Decebal,Urban,F,8.48,6.98,4.32,7.33,5.78,6.2,0,0,2019
42,2019,Suceava,Liceul Teoretic Ana Ipatescu,Urban,M,8.97,6.74,6.94,7.77,7.74,7.33,1,0,2019
43,2019,Brasov,Liceul Pedagogic Decebal,Rural,M,7.54,7.67,9.16,8.69,6.84,8.13,1,0,2019
44,2019,Ialomita,Liceul Sportiv Gheorghe Sincai,Urban,M,7.57,5.2,6.16,6.71,7.58,6.31,1,0,2019
45,2019,Bistrita-Nasaud,Liceul de Arte Onisifor Ghibu,Rural,M,5.78,7.44,8.97,6.29,7.2,7.52,0,1,2019
46,2019,Calarasi,Colegiul National Vasile Alecsandri,Rural,M,8.2,7.24,7.4,9.58,8.63,7.94,1,0,2019
47,2019,Buzau,Liceul Tehnologic Dimitrie Cantemir,Urban,M,10.0,5.94,8.03,7.51,10.0,7.82,1,0,2019
48,2019,Harghita,Colegiul National Ana Ipatescu,Urban,M,7.11,7.27,7.39,10.0,10.0,8.11,1,0,2019
49,2019,Dolj,Colegiul Economic Decebal,Rural,F,8.99,5.46,1.83,9.07,6.17,5.37,0,0,2019
50,2019,Dolj,Colegiul Economic Mihai Eminescu,Rural,M,9.08,8.13,5.0,7.19,7.29,7.02,1,0,2019
51,2019,Ialomita,Colegiul Tehnic Gheorghe Sincai,Rural,F,8.2,7.82,9.29,7.57,8.99,8.44,1,0,2019
52,2019,Botosani,Colegiul Tehnic Ion Barbu,Urban,F,7.69,10.0,9.89,6.78,8.75,9.07,1,0,2019
53,2019,Dambovita,Liceul Pedagogic Grigore Moisil,Urban,M,8.5,9.46,5.0,8.37,8.91,7.78,1,0,2019
54,2019,Giurgiu,Scoala Nationala Lucian Blaga,Urban,F,9.7,7.13,3.42,4.85,3.93,5.45,0,0,2019
55,2019,Cluj,Colegiul Economic Marin Preda,Urban,M,8.14,6.94,1.86,7.05,4.65,5.21,0,1,2019
56,2019,Valcea,Colegiul Tehnic Gheorghe Sincai,Rural,F,8.17,8.63,5.0,8.16,6.25,7.07,1,0,2019
57,2019,Neamt,Colegiul Tehnic Marin Preda,Urban,M,10.0,7.25,5.24,7.72,6.92,6.94,1,0,2019
58,2019,Ialomita,Liceul Pedagogic Ion Luca Caragiale,Rural,M,7.47,7.63,7.27,9.45,9.73,8.09,1,0,2019
59,2019,Mures,Colegiul Tehnic Dimitrie Cantemir,Urban,M,7.65,8.04,6.85,10.0,9.02,8.08,1,0,2019
60,2019,Maramures,Liceul Pedagogic Tudor Vladimirescu,Rural,M,4.82,5.11,3.49,9.71,8.16,5.74,0,0,2019
61,2019,Covasna,Liceul Sportiv Constantin Brancusi,Urban,M,9.67,7.14,5.0,9.79,8.58,7.36,1,0,2019
62,2019,Covasna,Liceul Tehnologic Bogdan Voda,Urban,M,10.0,5.9,7.38,6.15,7.53,7.04,1,0,2019
63,2019,Sibiu,Colegiul Tehnic Bogdan Voda,Rural,M,8.4,5.92,6.68,8.53,7.91,7.09,1,0,2019
64,2019,Constanta,Liceul Teoretic Constantin Brancusi,Urban,F,8.36,7.27,7.4,6.04,8.12,7.36,1,0,2019
65,2019,Bucuresti,Colegiul Economic Alexandru Ioan Cuza,Urban,M,6.77,6.88,8.31,6.53,8.44,7.48,1,0,2019
66,2019,Alba,Colegiul Economic Alexandru Ioan Cuza,Rural,M,8.49,7.46,8.77,6.49,7.24,7.78,1,0,2019
67,2019,Suceava,Liceul Teoretic Constantin Brancusi,Urban,M,7.38,9.1,7.21,7.77,7.56,7.93,1,0,2019
68,2019,Prahova,Liceul Sportiv Decebal,Rural,M,10.0,8.14,4.88,8.78,5.58,7.06,0,0,2019
69,2019,Neamt,Liceul Sportiv Constantin Brancusi,Rural,M,9.81,7.69,6.11,8.64,6.44,7.38,1,0,2019
70,2019,Dolj,Liceul Sportiv Mircea cel Batran,Rural,F,7.48,8.15,10.0,8.67,7.5,8.62,1,0,2019
71,2019,Olt,Liceul de Arte Ana Ipatescu,Urban,F,7.23,7.92,7.94,8.96,7.13,7.89,1,0,2019
72,2019,Braila,Colegiul Tehnic George Cosbuc,Urban,F,7.22,8.5,8.94,8.02,10.0,8.66,1,0,2019
73,2019,Ialomita,Colegiul Economic Tudor Vladimirescu,Urban,F,6.52,4.76,2.46,9.74,8.18,5.51,0,0,2019
74,2019,Arad,Colegiul National Marin Preda,Rural,M,7.93,8.29,7.37,10.0,6.66,7.99,1,0,2019
75,2019,Maramures,Scoala Nationala Emil Racovita,Rural,M,7.85,2.02,8.56,9.53,5.38,6.2,0,0,2019
76,2019,Giurgiu,Colegiul Economic Spiru Haret,Urban,F,7.61,7.1,8.5,5.0,9.75,7.65,1,0,2019
77,2019,Prahova,Colegiul Economic Unirea,Rural,M,7.22,3.82,2.75,3.11,9.74,4.62,0,0,2019
78,2019,Braila,Liceul de Arte Stefan cel Mare,Rural,F,7.52,8.24,9.83,9.09,6.67,8.54,1,0,2019
79,2019,Ialomita,Colegiul Economic Gheorghe Sincai,Rural,F,5.33,10.0,5.73,6.53,6.35,7.18,1,0,2019
80,2019,Teleorman,Liceul Teoretic Onisifor Ghibu,Urban,M,2.68,6.74,5.0,6.27,6.94,5.77,0,0,2019
81,2019,Dolj,Liceul Tehnologic Mihai Viteazul,Urban,F,9.11,9.07,5.66,9.76,6.51,7.77,1,0,2019
82,2019,Tulcea,Liceul de Arte Avram Iancu,Rural,F,4.85,4.84,3.16,9.83,8.27,5.6,0,0,2019
83,2019,Brasov,Colegiul National Regina Maria,Rural,F,9.13,8.27,6.07,6.84,8.24,7.48,1,0,2019
84,2019,Maramures,Colegiul Tehnic Vasile Alecsandri,Urban,M,8.22,6.35,8.63,5.36,8.11,7.34,1,0,2019
85,2019,Valcea,Colegiul National Marin Preda,Rural,M,8.05,5.78,6.32,4.12,8.25,6.29,0,0,2019
86,2019,Bihor,Liceul Sportiv Vasile Alecsandri,Urban,F,7.34,8.11,8.4,10.0,5.0,7.94,1,0,2019
87,2019,Ilfov,Colegiul Economic Avram Iancu,Rural,M,9.81,6.82,5.39,5.46,7.2,6.54,1,0,2019
88,2019,Giurgiu,Liceul Sportiv Dimitrie Cantemir,Rural,M,7.04,8.61,5.85,6.79,5.67,6.91,1,0,2019
89,2019,Hunedoara,Liceul Sportiv Alexandru Ioan Cuza,Rural,M,7.01,7.02,1.84,3.94,7.89,5.13,0,0,2019
90,2019,Maramures,Liceul Sportiv Stefan cel Mare,Urban,F,7.84,7.49,6.24,8.01,6.03,7.01,1,0,2019
91,2019,Galati,Liceul Pedagogic Traian,Urban,M,9.04,7.85,6.74,8.87,10.0,8.11,1,0,2019
92,2019,Constanta,Colegiul Tehnic Elena Cuza,Urban,M,8.32,5.82,6.59,5.94,8.79,6.76,1,0,2019
93,2019,Salaj,Colegiul Economic Elena Cuza,Urban,F,8.64,10.0,7.24,10.0,6.95,8.58,1,0,2019
94,2019,Vaslui,Scoala Nationala Lucian Blaga,Urban,M,9.97,8.26,6.13,10.0,8.66,8.11,1,0,2019
95,2019,Prahova,Colegiul Tehnic Lucian Blaga,Urban,F,8.54,7.47,5.0,7.97,8.08,7.0,1,0,2019
96,2019,Teleorman,Liceul Sportiv Gheorghe Sincai,Rural,M,8.0,8.56,7.43,7.37,6.26,7.64,1,0,2019
97,2019,Suceava,Liceul Pedagogic Alexandru Ioan Cuza,Urban,M,6.5,8.78,6.64,8.42,7.15,7.61,1,0,2019
98,2019,Harghita,Colegiul National Traian,Urban,M,7.64,8.69,6.9,7.36,9.11,7.91,1,0,2019
99,2019,Braila,Colegiul National Unirea,Rural,M,9.04,6.03,6.98,9.25,7.23,7.28,1,0,2019
100,2019,Satu Mare,Liceul Sportiv Vasile Alecsandri,Urban,F,9.09,6.07,9.16,10.0,6.35,7.93,1,0,2019
101,2019,Bihor,Liceul Pedagogic George Cosbuc,Urban,M,6.98,9.62,9.52,3.08,6.24,7.84,0,0,2019
102,2019,Valcea,Colegiul Economic Constantin Brancusi,Urban,M,5.72,5.35,4.09,5.89,3.85,4.86,0,0,2019
103,2019,Neamt,Liceul Teoretic Onisifor Ghibu,Urban,M,9.77,5.52,8.27,7.65,7.89,7.44,1,0,2019
104,2019,Covasna,Scoala Nationala George Cosbuc,Urban,F,8.0,10.0,8.64,9.53,6.19,8.75,1,0,2019
105,2019,Mures,Colegiul Tehnic Octavian Goga,Urban,M,6.43,9.52,9.73,8.28,7.37,8.77,1,0,2019
106,2019,Prahova,Colegiul Tehnic Dimitrie Cantemir,Urban,F,8.0,7.6,7.58,10.0,9.97,8.35,1,0,2019
107,2019,Dambovita,Liceul Teoretic Nicolae Balcescu,Rural,M,7.16,6.85,8.38,8.76,10.0,8.1,1,0,2019
108,2019,Harghita,Liceul Sportiv Vasile Alecsandri,Urban,M,8.42,8.8,8.6,9.47,8.48,8.75,1,0,2019
109,2019,Harghita,Liceul Sportiv Constantin Brancusi,Rural,M,7.33,7.24,8.8,7.69,7.17,7.77,1,0,2019
110,2019,Arges,Colegiul National George Cosbuc,Rural,M,8.06,7.89,9.34,10.0,7.55,8.61,1,0,2019
111,2019,Tulcea,Liceul Pedagogic Unirea,Urban,F,8.45,7.4,5.26,9.19,8.93,7.36,1,0,2019
112,2019,Cluj,Liceul Tehnologic Unirea,Urban,M,10.0,7.68,9.49,8.06,6.3,8.3,1,0,2019
113,2019,Salaj,Liceul de Arte Bogdan Voda,Rural,F,8.85,8.18,6.32,10.0,5.39,7.54,1,0,2019
114,2019,Calarasi,Colegiul Economic Ion Barbu,Urban,M,4.03,5.75,6.1,7.61,6.57,6.08,0,0,2019
115,2019,Hunedoara,Scoala Nationala Ion Barbu,Urban,F,5.85,9.6,6.03,9.1,7.62,7.78,1,0,2019
116,2019,Teleorman,Liceul Sportiv Mircea cel Batran,Urban,F,8.24,8.26,7.14,9.56,9.39,8.29,1,0,2019
117,2019,Bacau,Liceul Sportiv Ana Ipatescu,Urban,M,10.0,6.93,3.2,7.42,4.76,5.87,0,0,2019
118,2019,Dolj,Colegiul Economic George Cosbuc,Rural,F,6.06,5.51,1.44,5.64,1.55,3.77,0,1,2019
119,2019,Brasov,Liceul Sportiv Regina Maria,Urban,F,7.74,8.37,7.85,9.66,8.5,8.36,1,0,2019
120,2019,Sibiu,Liceul Sportiv Alexandru Ioan Cuza,Rural,F,6.98,6.45,6.06,10.0,8.13,7.17,1,0,2019
121,2019,Buzau,Liceul Tehnologic Grigore Moisil,Urban,M,7.02,8.25,9.14,8.77,8.12,8.45,1,0,2019
122,2019,Mures,Colegiul National Octavian Goga,Urban,M,9.07,6.04,8.97,7.54,10.0,8.04,1,0,2019
123,2019,Vaslui,Scoala Nationala Mihai Viteazul,Rural,F,7.42,9.87,7.44,6.54,7.06,7.98,1,0,2019
124,2019,Timis,Colegiul Tehnic Elena Cuza,Rural,F,10.0,9.86,6.56,6.57,7.74,8.07,1,0,2019
125,2019,Maramures,Liceul Sportiv Elena Cuza,Urban,M,8.51,6.13,9.51,5.12,4.36,6.96,0,1,2019
126,2019,Buzau,Liceul de Arte Grigore Moisil,Urban,F,7.91,8.88,9.74,8.38,8.94,8.98,1,0,2019
127,2019,Olt,Liceul Tehnologic Dimitrie Cantemir,Urban,M,9.67,9.48,4.89,7.87,7.89,7.64,0,1,2019
128,2019,Bihor,Colegiul Economic Mircea cel Batran,Urban,M,8.45,6.64,7.89,7.16,9.11,7.64,1,0,2019
129,2019,Ialomita,Liceul de Arte Mircea cel Batran,Rural,M,4.32,5.68,3.14,4.04,8.72,4.99,0,0,2019
130,2019,Teleorman,Liceul Pedagogic Alexandru Ioan Cuza,Urban,F,6.95,7.62,6.1,8.01,7.14,7.08,1,0,2019
131,2019,Botosani,Liceul Tehnologic Elena Cuza,Rural,M,9.6,8.48,5.87,6.88,6.59,7.29,1,0,2019
132,2019,Arad,Liceul de Arte Dimitrie Cantemir,Urban,M,10.0,7.69,7.1,8.95,8.26,8.02,1,0,2019
133,2019,Suceava,Liceul Tehnologic George Cosbuc,Urban,M,8.9,8.32,8.3,7.33,10.0,8.48,1,0,2019
134,2019,Maramures,Liceul Tehnologic Alexandru Ioan Cuza,Rural,F,7.05,10.0,6.16,7.73,8.49,7.99,1,0,2019
135,2019,Galati,Liceul Sportiv Ana Ipatescu,Urban,M,8.29,8.78,8.49,10.0,8.12,8.73,1,0,2019
136,2019,Teleorman,Liceul Pedagogic Mircea cel Batran,Urban,F,6.0,9.94,3.79,7.71,5.64,6.72,0,0,2019
137,2019,Prahova,Liceul Sportiv Vasile Alecsandri,Rural,F,8.34,7.06,8.24,9.18,9.63,8.25,1,0,2019
138,2019,Tulcea,Colegiul National Ion Barbu,Urban,F,8.44,8.26,6.53,9.54,6.73,7.72,1,0,2019
139,2019,Giurgiu,Colegiul National Regina Maria,Urban,M,9.83,5.48,4.12,3.54,5.85,5.27,0,0,2019
140,2019,Gorj,Colegiul Tehnic Mircea cel Batran,Rural,F,8.98,9.68,7.82,10.0,10.0,9.15,1,0,2019
141,2019,Galati,Liceul Tehnologic Mircea cel Batran,Rural,M,8.51,8.48,10.0,9.13,7.53,8.89,1,0,2019
142,2019,Bucuresti,Liceul de Arte Spiru Haret,Rural,F,7.0,5.54,6.82,9.49,8.57,7.12,1,0,2019
143,2019,Gorj,Scoala Nationala Ana Ipatescu,Urban,F,5.4,5.22,8.18,5.53,6.6,6.38,1,0,2019
144,2019,Giurgiu,Liceul Sportiv Emil Racovita,Rural,F,8.18,5.0,7.29,7.37,7.98,6.81,1,0,2019
145,2019,Ialomita,Colegiul Tehnic Grigore Moisil,Rural,F,7.46,9.13,5.88,5.68,6.64,7.1,1,0,2019
146,2019,Mehedinti,Colegiul Economic Mihai Eminescu,Rural,M,7.97,9.82,5.69,6.36,5.95,7.3,1,0,2019
147,2019,Brasov,Colegiul Economic Ion Barbu,Urban,M,8.85,10.0,8.82,7.86,8.11,8.93,1,0,2019
148,2019,Ilfov,Scoala Nationala Lucian Blaga,Urban,F,4.9,6.67,5.93,7.27,6.74,6.37,0,1,2019
149,2019,Bucuresti,Colegiul Economic Vasile Alecsandri,Rural,M,10.0,9.66,9.52,6.57,10.0,9.24,1,0,2019
150,2019,Arges,Scoala Nationala Ioan Slavici,Urban,F,9.88,6.32,6.56,6.25,7.47,6.91,1,0,2019
151,2019,Ilfov,Colegiul Economic Unirea,Rural,M,4.61,7.06,7.43,4.9,7.15,6.62,0,0,2019
152,2019,Botosani,Liceul Pedagogic Nicolae Balcescu,Rural,M,5.16,9.75,6.52,4.34,6.29,6.99,0,0,2019
153,2019,Dolj,Scoala Nationala Ana Ipatescu,Rural,F,7.22,7.48,3.57,6.82,3.57,5.6,0,0,2019
154,2019,Mehedinti,Liceul Sportiv George Cosbuc,Urban,M,7.44,5.37,4.66,9.3,8.96,6.49,0,0,2019
155,2019,Valcea,Liceul Tehnologic Emil Racovita,Rural,F,8.07,4.22,4.9,8.8,4.9,5.6,0,0,2019
156,2019,Covasna,Liceul Tehnologic Emil Racovita,Urban,M,8.15,4.56,5.55,7.43,6.73,5.97,0,0,2019
157,2019,Braila,Colegiul National Ioan Slavici,Urban,M,8.94,5.59,7.2,10.0,7.91,7.42,1,0,2019
158,2019,Dolj,Liceul Tehnologic Spiru Haret,Urban,F,8.77,7.68,5.99,8.89,6.82,7.33,1,0,2019
159,2019,Brasov,Scoala Nationala Unirea,Rural,F,9.1,7.91,6.45,8.63,9.32,7.91,1,0,2019
160,2019,Sibiu,Scoala Nationala Octavian Goga,Urban,M,8.38,7.02,6.6,8.19,6.99,7.2,1,0,2019
161,2019,Arad,Liceul Teoretic Mihai Viteazul,Urban,F,8.28,8.1,9.26,9.23,6.76,8.43,1,0,2019
162,2019,Olt,Liceul Teoretic Ioan Slavici,Urban,F,9.69,7.46,6.79,7.4,7.8,7.52,1,0,2019
163,2019,Bucuresti,Scoala Nationala Octavian Goga,Urban,M,9.27,8.71,5.0,5.0,8.68,7.09,1,0,2019
164,2019,Valcea,Scoala Nationala Spiru Haret,Urban,M,8.66,5.96,1.0,6.27,7.71,5.05,0,0,2019
165,2019,Dambovita,Liceul Teoretic Lucian Blaga,Urban,M,6.63,8.99,6.21,8.18,7.22,7.53,1,0,2019
166,2019,Galati,Liceul Teoretic George Cosbuc,Urban,F,1.08,5.41,5.84,10.0,4.53,5.66,0,0,2019
167,2019,Ilfov,Scoala Nationala Traian,Rural,M,9.99,8.22,5.62,10.0,6.13,7.57,1,0,2019
168,2019,Brasov,Colegiul Economic Grigore Moisil,Urban,M,8.64,7.54,2.37,9.85,7.06,6.37,0,0,2019
169,2019,Valcea,Liceul Tehnologic Bogdan Voda,Urban,F,8.24,5.78,10.0,9.2,6.34,7.89,1,0,2019
170,2019,Botosani,Liceul Pedagogic Unirea,Urban,M,6.89,7.97,9.2,8.42,8.79,8.42,1,0,2019
171,2019,Neamt,Scoala Nationala Mihai Eminescu,Rural,M,9.23,7.51,6.6,10.0,5.11,7.42,1,0,2019
172,2019,Giurgiu,Liceul de Arte Marin Preda,Urban,F,8.9,8.81,6.76,9.8,7.91,8.22,1,0,2019
173,2019,Buzau,Colegiul National George Cosbuc,Urban,F,4.85,10.0,3.88,3.96,6.5,6.22,0,0,2019
174,2019,Prahova,Liceul Teoretic Ana Ipatescu,Urban,F,8.74,9.61,7.38,8.5,8.16,8.47,1,0,2019
175,2019,Calarasi,Liceul Sportiv Bogdan Voda,Rural,F,8.98,8.08,8.73,7.43,7.59,8.19,1,0,2019
176,2019,Valcea,Liceul Teoretic Marin Preda,Urban,F,9.98,7.77,10.0,8.41,6.88,8.62,1,0,2019
177,2019,Gorj,Liceul Pedagogic Nicolae Balcescu,Rural,M,9.8,7.79,5.0,8.07,9.01,7.38,1,0,2019
178,2019,Valcea,Liceul Tehnologic Onisifor Ghibu,Urban,F,7.65,7.83,6.23,6.74,8.26,7.23,1,0,2019
179,2019,Hunedoara,Liceul Tehnologic Tudor Vladimirescu,Urban,F,7.08,10.0,5.36,9.29,8.68,8.01,1,0,2019
180,2019,Dambovita,Liceul Teoretic Tudor Vladimirescu,Urban,M,4.9,5.98,6.59,9.82,10.0,7.23,0,0,2019
181,2019,Prahova,Colegiul Economic Elena Cuza,Rural,M,9.03,8.45,6.9,2.27,5.3,6.64,0,0,2019
182,2019,Arad,Liceul Sportiv Ion Barbu,Rural,F,7.09,6.06,4.6,7.82,8.31,6.33,0,0,2019
183,2019,Neamt,Scoala Nationala George Cosbuc,Rural,F,7.24,9.36,6.28,9.67,8.11,8.08,1,0,2019
184,2019,Harghita,Liceul Teoretic Ion Luca Caragiale,Rural,F,5.46,10.0,8.29,7.61,5.95,8.07,1,0,2019
185,2019,Constanta,Liceul Tehnologic Alexandru Ioan Cuza,Rural,F,7.21,5.66,8.0,10.0,9.49,7.74,1,0,2019
186,2019,Galati,Liceul Teoretic Avram Iancu,Urban,M,7.39,6.16,2.85,8.07,6.04,5.56,0,0,2019
187,2019,Prahova,Liceul de Arte Grigore Moisil,Rural,M,5.23,1.0,5.54,9.87,9.72,5.42,0,0,2019
188,2019,Olt,Liceul Pedagogic Unirea,Urban,F,8.72,9.04,7.18,7.09,7.54,7.93,1,0,2019
189,2019,Sibiu,Liceul de Arte Ion Barbu,Urban,F,6.44,6.59,6.97,8.75,5.55,6.86,0,1,2019
190,2019,Bistrita-Nasaud,Scoala Nationala Emil Racovita,Rural,F,9.49,5.86,5.55,5.08,4.83,5.86,0,0,2019
191,2019,Constanta,Colegiul National Constantin Brancusi,Urban,F,8.63,8.39,6.34,8.08,5.0,7.24,1,0,2019
192,2019,Ialomita,Colegiul National Alexandru Ioan Cuza,Rural,F,7.85,6.33,2.05,8.71,4.93,5.34,0,0,2019
193,2019,Suceava,Liceul Pedagogic Tudor Vladimirescu,Urban,F,8.31,8.24,8.61,6.85,7.11,7.98,1,0,2019
194,2019,Ialomita,Liceul de Arte George Cosbuc,Rural,F,7.24,5.69,7.61,10.0,8.21,7.45,1,0,2019
195,2019,Timis,Liceul Tehnologic Lucian Blaga,Rural,F,7.22,6.03,8.62,9.84,7.62,7.74,1,0,2019
196,2019,Buzau,Colegiul Economic Ioan Slavici,Rural,F,6.7,5.82,2.16,8.18,6.24,5.23,0,0,2019
197,2019,Harghita,Liceul Tehnologic Bogdan Voda,Urban,M,7.35,10.0,6.83,5.92,6.23,7.61,1,0,2019
198,2019,Suceava,Colegiul National Marin Preda,Urban,M,10.0,8.82,5.69,9.32,7.21,7.83,1,0,2019
199,2019,Covasna,Liceul Tehnologic Ioan Slavici,Urban,M,8.79,7.87,5.0,8.04,10.0,7.45,1,0,2019
200,2019,Botosani,Scoala Nationala Nicolae Balcescu,Urban,M,6.11,7.04,9.17,7.06,7.81,7.7,1,0,2019
201,2019,Vrancea,Liceul Tehnologic Spiru Haret,Urban,F,10.0,8.07,7.09,8.88,9.14,8.25,1,0,2019
202,2019,Mures,Liceul Pedagogic Onisifor Ghibu,Urban,M,8.07,6.47,6.55,9.44,5.19,6.91,1,0,2019
203,2019,Teleorman,Colegiul Tehnic Marin Preda,Urban,M,9.2,9.37,5.95,3.59,5.91,6.94,0,0,2019
204,2019,Olt,Scoala Nationala Dimitrie Cantemir,Urban,F,9.42,6.96,4.1,6.34,8.51,6.49,0,0,2019
205,2019,Valcea,Liceul de Arte Traian,Urban,F,8.37,6.57,5.43,6.53,5.34,6.22,1,0,2019
206,2019,Suceava,Liceul Pedagogic Constantin Brancusi,Rural,F,9.68,5.76,8.28,2.85,8.4,6.87,0,0,2019
207,2019,Bistrita-Nasaud,Liceul de Arte Regina Maria,Rural,F,9.23,6.5,6.86,7.82,6.69,7.11,1,0,2019
208,2019,Bacau,Liceul Teoretic Marin Preda,Urban,F,10.0,6.15,8.03,8.17,7.39,7.59,1,0,2019
209,2019,Hunedoara,Liceul Tehnologic Ioan Slavici,Rural,M,7.66,8.21,9.92,8.61,7.22,8.58,1,0,2019
210,2019,Satu Mare,Liceul Sportiv Decebal,Rural,F,8.87,7.7,6.84,8.46,6.4,7.48,1,0,2019
211,2019,Bistrita-Nasaud,Scoala Nationala Dimitrie Cantemir,Urban,F,9.1,6.53,7.95,8.25,10.0,7.99,1,0,2019
212,2019,Gorj,Liceul Sportiv George Cosbuc,Urban,F,7.29,6.37,6.16,8.83,9.84,7.29,1,0,2019
213,2019,Salaj,Colegiul Tehnic Elena Cuza,Urban,F,8.09,8.66,7.4,9.18,8.7,8.31,1,0,2019
214,2019,Neamt,Liceul Tehnologic Bogdan Voda,Urban,F,9.45,8.22,8.22,9.82,9.2,8.73,1,0,2019
215,2019,Suceava,Scoala Nationala Emil Racovita,Rural,F,9.72,7.88,5.77,3.46,5.91,6.47,0,0,2019
216,2019,Maramures,Liceul de Arte Gheorghe Sincai,Rural,F,5.75,10.0,5.21,6.73,7.5,7.27,1,0,2019
217,2019,Bihor,Liceul de Arte Ioan Slavici,Urban,M,7.66,10.0,6.43,7.53,5.99,7.72,1,0,2019
218,2019,Teleorman,Liceul Sportiv Elena Cuza,Urban,M,6.05,6.85,5.15,8.49,9.24,6.86,1,0,2019
219,2019,Cluj,Liceul Sportiv Nicolae Balcescu,Rural,F,6.9,6.72,5.25,9.01,7.13,6.7,1,0,2019
220,2019,Arges,Liceul Pedagogic Ion Luca Caragiale,Rural,M,10.0,7.6,7.42,5.03,8.53,7.54,1,0,2019
221,2019,Teleorman,Liceul Pedagogic Marin Preda,Urban,F,6.92,7.26,2.16,8.72,6.52,5.8,0,0,2019
222,2019,Giurgiu,Liceul Sportiv Ana Ipatescu,Urban,F,4.59,5.71,5.76,5.52,6.76,5.74,0,0,2019
223,2019,Cluj,Scoala Nationala Gheorghe Sincai,Urban,F,7.71,9.32,6.32,7.49,8.23,7.82,1,0,2019
224,2019,Neamt,Scoala Nationala Octavian Goga,Urban,M,7.93,8.72,6.8,7.09,7.65,7.66,1,0,2019
225,2019,Bistrita-Nasaud,Colegiul Economic Avram Iancu,Urban,F,9.32,6.01,8.25,8.04,6.07,7.33,1,0,2019
226,2019,Iasi,Colegiul Economic Gheorghe Sincai,Urban,M,10.0,6.82,8.13,8.9,6.89,7.85,1,0,2019
227,2019,Bacau,Liceul Tehnologic Mihai Eminescu,Urban,M,9.04,8.89,5.0,9.42,5.33,7.28,1,0,2019
228,2019,Valcea,Colegiul Tehnic Onisifor Ghibu,Rural,F,6.76,5.78,7.32,8.99,9.19,7.33,1,0,2019
229,2019,Tulcea,Liceul de Arte Marin Preda,Urban,F,9.74,6.62,5.43,7.36,8.74,7.0,1,0,2019
230,2019,Bihor,Liceul Pedagogic Alexandru Ioan Cuza,Urban,F,6.47,3.51,5.2,7.18,7.98,5.53,0,0,2019
231,2019,Salaj,Liceul Pedagogic Elena Cuza,Urban,M,9.72,8.04,6.01,8.45,6.57,7.44,1,0,2019
232,2019,Vrancea,Liceul Teoretic Ioan Slavici,Urban,M,9.24,7.67,5.97,7.96,4.17,6.84,0,0,2019
233,2019,Olt,Liceul de Arte Bogdan Voda,Rural,M,8.57,7.95,5.91,9.79,10.0,7.98,1,0,2019
234,2019,Bihor,Liceul Tehnologic Elena Cuza,Urban,F,6.73,7.56,10.0,6.02,8.35,8.1,1,0,2019
235,2019,Bucuresti,Colegiul Tehnic Emil Racovita,Urban,F,7.24,8.98,10.0,5.15,7.89,8.37,1,0,2019
236,2019,Salaj,Scoala Nationala Ioan Slavici,Urban,M,8.25,8.95,7.62,7.72,7.7,8.11,1,0,2019
237,2019,Bistrita-Nasaud,Liceul Sportiv Ion Luca Caragiale,Urban,F,7.56,9.03,6.09,9.46,9.27,8.1,1,0,2019
238,2019,Mures,Liceul Teoretic Constantin Brancusi,Rural,F,10.0,8.51,7.5,7.53,6.97,7.98,1,0,2019
239,2019,Suceava,Liceul Tehnologic Onisifor Ghibu,Urban,M,7.39,6.65,8.58,8.21,1.71,6.8,0,0,2019
240,2019,Bacau,Liceul Tehnologic Lucian Blaga,Rural,F,8.15,6.79,5.56,5.76,4.9,6.12,0,0,2019
241,2019,Gorj,Scoala Nationala Gheorghe Sincai,Rural,F,8.83,8.63,7.42,8.49,7.93,8.16,1,0,2019
242,2019,Harghita,Liceul Tehnologic Avram Iancu,Rural,F,6.07,7.26,7.36,7.93,8.78,7.5,1,0,2019
243,2019,Valcea,Colegiul National George Cosbuc,Urban,M,8.59,7.63,8.45,7.15,5.41,7.57,0,1,2019
244,2019,Tulcea,Colegiul National Mihai Viteazul,Urban,F,7.37,5.66,4.78,6.95,5.57,5.75,0,0,2019
245,2019,Harghita,Liceul Pedagogic Constantin Brancusi,Urban,M,8.59,8.61,6.65,7.2,5.87,7.4,1,0,2019
246,2019,Bacau,Liceul de Arte Decebal,Urban,F,8.56,8.49,6.61,7.82,9.28,7.95,1,0,2019
247,2019,Hunedoara,Liceul Tehnologic Onisifor Ghibu,Rural,M,8.05,6.46,7.95,9.92,8.88,7.95,1,0,2019
248,2019,Timis,Liceul Sportiv Alexandru Ioan Cuza,Urban,F,8.31,8.91,10.0,7.87,6.26,8.62,1,0,2019
249,2019,Bacau,Colegiul Tehnic Grigore Moisil,Urban,F,7.81,5.52,8.55,7.2,6.98,7.13,1,0,2019
250,2019,Tulcea,Scoala Nationala Constantin Brancusi,Rural,F,7.44,6.71,7.42,6.69,8.5,7.26,1,0,2019
251,2019,Harghita,Liceul Sportiv Alexandru Ioan Cuza,Urban,F,7.97,7.6,7.99,6.97,7.7,7.67,1,0,2019
252,2019,Iasi,Liceul Sportiv Octavian Goga,Urban,F,9.59,8.67,8.23,9.3,9.03,8.78,1,0,2019
253,2019,Botosani,Colegiul Economic Marin Preda,Urban,M,7.4,6.37,6.2,8.22,6.86,6.77,1,0,2019
254,2019,Bacau,Liceul Teoretic Tudor Vladimirescu,Urban,F,6.97,9.61,6.89,8.41,8.12,8.13,1,0,2019
255,2019,Timis,Liceul Teoretic Ioan Slavici,Urban,M,5.42,8.47,6.99,5.67,5.43,6.84,1,0,2019
256,2019,Ialomita,Scoala Nationala Tudor Vladimirescu,Urban,F,9.18,8.1,9.65,7.16,8.15,8.54,1,0,2019
257,2019,Arges,Scoala Nationala Constantin Brancusi,Urban,M,6.2,8.33,10.0,8.58,7.07,8.47,1,0,2019
258,2019,Sibiu,Colegiul Economic Decebal,Urban,M,8.66,8.28,7.35,7.43,9.01,8.02,1,0,2019
259,2019,Harghita,Liceul Sportiv Elena Cuza,Urban,F,8.43,6.36,6.8,7.48,9.79,7.38,1,0,2019
260,2019,Satu Mare,Colegiul Economic Unirea,Rural,F,7.68,5.95,8.88,9.89,7.13,7.77,1,0,2019
261,2019,Bucuresti,Colegiul Tehnic Spiru Haret,Urban,F,9.34,8.04,5.0,7.77,7.9,7.2,1,0,2019
262,2019,Satu Mare,Colegiul Economic Ioan Slavici,Urban,M,9.2,9.84,4.07,5.82,3.15,6.44,0,0,2019
263,2019,Brasov,Colegiul Economic Elena Cuza,Urban,F,8.25,10.0,6.04,7.68,10.0,8.29,1,0,2019
264,2019,Sibiu,Colegiul National Elena Cuza,Rural,M,7.11,9.5,5.0,7.0,9.15,7.48,1,0,2019
265,2019,Covasna,Colegiul Economic Lucian Blaga,Urban,M,8.42,4.12,7.17,10.0,4.55,6.41,0,0,2019
266,2019,Teleorman,Liceul Pedagogic Decebal,Urban,F,8.39,9.91,7.09,8.48,5.85,8.09,1,0,2019
267,2019,Dolj,Liceul Pedagogic Onisifor Ghibu,Urban,F,7.8,7.85,9.32,8.72,6.44,8.2,1,0,2019
268,2019,Covasna,Scoala Nationala Regina Maria,Rural,F,6.35,6.93,4.64,6.37,10.0,6.56,0,0,2019
269,2019,Gorj,Colegiul Economic Ion Barbu,Urban,M,7.25,9.18,9.06,8.47,6.67,8.47,1,0,2019
270,2019,Buzau,Liceul de Arte Regina Maria,Urban,F,9.01,8.3,7.86,5.97,8.61,7.94,1,0,2019
271,2019,Galati,Liceul Pedagogic Regina Maria,Rural,F,4.9,6.61,6.89,10.0,3.27,6.53,0,0,2019
272,2019,Vrancea,Scoala Nationala Alexandru Ioan Cuza,Rural,F,7.27,4.6,2.67,3.31,8.24,4.64,0,0,2019
273,2019,Ialomita,Colegiul National Traian,Rural,F,9.52,3.5,5.57,4.83,7.13,5.47,0,0,2019
274,2019,Satu Mare,Liceul Pedagogic Mircea cel Batran,Rural,M,9.28,5.59,7.72,9.19,7.21,7.38,1,0,2019
275,2019,Bistrita-Nasaud,Colegiul National Regina Maria,Rural,F,7.61,5.39,5.42,7.16,5.43,5.89,1,0,2019
276,2019,Cluj,Liceul Sportiv Avram Iancu,Rural,F,6.02,6.47,3.21,4.44,7.76,5.34,0,0,2019
277,2019,Gorj,Liceul Teoretic Regina Maria,Rural,F,5.26,7.73,6.62,3.22,4.9,6.05,0,0,2019
278,2019,Suceava,Liceul Sportiv Gheorghe Sincai,Urban,M,7.08,9.33,9.63,8.87,7.24,8.81,1,0,2019
279,2019,Brasov,Liceul Tehnologic Mihai Eminescu,Urban,M,8.58,5.51,8.39,7.91,9.52,7.64,1,0,2019
280,2019,Gorj,Colegiul Economic Ion Barbu,Urban,M,8.44,10.0,10.0,10.0,7.47,9.46,1,0,2019
281,2019,Hunedoara,Liceul Tehnologic Mihai Viteazul,Urban,M,8.3,8.2,7.29,8.63,7.83,7.95,1,0,2019
282,2019,Dolj,Liceul Pedagogic Lucian Blaga,Urban,F,9.94,8.47,7.6,7.29,6.3,7.85,1,0,2019
283,2019,Tulcea,Colegiul National Bogdan Voda,Urban,M,7.81,8.6,7.76,8.05,7.89,8.08,1,0,2019
284,2019,Harghita,Liceul Pedagogic Elena Cuza,Urban,M,8.63,6.61,8.5,8.33,8.19,7.87,1,0,2019
285,2019,Gorj,Liceul Sportiv Ioan Slavici,Urban,F,5.69,9.18,6.75,6.57,7.26,7.42,1,0,2019
286,2019,Valcea,Scoala Nationala Emil Racovita,Urban,M,9.16,1.83,9.42,6.29,3.93,5.82,0,0,2019
287,2019,Valcea,Liceul de Arte George Cosbuc,Rural,F,9.08,6.09,4.39,6.8,4.9,5.81,0,0,2019
288,2019,Sibiu,Scoala Nationala Constantin Brancusi,Urban,M,9.63,6.35,7.12,7.33,7.47,7.22,1,0,2019
289,2019,Covasna,Liceul Sportiv Emil Racovita,Rural,F,5.89,5.94,5.0,8.19,8.47,6.37,1,0,2019
290,2019,Braila,Liceul Sportiv Bogdan Voda,Urban,F,5.57,5.34,4.09,7.55,7.12,5.59,0,0,2019
291,2019,Mehedinti,Liceul Teoretic Nicolae Balcescu,Urban,F,9.41,7.32,7.99,8.62,10.0,8.33,1,0,2019
292,2019,Bihor,Liceul Sportiv Nicolae Balcescu,Urban,F,8.75,9.77,7.11,7.99,8.83,8.46,1,0,2019
293,2019,Cluj,Colegiul Economic Marin Preda,Rural,M,8.78,8.74,5.1,6.42,3.34,6.49,0,0,2019
294,2019,Maramures,Scoala Nationala Ioan Slavici,Urban,M,8.48,8.03,6.46,9.11,7.46,7.68,1,0,2019
295,2019,Iasi,Liceul Tehnologic Spiru Haret,Urban,M,7.08,6.76,7.93,6.46,4.11,6.7,0,0,2019
296,2019,Arad,Colegiul Economic Traian,Rural,F,9.9,9.16,6.08,7.81,6.0,7.63,1,0,2019
297,2019,Dambovita,Liceul Teoretic Nicolae Balcescu,Urban,F,6.32,5.5,6.06,5.98,8.23,6.23,1,0,2019
298,2019,Arad,Liceul Sportiv Decebal,Urban,F,9.68,8.31,7.37,8.05,8.49,8.15,1,0,2019
299,2019,Bacau,Scoala Nationala Stefan cel Mare,Urban,F,8.84,5.63,6.28,8.36,6.62,6.7,1,0,2019
300,2019,Braila,Liceul de Arte Unirea,Urban,F,9.1,10.0,9.12,5.39,8.21,8.69,1,0,2019
301,2019,Hunedoara,Scoala Nationala Alexandru Ioan Cuza,Urban,M,8.83,10.0,10.0,7.44,6.01,8.9,1,0,2019
302,2019,Giurgiu,Liceul Tehnologic Mircea cel Batran,Urban,M,7.58,5.76,5.16,9.65,4.74,6.19,0,0,2019
303,2019,Bacau,Scoala Nationala Lucian Blaga,Rural,M,8.4,5.84,4.98,8.0,7.08,6.35,0,0,2019
304,2019,Harghita,Colegiul Tehnic Octavian Goga,Urban,M,8.4,8.74,5.5,2.26,5.05,6.21,0,0,2019
305,2019,Bacau,Liceul Tehnologic Tudor Vladimirescu,Urban,M,10.0,9.24,6.04,7.21,7.87,7.85,1,0,2019
306,2019,Covasna,Liceul de Arte George Cosbuc,Urban,F,10.0,7.75,5.94,8.78,7.87,7.6,1,0,2019
307,2019,Constanta,Colegiul National Grigore Moisil,Urban,F,8.19,8.09,10.0,6.77,7.85,8.44,1,0,2019
308,2019,Vaslui,Liceul de Arte Octavian Goga,Rural,M,8.66,1.61,2.86,6.6,4.98,3.94,0,0,2019
309,2019,Brasov,Colegiul Tehnic Tudor Vladimirescu,Rural,M,6.75,5.78,10.0,7.32,3.64,7.05,0,0,2019
310,2019,Gorj,Liceul Pedagogic Marin Preda,Urban,M,10.0,8.84,10.0,8.2,5.0,8.63,1,0,2019
311,2019,Salaj,Liceul de Arte Regina Maria,Urban,M,7.6,7.59,8.14,6.79,7.15,7.57,1,0,2019
312,2019,Hunedoara,Liceul Tehnologic Mihai Eminescu,Urban,M,8.51,8.55,10.0,7.27,9.44,8.92,1,0,2019
313,2019,Vaslui,Liceul de Arte Alexandru Ioan Cuza,Urban,F,9.0,9.04,9.89,7.83,7.7,8.91,1,0,2019
314,2019,Dolj,Liceul Pedagogic Onisifor Ghibu,Urban,M,7.32,5.56,6.07,9.3,6.18,6.54,1,0,2019
315,2019,Salaj,Liceul Tehnologic Spiru Haret,Urban,M,8.05,9.0,7.98,5.0,8.09,7.86,1,0,2019
316,2019,Cluj,Colegiul National Ion Luca Caragiale,Rural,M,6.08,8.55,8.79,8.38,5.28,7.86,1,0,2019
317,2019,Bihor,Colegiul Economic Ioan Slavici,Rural,M,6.78,3.62,6.92,7.77,4.93,5.74,0,0,2019
318,2019,Alba,Liceul Sportiv Bogdan Voda,Urban,F,9.49,9.62,7.68,9.51,8.22,8.8,1,0,2019
319,2019,Alba,Liceul Pedagogic Traian,Urban,F,6.98,6.14,6.82,3.97,7.36,6.29,0,1,2019
320,2019,Cluj,Colegiul Tehnic Decebal,Urban,F,9.98,9.91,6.6,8.8,6.06,8.18,1,0,2019
321,2019,Iasi,Colegiul Economic Constantin Brancusi,Urban,F,8.88,5.84,9.23,8.17,8.75,7.95,1,0,2019
322,2019,Dambovita,Colegiul National George Cosbuc,Urban,M,8.46,8.54,5.0,8.71,7.31,7.31,1,0,2019
323,2019,Maramures,Liceul Tehnologic George Cosbuc,Urban,F,8.25,4.54,7.98,5.1,7.99,6.54,0,1,2019
324,2019,Ialomita,Scoala Nationala Regina Maria,Urban,M,8.48,5.75,7.42,7.64,7.25,7.03,1,0,2019
325,2019,Covasna,Liceul Pedagogic Nicolae Balcescu,Rural,M,6.68,7.76,4.94,5.87,7.86,6.54,0,0,2019
326,2019,Giurgiu,Liceul de Arte Mihai Eminescu,Rural,M,7.64,7.03,6.63,3.58,7.91,6.59,0,1,2019
327,2019,Mehedinti,Colegiul Economic Bogdan Voda,Rural,F,8.08,4.37,5.06,6.43,6.13,5.52,0,0,2019
328,2019,Braila,Liceul de Arte Nicolae Balcescu,Rural,M,9.39,9.26,8.46,10.0,8.74,9.07,1,0,2019
329,2019,Dambovita,Colegiul Economic Onisifor Ghibu,Rural,F,9.68,8.49,9.26,8.15,5.7,8.37,1,0,2019
330,2019,Bucuresti,Liceul de Arte Traian,Urban,M,8.11,3.22,7.51,8.7,5.93,6.22,0,0,2019
331,2019,Vaslui,Colegiul Tehnic Elena Cuza,Rural,F,10.0,10.0,8.32,9.41,9.36,9.31,1,0,2019
332,2019,Giurgiu,Colegiul Economic Lucian Blaga,Urban,M,10.0,9.22,9.74,8.16,9.59,9.35,1,0,2019
333,2019,Bistrita-Nasaud,Liceul Pedagogic Vasile Alecsandri,Urban,F,8.8,7.75,7.17,7.27,8.0,7.65,1,0,2019
334,2019,Cluj,Liceul Teoretic Mihai Eminescu,Urban,M,7.71,10.0,9.5,6.41,6.73,8.59,1,0,2019
335,2019,Timis,Colegiul Economic Mihai Eminescu,Urban,M,8.47,8.43,6.44,8.72,6.27,7.56,1,0,2019
336,2019,Maramures,Colegiul Tehnic Unirea,Rural,M,6.79,5.99,3.96,6.16,3.3,5.08,0,0,2019
337,2019,Calarasi,Liceul Teoretic Avram Iancu,Urban,F,8.38,8.51,5.66,6.79,6.89,7.14,1,0,2019
338,2019,Mures,Colegiul Tehnic Spiru Haret,Urban,M,8.02,8.09,5.5,6.78,6.18,6.82,1,0,2019
339,2019,Valcea,Colegiul National Tudor Vladimirescu,Rural,F,8.16,7.48,10.0,7.92,5.68,8.1,1,0,2019
340,2019,Vrancea,Colegiul Economic Ion Barbu,Urban,M,7.47,3.8,6.03,5.78,8.65,5.86,0,0,2019
341,2019,Valcea,Colegiul Tehnic Mihai Viteazul,Urban,F,10.0,8.42,7.37,10.0,7.73,8.4,1,0,2019
342,2019,Mehedinti,Liceul Sportiv Unirea,Rural,F,4.02,5.84,7.46,6.41,3.59,5.89,0,0,2019
343,2019,Giurgiu,Colegiul Tehnic Unirea,Rural,F,7.02,9.81,8.34,6.38,2.95,7.55,0,0,2019
344,2019,Arad,Liceul Sportiv Emil Racovita,Rural,F,7.44,10.0,9.43,10.0,6.85,9.1,1,0,2019
345,2019,Bihor,Liceul Sportiv Ioan Slavici,Rural,M,7.57,1.85,8.85,4.28,6.83,5.63,0,0,2019
346,2019,Neamt,Liceul Sportiv Unirea,Rural,F,8.8,5.54,6.9,9.23,6.28,6.94,1,0,2019
347,2019,Sibiu,Colegiul National Emil Racovita,Rural,M,5.95,5.94,8.2,6.87,5.34,6.67,1,0,2019
348,2019,Teleorman,Colegiul Tehnic Bogdan Voda,Urban,M,8.28,5.02,7.63,7.89,2.24,6.14,0,0,2019
349,2019,Arges,Liceul de Arte Emil Racovita,Urban,M,6.36,7.96,8.78,6.12,7.83,7.75,1,0,2019
350,2019,Alba,Scoala Nationala Unirea,Urban,F,7.07,7.89,5.81,6.65,6.26,6.75,1,0,2019
351,2019,Dambovita,Scoala Nationala Ioan Slavici,Urban,F,9.54,7.52,7.41,10.0,5.0,7.68,1,0,2019
352,2019,Arad,Liceul Teoretic Vasile Alecsandri,Urban,F,10.0,7.69,6.8,8.53,6.43,7.59,1,0,2019
353,2019,Buzau,Scoala Nationala Mihai Viteazul,Urban,F,6.92,8.34,8.84,10.0,7.65,8.49,1,0,2019
354,2019,Botosani,Liceul Pedagogic Nicolae Balcescu,Urban,M,8.54,7.18,3.21,5.98,8.34,6.12,0,0,2019
355,2019,Botosani,Colegiul Tehnic Ion Luca Caragiale,Rural,F,9.69,8.68,8.06,6.72,6.83,8.02,1,0,2019
356,2019,Calarasi,Colegiul Economic Mircea cel Batran,Urban,F,8.94,8.58,9.29,6.7,8.12,8.48,1,0,2019
357,2019,Bucuresti,Colegiul Tehnic Constantin Brancusi,Rural,F,7.58,7.05,8.67,8.57,7.85,7.94,1,0,2019
358,2019,Maramures,Liceul Teoretic Unirea,Urban,F,9.73,5.54,9.87,8.78,6.57,7.9,1,0,2019
359,2019,Teleorman,Liceul Pedagogic Bogdan Voda,Urban,F,6.12,9.2,5.66,7.8,5.97,7.14,1,0,2019
360,2019,Bucuresti,Liceul Teoretic Marin Preda,Urban,F,10.0,8.57,6.69,9.3,5.75,7.84,1,0,2019
361,2019,Prahova,Liceul Pedagogic Regina Maria,Rural,M,7.97,3.93,6.18,8.92,7.86,6.35,0,0,2019
362,2019,Hunedoara,Liceul Tehnologic Ion Luca Caragiale,Urban,F,10.0,9.47,7.58,7.51,6.76,8.26,1,0,2019
363,2019,Valcea,Scoala Nationala Elena Cuza,Urban,F,6.27,7.14,6.74,5.09,7.6,6.69,1,0,2019
364,2019,Cluj,Liceul de Arte Ion Barbu,Urban,F,8.47,5.2,7.37,6.5,10.0,7.09,1,0,2019
365,2019,Bacau,Colegiul Tehnic Ion Barbu,Rural,M,7.1,8.76,8.52,5.0,6.38,7.6,1,0,2019
366,2019,Timis,Colegiul Economic Elena Cuza,Urban,F,8.37,9.16,6.84,8.07,9.08,8.21,1,0,2019
367,2019,Salaj,Colegiul Tehnic Octavian Goga,Urban,M,7.87,7.87,5.88,7.97,5.56,6.94,1,0,2019
368,2019,Dambovita,Liceul Sportiv Traian,Urban,F,8.66,8.1,8.59,6.9,7.78,8.07,1,0,2019
369,2019,Tulcea,Liceul de Arte Traian,Urban,M,9.28,4.53,4.71,4.9,5.59,5.27,0,0,2019
370,2019,Teleorman,Colegiul Tehnic Octavian Goga,Urban,F,6.4,6.0,3.98,5.16,6.29,5.35,0,0,2019
371,2019,Iasi,Liceul Teoretic Onisifor Ghibu,Rural,F,6.57,6.21,4.44,3.62,4.9,5.13,0,0,2019
372,2019,Iasi,Liceul Tehnologic Emil Racovita,Rural,M,8.04,9.65,7.12,10.0,9.81,8.81,1,0,2019
373,2019,Covasna,Scoala Nationala Avram Iancu,Rural,M,7.98,6.87,6.17,8.78,7.01,7.08,1,0,2019
374,2019,Gorj,Liceul Teoretic Ioan Slavici,Urban,F,9.31,3.49,6.5,4.11,8.37,5.8,0,0,2019
375,2019,Bacau,Liceul Tehnologic Alexandru Ioan Cuza,Rural,M,8.5,7.24,7.54,8.93,8.48,7.9,1,0,2019
376,2019,Hunedoara,Liceul Sportiv Ioan Slavici,Rural,M,9.74,8.54,3.99,4.36,3.81,5.96,0,0,2019
377,2019,Maramures,Liceul Teoretic Tudor Vladimirescu,Urban,M,8.23,7.78,6.95,7.11,6.46,7.28,1,0,2019
378,2019,Giurgiu,Liceul Sportiv Lucian Blaga,Rural,M,8.78,9.71,4.54,5.34,7.38,7.06,0,0,2019
379,2019,Bistrita-Nasaud,Liceul de Arte Grigore Moisil,Rural,F,7.89,6.58,7.23,7.34,9.04,7.39,1,0,2019
380,2019,Teleorman,Liceul Sportiv Gheorghe Sincai,Urban,M,9.69,7.07,8.02,8.82,6.94,7.86,1,0,2019
381,2019,Gorj,Liceul Sportiv Emil Racovita,Urban,M,7.67,7.78,8.02,6.85,5.72,7.39,1,0,2019
382,2019,Bacau,Colegiul National Vasile Alecsandri,Urban,M,7.08,5.13,2.77,4.9,7.2,4.89,0,0,2019
383,2019,Alba,Liceul Tehnologic Ana Ipatescu,Rural,F,7.6,5.19,1.77,5.63,5.01,4.44,0,0,2019
384,2019,Bistrita-Nasaud,Liceul Tehnologic Nicolae Balcescu,Rural,F,6.67,8.11,5.95,8.56,5.57,7.0,1,0,2019
385,2019,Harghita,Liceul Teoretic Elena Cuza,Rural,M,8.97,7.98,5.0,8.35,7.43,7.16,1,0,2019
386,2019,Covasna,Liceul Sportiv Mihai Eminescu,Urban,F,9.46,8.27,10.0,8.72,10.0,9.24,1,0,2019
387,2019,Ialomita,Liceul Tehnologic Mihai Viteazul,Rural,M,8.02,7.84,6.9,9.32,7.27,7.71,1,0,2019
388,2019,Maramures,Liceul de Arte Ana Ipatescu,Urban,M,9.22,5.61,9.5,9.68,8.28,8.15,1,0,2019
389,2019,Maramures,Liceul Tehnologic George Cosbuc,Rural,M,9.95,1.92,4.45,5.1,7.84,4.85,0,0,2019
390,2019,Olt,Colegiul Economic Decebal,Urban,F,8.66,9.47,7.66,7.68,5.22,7.94,1,0,2019
391,2019,Bistrita-Nasaud,Colegiul Economic Marin Preda,Rural,F,5.75,8.9,7.31,6.43,5.56,7.24,1,0,2019
392,2019,Braila,Liceul Pedagogic Onisifor Ghibu,Urban,M,4.76,5.07,4.9,5.02,7.34,5.32,0,0,2019
393,2019,Covasna,Liceul Pedagogic Mircea cel Batran,Urban,F,5.84,8.79,8.17,8.56,10.0,8.46,1,0,2019
394,2019,Dolj,Liceul Teoretic Ion Luca Caragiale,Urban,F,6.57,7.41,4.46,8.23,7.54,6.58,0,0,2019
395,2019,Hunedoara,Liceul de Arte Traian,Urban,M,9.22,9.35,6.51,7.47,5.72,7.66,1,0,2019
396,2019,Satu Mare,Liceul Teoretic Mihai Eminescu,Rural,M,3.85,7.73,9.87,4.83,5.64,7.24,0,1,2019
397,2019,Mehedinti,Colegiul Economic Dimitrie Cantemir,Urban,M,8.51,6.61,4.37,8.7,2.13,5.77,0,0,2019
398,2019,Teleorman,Scoala Nationala Regina Maria,Rural,F,9.27,8.74,5.9,8.71,7.51,7.75,1,0,2019
399,2019,Buzau,Liceul Teoretic Octavian Goga,Urban,F,9.7,6.41,8.8,7.91,6.48,7.69,1,0,2019
400,2019,Dolj,Liceul Sportiv Decebal,Urban,F,8.21,10.0,6.89,5.86,9.05,8.12,1,0,2019
401,2019,Harghita,Colegiul National Elena Cuza,Rural,M,8.8,7.87,10.0,9.85,6.52,8.7,1,0,2019
402,2019,Alba,Liceul Pedagogic Avram Iancu,Urban,M,8.18,6.9,5.0,9.11,10.0,7.25,1,0,2019
403,2019,Giurgiu,Liceul de Arte Emil Racovita,Rural,F,8.9,6.4,9.36,8.26,9.34,8.26,1,0,2019
404,2019,Suceava,Liceul Teoretic Mihai Viteazul,Urban,M,8.65,6.84,5.89,9.25,10.0,7.57,1,0,2019
405,2019,Ilfov,Liceul Tehnologic Gheorghe Sincai,Urban,M,9.88,6.69,9.54,8.35,6.75,8.12,1,0,2019
406,2019,Tulcea,Colegiul National Nicolae Balcescu,Rural,F,1.77,6.56,1.0,7.37,4.44,4.22,0,0,2019
407,2019,Satu Mare,Colegiul National Traian,Urban,M,5.24,3.77,3.35,5.99,10.0,5.06,0,0,2019
408,2019,Mures,Liceul de Arte Gheorghe Sincai,Urban,F,6.86,7.32,7.04,7.42,6.86,7.14,1,0,2019
409,2019,Brasov,Scoala Nationala Nicolae Balcescu,Urban,M,5.93,9.61,10.0,3.08,5.16,7.71,0,0,2019
410,2019,Gorj,Liceul Sportiv Mihai Eminescu,Rural,F,8.06,8.74,8.49,10.0,8.78,8.79,1,0,2019
411,2019,Gorj,Liceul Sportiv Marin Preda,Urban,F,7.71,8.55,10.0,5.32,7.91,8.32,1,0,2019
412,2019,Salaj,Scoala Nationala Onisifor Ghibu,Rural,M,9.48,10.0,4.71,3.79,7.54,7.06,0,0,2019
413,2019,Arad,Colegiul National Lucian Blaga,Urban,F,7.53,10.0,5.29,8.36,10.0,8.09,1,0,2019
414,2019,Maramures,Scoala Nationala Alexandru Ioan Cuza,Rural,M,6.25,6.4,5.41,8.1,7.78,6.55,1,0,2019
415,2019,Bacau,Colegiul National Regina Maria,Rural,F,8.33,8.85,7.94,9.42,9.17,8.66,1,0,2019
416,2019,Suceava,Liceul Teoretic Unirea,Urban,M,7.46,10.0,8.07,8.18,7.33,8.49,1,0,2019
417,2019,Braila,Colegiul National Dimitrie Cantemir,Rural,F,9.64,7.79,2.92,6.29,4.79,5.84,0,0,2019
418,2019,Galati,Liceul de Arte Lucian Blaga,Rural,M,6.44,10.0,8.46,6.84,7.13,8.28,1,0,2019
419,2019,Dambovita,Liceul Teoretic Ioan Slavici,Urban,F,8.01,10.0,10.0,7.6,8.84,9.27,1,0,2019
420,2019,Olt,Colegiul Tehnic Constantin Brancusi,Urban,F,7.29,6.84,8.26,7.29,8.95,7.7,1,0,2019
421,2019,Galati,Liceul Pedagogic Ion Barbu,Rural,F,9.32,5.8,1.0,5.81,6.27,4.78,0,0,2019
422,2019,Covasna,Colegiul Tehnic Marin Preda,Rural,F,5.88,6.71,8.97,8.14,6.24,7.45,1,0,2019
423,2019,Bacau,Colegiul National Tudor Vladimirescu,Rural,F,7.92,10.0,7.39,6.41,6.03,7.87,1,0,2019
424,2019,Timis,Liceul Tehnologic Vasile Alecsandri,Urban,F,7.2,9.13,7.08,7.31,7.9,7.86,1,0,2019
425,2019,Dambovita,Liceul Teoretic Unirea,Urban,M,8.32,9.2,5.07,10.0,9.15,7.99,1,0,2019
426,2019,Bihor,Liceul Sportiv Emil Racovita,Urban,F,7.1,7.9,6.14,10.0,9.93,7.91,1,0,2019
427,2019,Ialomita,Colegiul Economic Ion Barbu,Urban,M,6.13,9.7,10.0,7.02,4.77,8.29,0,0,2019
428,2019,Maramures,Liceul Tehnologic Gheorghe Sincai,Rural,F,10.0,9.59,9.11,8.72,6.3,8.86,1,0,2019
429,2019,Buzau,Liceul Pedagogic Mihai Viteazul,Urban,M,9.53,7.56,7.64,9.69,10.0,8.47,1,0,2019
430,2019,Timis,Colegiul Economic Stefan cel Mare,Urban,F,6.24,7.55,7.55,7.41,9.01,7.62,1,0,2019
431,2019,Suceava,Colegiul National Tudor Vladimirescu,Urban,M,8.94,7.09,6.68,9.03,7.4,7.49,1,0,2019
432,2019,Teleorman,Liceul de Arte Tudor Vladimirescu,Rural,F,8.55,7.63,8.49,7.11,6.79,7.78,1,0,2019
433,2019,Arad,Liceul Pedagogic Nicolae Balcescu,Urban,F,7.89,10.0,9.0,10.0,9.08,9.35,1,0,2019
434,2019,Satu Mare,Liceul Tehnologic Vasile Alecsandri,Urban,M,9.31,8.92,7.47,10.0,7.64,8.49,1,0,2019
435,2019,Dolj,Colegiul National Onisifor Ghibu,Urban,M,7.28,5.52,4.69,4.67,7.0,5.54,0,0,2019
436,2019,Iasi,Colegiul Tehnic Unirea,Rural,M,7.84,7.37,7.98,7.99,8.21,7.82,1,0,2019
437,2019,Iasi,Liceul Tehnologic Unirea,Rural,F,8.28,4.43,4.97,8.77,8.19,6.19,0,0,2019
438,2019,Salaj,Colegiul National Alexandru Ioan Cuza,Urban,F,5.68,7.63,2.05,2.08,10.0,5.28,0,1,2019
439,2019,Alba,Liceul de Arte Elena Cuza,Urban,M,7.04,8.38,7.84,8.03,8.07,7.98,1,0,2019
440,2019,Hunedoara,Liceul Tehnologic Onisifor Ghibu,Urban,F,7.58,7.67,6.44,7.98,6.11,7.1,1,0,2019
441,2019,Suceava,Colegiul Economic Unirea,Rural,M,8.46,7.87,7.32,7.62,7.68,7.7,1,0,2019
442,2019,Harghita,Colegiul Economic Emil Racovita,Urban,M,7.61,7.76,7.06,10.0,6.35,7.66,1,0,2019
443,2019,Salaj,Liceul de Arte Alexandru Ioan Cuza,Rural,F,8.27,7.58,5.29,7.14,8.46,7.03,1,0,2019
444,2019,Maramures,Colegiul National Elena Cuza,Urban,M,8.82,4.94,7.92,7.09,7.13,6.87,0,0,2019
445,2019,Tulcea,Colegiul Tehnic Mircea cel Batran,Urban,M,7.7,7.47,8.71,8.3,5.74,7.73,1,0,2019
446,2019,Salaj,Liceul de Arte Avram Iancu,Urban,M,10.0,7.48,8.88,6.94,7.96,8.14,1,0,2019
447,2019,Bucuresti,Colegiul Tehnic Alexandru Ioan Cuza,Rural,F,8.44,8.84,7.93,8.16,5.77,7.96,0,1,2019
448,2019,Botosani,Colegiul Economic Avram Iancu,Rural,F,6.19,7.07,7.65,6.08,8.53,7.23,1,0,2019
449,2019,Maramures,Colegiul Tehnic Avram Iancu,Urban,F,9.63,9.23,7.26,7.46,7.55,8.16,1,0,2019
450,2019,Arges,Liceul Teoretic Lucian Blaga,Urban,F,10.0,10.0,6.17,8.92,8.69,8.49,1,0,2019
451,2019,Maramures,Liceul Teoretic Lucian Blaga,Urban,F,9.98,8.8,5.0,6.14,8.47,7.33,1,0,2019
452,2019,Vrancea,Liceul Tehnologic Decebal,Rural,M,2.81,2.36,5.92,8.01,6.16,4.89,0,0,2019
453,2019,Ialomita,Scoala Nationala Gheorghe Sincai,Urban,F,3.98,6.33,3.37,5.99,7.94,5.4,0,0,2019
454,2019,Bacau,Colegiul National Marin Preda,Urban,M,9.51,5.21,5.82,7.89,9.1,6.81,1,0,2019
455,2019,Bistrita-Nasaud,Colegiul Tehnic Vasile Alecsandri,Urban,M,8.13,7.17,7.08,7.38,10.0,7.7,1,0,2019
456,2019,Calarasi,Liceul Teoretic Octavian Goga,Rural,M,8.42,6.85,5.64,4.65,9.01,6.64,0,0,2019
457,2019,Galati,Colegiul Economic Marin Preda,Urban,M,8.53,6.0,8.3,6.35,5.59,6.93,1,0,2019
458,2019,Arges,Liceul Pedagogic Unirea,Urban,F,6.39,7.9,5.88,7.87,5.68,6.81,1,0,2019
459,2019,Botosani,Colegiul Tehnic Traian,Urban,F,7.85,9.35,7.43,7.15,7.46,8.01,1,0,2019
460,2019,Maramures,Liceul Sportiv Unirea,Rural,F,5.51,4.37,2.55,3.46,3.97,3.74,0,0,2019
461,2019,Bistrita-Nasaud,Scoala Nationala Emil Racovita,Urban,M,7.82,5.39,7.28,7.26,3.46,6.19,0,1,2019
462,2019,Buzau,Liceul Tehnologic Stefan cel Mare,Urban,M,8.52,8.46,4.11,3.65,5.46,5.99,0,0,2019
463,2019,Bistrita-Nasaud,Liceul Tehnologic Ion Barbu,Rural,F,5.08,2.81,4.76,6.26,5.6,4.56,0,0,2019
464,2019,Bihor,Liceul Pedagogic Ion Luca Caragiale,Urban,M,7.0,8.96,6.77,8.13,8.99,7.99,1,0,2019
465,2019,Alba,Colegiul Economic Vasile Alecsandri,Rural,M,7.87,6.6,8.73,8.47,5.55,7.49,1,0,2019
466,2019,Buzau,Liceul Teoretic Regina Maria,Urban,M,9.73,8.44,8.46,8.86,6.86,8.4,1,0,2019
467,2019,Botosani,Colegiul Economic Gheorghe Sincai,Rural,M,7.36,6.97,6.69,8.96,5.94,7.07,1,0,2019
468,2019,Salaj,Colegiul Economic Ioan Slavici,Urban,F,7.35,6.19,7.08,9.88,7.32,7.3,1,0,2019
469,2019,Mehedinti,Colegiul Tehnic Nicolae Balcescu,Urban,M,8.99,4.5,6.53,5.33,4.34,5.66,0,0,2019
470,2019,Ilfov,Liceul Pedagogic Ion Barbu,Urban,M,7.56,9.15,8.2,7.61,5.68,7.95,1,0,2019
471,2019,Botosani,Liceul Sportiv Onisifor Ghibu,Rural,F,7.0,7.47,1.0,4.77,6.69,4.96,0,0,2019
472,2019,Valcea,Colegiul Economic Spiru Haret,Rural,F,9.0,9.29,7.78,8.04,7.71,8.38,1,0,2019
473,2019,Suceava,Liceul Tehnologic George Cosbuc,Rural,M,7.41,9.19,9.27,8.28,9.63,8.97,1,0,2019
474,2019,Sibiu,Colegiul National Avram Iancu,Urban,M,7.69,7.39,8.32,8.82,7.0,7.86,1,0,2019
475,2019,Constanta,Liceul de Arte Elena Cuza,Rural,F,10.0,8.64,7.33,5.63,7.38,7.74,1,0,2019
476,2019,Ilfov,Liceul Teoretic Bogdan Voda,Rural,F,8.27,9.46,7.55,7.95,6.52,8.1,1,0,2019
477,2019,Ilfov,Liceul Sportiv Unirea,Urban,F,8.9,9.21,7.27,6.98,6.26,7.82,1,0,2019
478,2019,Iasi,Liceul Teoretic Octavian Goga,Urban,M,8.32,7.06,10.0,9.08,7.4,8.42,1,0,2019
479,2019,Bacau,Colegiul Tehnic Mircea cel Batran,Urban,M,8.24,10.0,6.3,10.0,9.17,8.59,1,0,2019
480,2019,Covasna,Colegiul National Mihai Viteazul,Urban,F,7.04,5.02,6.93,7.35,7.64,6.54,0,1,2019
481,2019,Valcea,Liceul Pedagogic Elena Cuza,Rural,F,7.41,7.41,8.78,7.58,4.3,7.38,0,0,2019
482,2019,Neamt,Colegiul Tehnic Constantin Brancusi,Rural,M,9.28,9.68,10.0,10.0,6.89,9.37,1,0,2019
483,2019,Suceava,Scoala Nationala Bogdan Voda,Rural,F,4.4,5.46,1.25,7.93,2.27,3.98,0,0,2019
484,2019,Timis,Liceul Teoretic Mihai Viteazul,Rural,M,7.15,7.15,6.53,9.62,7.12,7.33,1,0,2019
485,2019,Giurgiu,Liceul Pedagogic Stefan cel Mare,Rural,M,8.05,5.09,5.0,7.7,7.67,6.14,1,0,2019
486,2019,Dolj,Colegiul Economic Bogdan Voda,Rural,M,10.0,5.44,7.13,8.58,6.22,6.99,1,0,2019
487,2019,Braila,Liceul Pedagogic Regina Maria,Rural,M,8.83,5.08,5.03,9.54,8.0,6.55,1,0,2019
488,2019,Maramures,Colegiul Tehnic Lucian Blaga,Rural,M,8.63,7.43,5.11,6.46,3.81,6.17,0,0,2019
489,2019,Bucuresti,Scoala Nationala Octavian Goga,Rural,M,8.33,3.17,6.26,8.27,5.57,5.74,0,0,2019
490,2019,Timis,Liceul Pedagogic Spiru Haret,Urban,F,8.58,10.0,6.85,7.87,7.43,8.21,1,0,2019
491,2019,Cluj,Colegiul Tehnic Marin Preda,Rural,M,9.44,7.3,7.72,6.05,7.9,7.54,1,0,2019
492,2019,Harghita,Liceul Pedagogic Constantin Brancusi,Urban,M,7.87,7.54,3.7,8.99,8.03,6.71,0,0,2019
493,2019,Bucuresti,Colegiul Tehnic Ion Luca Caragiale,Urban,M,7.36,5.0,5.9,6.94,8.11,6.26,1,0,2019
494,2019,Maramures,Liceul Tehnologic Ioan Slavici,Urban,F,6.62,10.0,2.19,9.43,6.6,6.72,0,0,2019
495,2019,Tulcea,Liceul Tehnologic Onisifor Ghibu,Rural,M,9.5,7.03,8.11,9.25,5.45,7.7,1,0,2019
496,2019,Ialomita,Colegiul National Constantin Brancusi,Rural,F,8.05,9.23,8.1,7.31,7.49,8.22,1,0,2019
497,2019,Calarasi,Liceul Teoretic Ioan Slavici,Urban,F,7.19,9.54,5.78,9.84,9.06,8.15,1,0,2019
498,2019,Bucuresti,Colegiul National Nicolae Balcescu,Urban,F,7.64,8.64,6.87,7.86,5.91,7.48,1,0,2019
499,2019,Ilfov,Scoala Nationala Stefan cel Mare,Rural,M,7.8,10.0,8.79,9.65,6.48,8.84,1,0,2019
500,2019,Alba,Liceul de Arte Octavian Goga,Rural,F,9.77,7.77,7.56,6.51,7.64,7.7,1,0,2019
501,2019,Maramures,Colegiul National Octavian Goga,Urban,F,8.14,6.83,5.12,7.61,6.89,6.57,1,0,2019
502,2019,Suceava,Liceul Tehnologic Lucian Blaga,Urban,F,9.18,7.15,4.63,8.88,6.61,6.78,0,0,2019
503,2019,Constanta,Colegiul National Alexandru Ioan Cuza,Urban,M,8.38,6.8,5.0,7.34,8.37,6.73,1,0,2019
504,2019,Braila,Liceul Teoretic Marin Preda,Urban,F,7.18,6.56,8.27,5.99,4.22,6.7,0,0,2019
505,2019,Maramures,Colegiul National Decebal,Rural,F,6.84,5.43,3.47,6.17,7.38,5.39,0,0,2019
506,2019,Arad,Liceul Teoretic Traian,Urban,F,7.59,7.55,10.0,6.68,7.68,8.18,1,0,2019
507,2019,Buzau,Colegiul Economic Bogdan Voda,Urban,M,10.0,5.71,5.33,7.09,7.71,6.53,0,1,2019
508,2019,Vrancea,Liceul Teoretic Ion Luca Caragiale,Rural,F,4.9,8.97,1.0,1.96,5.41,4.59,0,0,2019
509,2019,Botosani,Scoala Nationala Stefan cel Mare,Urban,M,6.62,5.75,7.4,7.61,7.89,6.93,1,0,2019
510,2019,Mures,Colegiul Tehnic Elena Cuza,Urban,F,3.6,5.46,3.84,6.76,6.03,5.07,0,0,2019
511,2019,Alba,Liceul Sportiv Ioan Slavici,Urban,F,8.72,3.65,6.3,8.15,10.0,6.58,0,0,2019
512,2019,Bihor,Colegiul Tehnic Constantin Brancusi,Rural,F,6.33,7.05,1.63,3.49,8.09,4.97,0,0,2019
513,2019,Bacau,Liceul Pedagogic Marin Preda,Urban,F,9.25,4.53,7.29,10.0,7.76,7.14,0,1,2019
514,2019,Brasov,Liceul Tehnologic Bogdan Voda,Urban,M,7.99,7.02,2.9,9.5,5.9,6.08,0,1,2019
515,2019,Olt,Liceul de Arte Ion Barbu,Rural,F,9.54,7.08,5.0,9.23,6.16,6.89,1,0,2019
516,2019,Brasov,Colegiul Economic Elena Cuza,Urban,M,8.58,7.05,2.96,7.48,10.0,6.48,0,0,2019
517,2019,Calarasi,Liceul Tehnologic Vasile Alecsandri,Urban,M,8.29,7.55,8.46,7.56,9.38,8.17,1,0,2019
518,2019,Vaslui,Colegiul Economic Onisifor Ghibu,Urban,M,7.47,7.11,8.3,7.84,8.37,7.8,1,0,2019
519,2019,Arad,Liceul Tehnologic Mihai Viteazul,Rural,M,5.31,8.26,5.31,1.88,3.68,5.44,0,0,2019
520,2019,Olt,Scoala Nationala Onisifor Ghibu,Urban,F,4.77,6.82,4.94,5.56,6.88,5.87,0,0,2019
521,2019,Dambovita,Scoala Nationala Elena Cuza,Rural,M,7.68,2.33,2.27,8.7,8.35,4.71,0,0,2019
522,2019,Satu Mare,Scoala Nationala Ana Ipatescu,Urban,M,7.88,4.26,6.59,9.77,8.09,6.72,0,0,2019
523,2019,Sibiu,Liceul Teoretic Onisifor Ghibu,Rural,M,6.53,7.39,5.14,8.79,6.42,6.69,1,0,2019
524,2019,Dolj,Scoala Nationala Mircea cel Batran,Urban,F,7.04,8.3,7.68,6.7,7.17,7.58,1,0,2019
525,2019,Dolj,Liceul Teoretic Grigore Moisil,Urban,F,6.45,8.89,7.01,6.9,8.81,7.77,1,0,2019
526,2019,Hunedoara,Liceul Teoretic Tudor Vladimirescu,Urban,F,7.45,9.2,9.56,6.8,8.87,8.72,1,0,2019
527,2019,Timis,Liceul Pedagogic Ana Ipatescu,Urban,M,5.98,8.36,6.62,8.0,8.61,7.58,1,0,2019
528,2019,Covasna,Colegiul National Ion Barbu,Rural,F,7.74,10.0,7.86,6.56,6.45,8.08,1,0,2019
529,2019,Prahova,Liceul de Arte Elena Cuza,Urban,M,8.07,6.71,7.56,8.42,8.29,7.59,1,0,2019
530,2019,Botosani,Liceul Pedagogic Traian,Rural,F,5.78,6.95,8.23,5.37,10.0,7.44,1,0,2019
531,2019,Arges,Colegiul Economic Vasile Alecsandri,Rural,F,7.14,6.46,6.74,8.89,8.13,7.23,1,0,2019
532,2019,Constanta,Liceul Sportiv Ion Barbu,Urban,M,4.28,10.0,6.82,5.88,7.28,7.45,0,0,2019
533,2019,Botosani,Liceul Teoretic Onisifor Ghibu,Rural,F,7.38,5.07,6.04,5.35,5.59,5.71,1,0,2019
534,2019,Vaslui,Scoala Nationala Spiru Haret,Rural,F,8.78,7.69,5.92,8.66,7.43,7.37,1,0,2019
535,2019,Neamt,Liceul Tehnologic Elena Cuza,Rural,F,5.66,4.47,7.98,8.29,7.37,6.65,0,0,2019
536,2019,Braila,Liceul de Arte Ion Luca Caragiale,Urban,M,9.1,5.42,6.93,6.99,8.52,6.94,1,0,2019
537,2019,Valcea,Liceul de Arte Octavian Goga,Rural,M,7.73,5.63,6.79,8.16,8.07,6.93,1,0,2019
538,2019,Braila,Scoala Nationala Octavian Goga,Urban,M,7.97,3.49,5.46,3.43,9.47,5.42,0,0,2019
539,2019,Hunedoara,Colegiul Tehnic Stefan cel Mare,Rural,M,5.36,8.91,4.03,4.79,4.13,5.76,0,0,2019
540,2019,Braila,Scoala Nationala Traian,Rural,M,5.75,6.6,4.54,3.12,1.94,4.68,0,0,2019
541,2019,Brasov,Colegiul Economic Bogdan Voda,Rural,M,7.46,5.28,4.38,7.82,8.75,6.13,0,0,2019
542,2019,Gorj,Liceul Teoretic Mihai Eminescu,Rural,F,4.33,5.72,6.7,3.92,6.85,5.77,0,1,2019
543,2019,Constanta,Liceul Pedagogic Ioan Slavici,Urban,M,8.55,3.51,4.6,5.71,7.18,5.22,0,0,2019
544,2019,Gorj,Liceul Sportiv Vasile Alecsandri,Urban,M,8.27,9.69,7.02,6.35,9.07,8.15,1,0,2019
545,2019,Timis,Colegiul Tehnic Ion Luca Caragiale,Rural,M,4.62,7.72,8.21,10.0,8.09,7.95,0,0,2019
546,2019,Gorj,Colegiul Economic Emil Racovita,Rural,F,8.96,5.24,3.06,8.12,7.24,5.69,0,0,2019
547,2019,Timis,Liceul Sportiv Ion Barbu,Urban,M,8.45,8.47,7.43,9.38,9.33,8.42,1,0,2019
548,2019,Bucuresti,Scoala Nationala Spiru Haret,Rural,M,4.87,8.51,2.97,7.04,4.71,5.69,0,0,2019
549,2019,Constanta,Liceul Tehnologic Avram Iancu,Urban,F,8.86,7.2,7.21,7.92,6.16,7.32,1,0,2019
550,2019,Brasov,Liceul Tehnologic Avram Iancu,Urban,F,6.96,8.54,9.72,5.83,8.94,8.39,1,0,2019
551,2019,Galati,Colegiul National Ioan Slavici,Urban,F,8.18,6.61,7.0,8.37,7.48,7.28,1,0,2019
552,2019,Bucuresti,Scoala Nationala Marin Preda,Rural,M,8.15,6.93,5.0,8.51,7.65,6.82,1,0,2019
553,2019,Hunedoara,Scoala Nationala Avram Iancu,Urban,M,10.0,8.97,8.56,9.03,8.32,8.86,1,0,2019
554,2019,Teleorman,Liceul de Arte Lucian Blaga,Urban,F,7.53,8.31,6.55,8.81,7.9,7.72,1,0,2019
555,2019,Covasna,Scoala Nationala Ion Barbu,Rural,M,6.75,7.93,3.31,10.0,2.76,5.96,0,0,2019
556,2019,Brasov,Colegiul Tehnic Nicolae Balcescu,Rural,F,6.14,7.14,6.89,6.31,6.29,6.71,1,0,2019
557,2019,Brasov,Scoala Nationala Ion Barbu,Urban,M,8.17,7.08,9.13,8.63,8.57,8.26,1,0,2019
558,2019,Sibiu,Colegiul Tehnic Lucian Blaga,Rural,F,6.24,7.71,3.25,9.77,4.61,6.07,0,1,2019
559,2019,Calarasi,Liceul Teoretic Stefan cel Mare,Rural,M,7.45,7.98,4.34,8.12,3.94,6.25,0,0,2019
560,2019,Neamt,Colegiul Economic Mircea cel Batran,Rural,F,9.42,2.62,4.29,5.93,8.02,5.11,0,0,2019
561,2019,Arad,Colegiul National Avram Iancu,Urban,F,8.8,7.51,5.0,10.0,8.35,7.39,1,0,2019
562,2019,Timis,Colegiul Economic Tudor Vladimirescu,Urban,M,7.34,9.15,8.35,8.76,6.17,8.22,1,0,2019
563,2019,Mehedinti,Scoala Nationala Mihai Eminescu,Urban,F,9.37,7.28,8.19,9.85,9.2,8.44,1,0,2019
564,2019,Vrancea,Liceul Teoretic Marin Preda,Urban,M,6.07,6.54,2.24,8.03,8.24,5.68,0,1,2019
565,2019,Valcea,Colegiul Economic Ion Barbu,Urban,M,7.69,3.36,9.23,6.33,7.1,6.56,0,0,2019
566,2019,Teleorman,Scoala Nationala Octavian Goga,Urban,M,7.17,9.06,2.82,7.17,6.81,6.38,0,0,2019
567,2019,Alba,Colegiul National Unirea,Urban,M,10.0,6.1,8.47,8.04,9.27,7.97,1,0,2019
568,2019,Teleorman,Liceul de Arte Stefan cel Mare,Urban,F,8.43,7.7,7.96,6.05,8.4,7.71,1,0,2019
569,2019,Sibiu,Liceul Pedagogic Stefan cel Mare,Urban,F,7.78,7.15,9.12,8.28,9.91,8.39,1,0,2019
570,2019,Tulcea,Scoala Nationala Constantin Brancusi,Rural,M,3.03,6.49,6.97,7.84,10.0,7.02,0,0,2019
571,2019,Galati,Liceul de Arte Marin Preda,Urban,M,7.12,7.44,7.79,9.72,6.49,7.71,1,0,2019
572,2019,Dolj,Liceul de Arte Mihai Viteazul,Urban,M,9.93,5.62,7.98,8.31,8.21,7.55,1,0,2019
573,2019,Vrancea,Liceul de Arte Emil Racovita,Rural,M,9.57,8.12,6.15,8.4,5.83,7.37,1,0,2019
574,2019,Neamt,Colegiul Economic Gheorghe Sincai,Urban,F,6.27,4.4,4.9,7.06,7.44,5.59,0,0,2019
575,2019,Satu Mare,Scoala Nationala Vasile Alecsandri,Urban,F,8.34,6.66,5.78,8.07,9.29,7.17,1,0,2019
576,2019,Valcea,Scoala Nationala Stefan cel Mare,Urban,F,8.95,8.04,5.93,9.59,7.76,7.69,1,0,2019
577,2019,Bucuresti,Scoala Nationala Mircea cel Batran,Urban,F,8.1,7.15,6.12,10.0,9.13,7.66,0,1,2019
578,2019,Mehedinti,Liceul Pedagogic Traian,Rural,F,8.26,6.62,7.82,7.48,6.45,7.25,0,1,2019
579,2019,Buzau,Liceul Pedagogic Ioan Slavici,Urban,F,9.71,7.23,5.0,7.56,6.12,6.69,1,0,2019
580,2019,Sibiu,Colegiul Tehnic Grigore Moisil,Urban,F,8.26,7.52,8.21,5.86,7.06,7.48,0,1,2019
581,2019,Calarasi,Liceul Tehnologic Spiru Haret,Rural,F,4.92,7.8,6.74,7.44,6.4,6.93,0,0,2019
582,2019,Arges,Liceul de Arte Alexandru Ioan Cuza,Urban,F,8.18,9.89,8.49,7.44,6.72,8.46,1,0,2019
583,2019,Covasna,Liceul Sportiv Ana Ipatescu,Urban,M,7.03,8.28,6.82,8.4,9.31,7.89,1,0,2019
584,2019,Hunedoara,Liceul Pedagogic Ion Barbu,Urban,M,8.14,5.21,6.72,5.19,6.55,6.15,1,0,2019
585,2019,Tulcea,Liceul Teoretic Ion Luca Caragiale,Urban,M,9.04,8.43,7.91,7.36,9.02,8.26,1,0,2019
586,2019,Dambovita,Liceul Sportiv Emil Racovita,Urban,F,6.63,10.0,6.79,8.5,6.06,7.88,1,0,2019
587,2019,Valcea,Colegiul Tehnic George Cosbuc,Urban,M,8.12,6.97,5.64,8.13,6.79,6.83,1,0,2019
588,2019,Giurgiu,Liceul Teoretic Bogdan Voda,Urban,F,6.95,8.33,7.26,7.1,8.14,7.66,1,0,2019
589,2019,Ialomita,Colegiul Tehnic Unirea,Rural,F,9.38,7.66,7.26,9.38,7.72,7.98,1,0,2019
590,2019,Mures,Liceul Tehnologic Ioan Slavici,Urban,F,8.48,7.11,6.93,7.53,8.38,7.45,1,0,2019
591,2019,Arges,Liceul Tehnologic Ion Luca Caragiale,Rural,F,8.58,4.3,7.51,4.25,7.58,6.18,0,0,2019
592,2019,Tulcea,Liceul Pedagogic George Cosbuc,Rural,M,9.42,6.22,5.8,7.51,8.2,6.9,1,0,2019
593,2019,Valcea,Colegiul Economic Decebal,Rural,M,7.13,8.73,6.77,10.0,7.95,8.06,1,0,2019
594,2019,Vaslui,Liceul Pedagogic Avram Iancu,Rural,F,7.34,8.76,10.0,8.15,8.3,8.83,1,0,2019
595,2019,Prahova,Liceul Tehnologic Vasile Alecsandri,Urban,F,7.78,7.09,5.2,7.69,7.04,6.67,1,0,2019
596,2019,Suceava,Liceul Tehnologic Decebal,Rural,F,8.08,6.29,10.0,9.08,7.79,8.23,1,0,2019
597,2019,Satu Mare,Scoala Nationala Ion Luca Caragiale,Rural,M,6.01,4.21,7.79,9.11,4.7,6.27,0,0,2019
598,2019,Valcea,Colegiul Economic Ion Luca Caragiale,Urban,F,8.56,6.15,5.0,9.94,7.41,6.8,1,0,2019
599,2019,Arges,Liceul Sportiv Emil Racovita,Rural,F,5.4,6.38,1.89,4.37,7.74,4.84,0,0,2019
600,2019,Tulcea,Colegiul Tehnic Regina Maria,Urban,F,8.45,6.29,4.06,5.45,4.47,5.44,0,0,2019
601,2019,Mures,Colegiul National Unirea,Urban,F,8.9,9.19,7.99,7.66,5.52,8.02,1,0,2019
602,2019,Suceava,Liceul de Arte Dimitrie Cantemir,Urban,M,9.8,8.91,7.56,9.52,9.33,8.75,1,0,2019
603,2019,Buzau,Scoala Nationala Dimitrie Cantemir,Urban,M,9.12,6.19,9.26,9.08,6.74,7.92,1,0,2019
604,2019,Vrancea,Colegiul Economic Traian,Urban,M,8.36,7.01,8.78,8.87,4.48,7.58,0,0,2019
605,2019,Ilfov,Liceul de Arte Onisifor Ghibu,Urban,F,9.05,6.63,6.37,6.82,10.0,7.33,1,0,2019
606,2019,Braila,Liceul Sportiv Emil Racovita,Rural,M,7.48,1.42,7.34,8.34,7.05,5.68,0,0,2019
607,2019,Sibiu,Colegiul National Avram Iancu,Urban,F,7.33,8.91,7.06,8.06,6.72,7.74,1,0,2019
608,2019,Bucuresti,Colegiul Economic George Cosbuc,Urban,F,7.7,9.01,5.58,9.67,9.75,8.06,1,0,2019
609,2019,Dambovita,Colegiul Economic Decebal,Urban,M,9.53,7.21,7.02,3.43,4.83,6.46,0,0,2019
610,2019,Bacau,Liceul Sportiv Mihai Eminescu,Rural,M,7.88,7.49,10.0,9.61,8.19,8.7,1,0,2019
611,2019,Suceava,Scoala Nationala Elena Cuza,Urban,F,10.0,8.41,5.0,7.12,8.28,7.33,1,0,2019
612,2019,Calarasi,Liceul Tehnologic George Cosbuc,Rural,F,4.23,5.74,7.21,4.08,8.5,6.2,0,0,2019
613,2019,Iasi,Colegiul National Spiru Haret,Rural,F,7.88,4.93,5.29,9.54,7.87,6.47,0,0,2019
614,2019,Timis,Liceul de Arte Marin Preda,Urban,M,7.61,6.57,6.36,6.33,4.9,6.32,0,0,2019
615,2019,Constanta,Liceul Tehnologic Dimitrie Cantemir,Urban,F,7.82,7.72,6.08,5.95,6.67,6.82,0,1,2019
616,2019,Sibiu,Liceul Pedagogic Ana Ipatescu,Urban,M,9.35,10.0,5.0,9.28,8.27,8.07,1,0,2019
617,2019,Tulcea,Liceul Sportiv Onisifor Ghibu,Urban,F,9.75,8.29,10.0,10.0,6.83,8.99,1,0,2019
618,2019,Ialomita,Colegiul National Mihai Viteazul,Rural,F,9.15,8.06,7.96,7.93,7.65,8.06,1,0,2019
619,2019,Bihor,Colegiul Tehnic Emil Racovita,Urban,M,7.63,6.56,5.95,8.97,7.04,6.92,1,0,2019
620,2019,Iasi,Colegiul Tehnic Octavian Goga,Urban,F,7.78,8.34,5.77,7.25,9.89,7.58,1,0,2019
621,2019,Ialomita,Liceul de Arte Stefan cel Mare,Urban,M,5.42,4.0,6.41,7.27,8.87,6.09,0,0,2019
622,2019,Salaj,Liceul Pedagogic Stefan cel Mare,Rural,F,9.46,10.0,6.47,8.16,7.24,8.2,1,0,2019
623,2019,Dolj,Liceul Teoretic Regina Maria,Rural,F,7.66,6.68,8.1,5.72,9.81,7.53,1,0,2019
624,2019,Salaj,Colegiul National Grigore Moisil,Rural,M,7.21,8.46,6.7,6.97,6.56,7.3,1,0,2019
625,2019,Salaj,Liceul Pedagogic Mihai Viteazul,Rural,M,7.9,6.8,10.0,7.34,5.0,7.68,1,0,2019
626,2019,Sibiu,Colegiul National Ion Luca Caragiale,Urban,F,8.78,7.93,9.71,7.01,6.99,8.27,1,0,2019
627,2019,Satu Mare,Liceul Tehnologic Constantin Brancusi,Rural,F,8.2,5.03,5.0,6.47,6.7,5.8,1,0,2019
628,2019,Prahova,Colegiul Economic Unirea,Urban,F,7.74,7.78,7.97,8.49,7.82,7.95,1,0,2019
629,2019,Ilfov,Colegiul Tehnic Gheorghe Sincai,Rural,F,8.89,7.39,6.78,8.46,8.29,7.65,1,0,2019
630,2019,Vrancea,Colegiul Economic Elena Cuza,Urban,F,8.06,10.0,4.41,8.08,6.05,7.25,0,0,2019
631,2019,Mehedinti,Colegiul Tehnic Ion Barbu,Urban,F,6.44,7.61,6.49,10.0,7.13,7.44,1,0,2019
632,2019,Giurgiu,Colegiul Tehnic Ioan Slavici,Rural,M,8.37,8.35,4.49,6.21,4.87,6.35,0,0,2019
633,2019,Satu Mare,Scoala Nationala Traian,Rural,F,5.3,7.02,2.8,5.71,4.41,4.99,0,0,2019
634,2019,Harghita,Liceul Teoretic Elena Cuza,Urban,M,8.37,10.0,3.52,4.05,6.78,6.52,0,1,2019
635,2019,Satu Mare,Liceul Pedagogic Marin Preda,Rural,F,7.45,6.65,6.88,7.2,9.87,7.36,1,0,2019
636,2019,Timis,Liceul Teoretic Marin Preda,Rural,F,6.08,6.32,6.82,5.38,2.71,5.76,0,1,2019
637,2019,Constanta,Liceul Pedagogic Marin Preda,Urban,M,7.4,8.85,6.77,8.56,10.0,8.21,1,0,2019
638,2019,Sibiu,Colegiul Economic Decebal,Urban,M,8.76,9.09,6.18,8.0,7.68,7.81,1,0,2019
639,2019,Bucuresti,Liceul de Arte Dimitrie Cantemir,Rural,M,7.91,6.98,4.48,5.52,4.0,5.66,0,0,2019
640,2019,Bihor,Liceul Pedagogic Elena Cuza,Urban,F,10.0,7.02,7.25,8.3,10.0,8.03,1,0,2019
641,2019,Mehedinti,Liceul de Arte Spiru Haret,Urban,F,10.0,7.91,8.66,7.67,8.44,8.39,1,0,2019
642,2019,Olt,Colegiul Tehnic Bogdan Voda,Urban,F,7.46,5.48,7.78,8.31,8.75,7.28,0,1,2019
643,2019,Bistrita-Nasaud,Liceul Sportiv Traian,Urban,F,7.58,6.39,5.66,8.59,7.76,6.83,1,0,2019
644,2019,Mehedinti,Liceul Tehnologic George Cosbuc,Urban,M,6.01,6.26,4.65,4.43,10.0,6.04,0,0,2019
645,2019,Harghita,Liceul Tehnologic Ioan Slavici,Urban,M,9.35,8.84,6.77,7.91,9.14,8.18,1,0,2019
646,2019,Calarasi,Liceul de Arte Grigore Moisil,Urban,M,9.41,10.0,5.0,8.39,7.23,7.78,1,0,2019
647,2019,Teleorman,Scoala Nationala Avram Iancu,Rural,M,6.07,7.72,7.86,7.64,9.64,7.87,1,0,2019
648,2019,Bucuresti,Scoala Nationala Octavian Goga,Rural,F,7.77,3.97,8.6,5.35,8.22,6.58,0,0,2019
649,2019,Dambovita,Liceul Pedagogic Ioan Slavici,Rural,F,9.62,7.32,7.87,8.44,9.05,8.14,1,0,2019
650,2019,Alba,Liceul Pedagogic Mihai Viteazul,Urban,M,9.1,7.01,8.0,8.14,6.54,7.62,1,0,2019
651,2019,Salaj,Colegiul Economic Emil Racovita,Rural,F,3.11,8.87,3.83,6.86,5.09,5.91,0,1,2019
652,2019,Timis,Colegiul Economic Alexandru Ioan Cuza,Urban,F,6.36,8.83,6.88,8.12,7.4,7.68,1,0,2019
653,2019,Maramures,Colegiul Tehnic Ion Luca Caragiale,Rural,F,6.27,6.84,6.65,3.18,5.32,5.95,0,0,2019
654,2019,Giurgiu,Colegiul Economic Stefan cel Mare,Urban,M,7.24,7.46,2.73,5.89,6.1,5.58,0,0,2019
655,2019,Brasov,Liceul Sportiv Stefan cel Mare,Rural,M,5.82,6.36,7.3,9.91,7.26,7.26,1,0,2019
656,2019,Buzau,Liceul Teoretic Octavian Goga,Urban,M,8.0,8.94,6.27,8.74,7.68,7.83,1,0,2019
657,2019,Olt,Liceul Sportiv Stefan cel Mare,Rural,F,7.87,5.81,6.16,6.41,9.28,6.73,1,0,2019
658,2019,Harghita,Colegiul National Lucian Blaga,Rural,F,6.61,7.1,9.1,8.51,10.0,8.3,1,0,2019
659,2019,Buzau,Liceul Sportiv Avram Iancu,Urban,M,6.71,9.73,8.02,7.43,9.26,8.5,1,0,2019
660,2019,Galati,Colegiul Tehnic Tudor Vladimirescu,Rural,M,4.68,3.74,1.0,5.17,6.72,3.67,0,0,2019
661,2019,Arges,Colegiul Tehnic Mihai Viteazul,Urban,M,8.68,7.27,7.06,8.57,7.43,7.57,1,0,2019
662,2019,Harghita,Scoala Nationala Ion Luca Caragiale,Rural,F,9.18,6.89,8.51,6.61,6.26,7.47,1,0,2019
663,2019,Satu Mare,Colegiul Tehnic Vasile Alecsandri,Rural,F,5.88,8.15,5.0,7.72,5.64,6.54,1,0,2019
664,2019,Neamt,Liceul Teoretic Tudor Vladimirescu,Urban,F,3.47,6.84,5.83,8.32,8.74,6.71,0,0,2019
665,2019,Vaslui,Liceul de Arte Onisifor Ghibu,Rural,F,7.39,8.23,5.4,7.31,8.99,7.27,1,0,2019
666,2019,Calarasi,Colegiul National Nicolae Balcescu,Urban,M,8.08,8.33,6.1,6.12,9.93,7.54,1,0,2019
667,2019,Buzau,Colegiul Tehnic Lucian Blaga,Rural,M,7.61,3.59,4.63,6.71,9.81,5.7,0,0,2019
668,2019,Iasi,Colegiul Economic Marin Preda,Rural,F,1.95,8.35,8.68,5.31,5.84,6.98,0,0,2019
669,2019,Salaj,Liceul Sportiv Stefan cel Mare,Rural,M,6.77,6.33,7.05,8.57,4.9,6.71,0,0,2019
670,2019,Hunedoara,Scoala Nationala Avram Iancu,Rural,F,7.95,9.47,7.19,6.97,6.3,7.78,1,0,2019
671,2019,Buzau,Liceul Sportiv Mihai Eminescu,Urban,M,7.36,9.95,5.82,7.17,6.13,7.46,1,0,2019
672,2019,Cluj,Colegiul Tehnic Lucian Blaga,Rural,M,8.86,10.0,6.59,6.66,6.47,7.83,1,0,2019
673,2019,Teleorman,Scoala Nationala Ioan Slavici,Rural,F,3.29,7.89,5.9,7.31,4.98,6.31,0,0,2019
674,2019,Hunedoara,Liceul Tehnologic Avram Iancu,Urban,F,7.06,6.26,8.35,4.15,10.0,7.21,0,0,2019
675,2019,Constanta,Liceul Sportiv Ion Luca Caragiale,Urban,M,8.64,8.0,6.8,5.33,9.88,7.59,1,0,2019
676,2019,Vaslui,Liceul Teoretic Mihai Eminescu,Urban,F,8.78,5.11,1.0,3.7,6.74,4.28,0,0,2019
677,2019,Bistrita-Nasaud,Colegiul Economic Ion Barbu,Urban,M,8.62,8.15,6.74,9.23,5.91,7.6,1,0,2019
678,2019,Bacau,Liceul Teoretic Ion Barbu,Rural,F,6.04,7.91,4.25,4.87,5.18,5.76,0,1,2019
679,2019,Suceava,Colegiul Tehnic Stefan cel Mare,Urban,M,9.17,9.17,6.88,7.16,10.0,8.31,1,0,2019
680,2019,Dolj,Scoala Nationala Dimitrie Cantemir,Urban,M,6.12,6.36,3.61,8.82,10.0,6.43,0,0,2019
681,2019,Tulcea,Liceul Teoretic Avram Iancu,Urban,F,9.94,9.2,5.78,6.58,3.99,7.07,0,0,2019
682,2019,Sibiu,Liceul Sportiv Regina Maria,Urban,F,10.0,7.84,7.65,9.46,5.25,7.85,1,0,2019
683,2019,Hunedoara,Colegiul Economic Onisifor Ghibu,Urban,M,7.77,8.89,7.84,8.52,8.2,8.3,1,0,2019
684,2019,Hunedoara,Scoala Nationala Regina Maria,Rural,M,8.84,7.78,6.2,4.6,6.39,6.73,0,0,2019
685,2019,Olt,Liceul Pedagogic Decebal,Urban,F,7.0,7.49,5.41,7.42,10.0,7.18,1,0,2019
686,2019,Braila,Colegiul Tehnic Stefan cel Mare,Rural,F,8.74,9.69,2.53,8.72,4.95,6.59,0,0,2019
687,2019,Timis,Liceul Teoretic Nicolae Balcescu,Urban,M,6.9,9.14,9.43,6.26,7.76,8.36,1,0,2019
688,2019,Buzau,Colegiul Tehnic Gheorghe Sincai,Urban,F,7.21,7.2,7.16,3.18,6.81,6.53,0,0,2019
689,2019,Tulcea,Liceul Sportiv Avram Iancu,Rural,M,8.65,7.24,6.09,4.09,5.64,6.32,0,0,2019
690,2019,Tulcea,Colegiul National Spiru Haret,Rural,F,8.54,6.48,7.05,9.86,8.48,7.66,1,0,2019
691,2019,Bacau,Colegiul Economic Dimitrie Cantemir,Rural,F,7.25,4.09,1.0,6.18,5.75,4.04,0,0,2019
692,2019,Valcea,Colegiul National Octavian Goga,Rural,M,6.85,5.76,1.69,4.71,7.35,4.73,0,0,2019
693,2019,Tulcea,Colegiul National Bogdan Voda,Urban,F,10.0,6.82,6.89,8.82,5.54,7.27,1,0,2019
694,2019,Olt,Colegiul Economic Octavian Goga,Rural,M,7.69,4.92,2.33,6.79,7.0,5.01,0,0,2019
695,2019,Bistrita-Nasaud,Liceul Pedagogic George Cosbuc,Urban,M,8.74,10.0,5.0,9.44,8.32,8.04,1,0,2019
696,2019,Neamt,Scoala Nationala Stefan cel Mare,Rural,F,7.59,7.32,9.05,9.25,8.28,8.3,1,0,2019
697,2019,Tulcea,Colegiul Tehnic Alexandru Ioan Cuza,Urban,M,7.73,8.82,6.51,9.54,6.32,7.75,1,0,2019
698,2019,Neamt,Colegiul Economic Dimitrie Cantemir,Urban,M,10.0,8.25,7.7,10.0,9.4,8.7,1,0,2019
699,2019,Constanta,Liceul Pedagogic Avram Iancu,Urban,M,7.63,7.32,9.02,7.81,6.1,7.75,0,1,2019
700,2019,Olt,Colegiul Tehnic Stefan cel Mare,Rural,F,1.26,5.72,3.38,6.59,5.27,4.64,0,0,2019
701,2019,Brasov,Liceul Tehnologic Grigore Moisil,Rural,F,9.11,5.4,1.0,6.18,6.54,4.74,0,0,2019
702,2019,Brasov,Scoala Nationala Stefan cel Mare,Urban,F,8.06,7.04,9.79,8.09,6.75,8.08,1,0,2019
703,2019,Suceava,Liceul Tehnologic Elena Cuza,Rural,M,7.19,5.19,4.84,2.54,3.95,4.7,0,0,2019
704,2019,Suceava,Liceul Pedagogic Nicolae Balcescu,Urban,F,8.28,10.0,6.38,8.08,8.54,8.24,1,0,2019
705,2019,Alba,Liceul de Arte Grigore Moisil,Urban,M,8.38,6.53,5.29,10.0,6.73,6.89,1,0,2019
706,2019,Gorj,Colegiul Economic Ion Luca Caragiale,Rural,M,7.32,6.29,3.21,6.58,8.45,5.84,0,0,2019
707,2019,Salaj,Scoala Nationala Constantin Brancusi,Rural,M,6.18,5.84,6.87,9.18,5.14,6.58,1,0,2019
708,2019,Arges,Colegiul Economic Spiru Haret,Urban,F,7.74,7.75,5.81,7.7,7.07,7.06,1,0,2019
709,2019,Iasi,Scoala Nationala Gheorghe Sincai,Rural,F,5.54,6.31,2.89,9.14,3.69,5.24,0,0,2019
710,2019,Maramures,Scoala Nationala Gheorghe Sincai,Rural,M,6.79,4.32,6.85,5.87,5.36,5.71,0,1,2019
711,2019,Mehedinti,Colegiul Tehnic Dimitrie Cantemir,Rural,F,8.47,6.72,7.63,7.28,7.43,7.36,1,0,2019
712,2019,Buzau,Liceul Sportiv Traian,Urban,F,8.17,10.0,7.31,8.39,7.15,8.34,1,0,2019
713,2019,Braila,Liceul Tehnologic Octavian Goga,Urban,M,8.58,4.78,4.76,7.98,10.0,6.42,0,0,2019
714,2019,Braila,Liceul Tehnologic Lucian Blaga,Urban,M,7.91,8.06,5.98,10.0,7.32,7.6,1,0,2019
715,2019,Teleorman,Liceul Tehnologic Spiru Haret,Rural,F,7.02,7.64,10.0,6.78,10.0,8.51,1,0,2019
716,2019,Hunedoara,Liceul Sportiv Spiru Haret,Rural,F,8.98,6.67,1.0,5.81,10.0,5.57,0,0,2019
717,2019,Giurgiu,Colegiul National Onisifor Ghibu,Urban,F,7.28,8.99,9.23,7.57,5.48,8.15,1,0,2019
718,2019,Valcea,Colegiul National Marin Preda,Urban,F,7.48,8.23,6.98,7.5,9.02,7.79,1,0,2019
719,2019,Satu Mare,Liceul de Arte Avram Iancu,Urban,M,6.76,3.99,5.97,7.26,7.29,5.85,0,0,2019
720,2019,Braila,Colegiul National Regina Maria,Urban,F,9.51,6.57,5.95,9.57,8.48,7.41,1,0,2019
721,2019,Mures,Colegiul Tehnic George Cosbuc,Urban,M,8.67,7.65,10.0,5.91,5.63,7.89,1,0,2019
722,2019,Olt,Liceul Sportiv Ana Ipatescu,Rural,F,6.2,6.89,5.0,7.66,6.62,6.33,1,0,2019
723,2019,Mehedinti,Liceul de Arte Tudor Vladimirescu,Rural,M,6.09,8.89,8.3,5.86,2.81,7.07,0,0,2019
724,2019,Valcea,Colegiul National Ion Luca Caragiale,Urban,M,7.34,6.25,6.87,7.94,5.82,6.73,1,0,2019
725,2019,Prahova,Scoala Nationala Traian,Rural,F,9.13,5.0,9.01,8.41,5.0,7.13,1,0,2019
726,2019,Arges,Colegiul National Stefan cel Mare,Urban,F,7.38,10.0,7.79,5.78,5.0,7.69,1,0,2019
727,2019,Mehedinti,Liceul Tehnologic Dimitrie Cantemir,Rural,M,9.11,8.41,5.0,8.55,8.8,7.54,1,0,2019
728,2019,Bacau,Liceul Sportiv George Cosbuc,Rural,M,5.67,5.62,5.21,1.0,2.15,4.29,0,0,2019
729,2019,Teleorman,Liceul Tehnologic Constantin Brancusi,Urban,F,8.31,8.4,8.84,8.37,6.58,8.25,1,0,2019
730,2019,Constanta,Liceul Tehnologic Elena Cuza,Rural,F,9.1,6.72,7.02,2.21,2.9,5.8,0,0,2019
731,2019,Bucuresti,Scoala Nationala Decebal,Urban,F,8.54,7.3,8.68,7.89,5.26,7.62,1,0,2019
732,2019,Maramures,Liceul Tehnologic Avram Iancu,Urban,F,4.9,7.19,1.34,10.0,7.8,5.72,0,0,2019
733,2019,Mures,Liceul Pedagogic Mircea cel Batran,Urban,M,7.8,9.24,10.0,8.65,8.39,9.11,1,0,2019
734,2019,Braila,Colegiul National Constantin Brancusi,Rural,F,8.97,8.41,7.46,8.69,6.9,8.0,1,0,2019
735,2019,Salaj,Colegiul Tehnic Stefan cel Mare,Urban,F,8.44,6.2,10.0,7.59,10.0,8.34,1,0,2019
736,2019,Satu Mare,Colegiul National Alexandru Ioan Cuza,Urban,F,9.31,7.61,4.96,8.86,4.53,6.71,0,0,2019
737,2019,Covasna,Colegiul National Ioan Slavici,Urban,F,4.58,7.8,4.86,10.0,8.12,6.97,0,0,2019
738,2019,Valcea,Colegiul Economic Avram Iancu,Urban,M,7.94,7.88,4.1,9.96,4.09,6.5,0,1,2019
739,2019,Tulcea,Liceul de Arte Regina Maria,Rural,F,9.64,8.01,7.05,6.58,7.93,7.66,1,0,2019
740,2019,Harghita,Colegiul Economic Ion Barbu,Urban,M,8.81,7.31,8.62,5.99,7.84,7.73,1,0,2019
741,2019,Gorj,Liceul de Arte Ion Luca Caragiale,Urban,F,7.3,8.51,7.3,7.7,9.05,7.99,1,0,2019
742,2019,Covasna,Scoala Nationala George Cosbuc,Rural,M,8.96,7.57,10.0,10.0,6.66,8.67,1,0,2019
743,2019,Valcea,Liceul de Arte Gheorghe Sincai,Rural,M,6.59,6.63,7.96,3.64,2.47,5.95,0,0,2019
744,2019,Iasi,Liceul Sportiv Mihai Viteazul,Rural,M,6.16,3.13,4.67,7.45,4.62,4.77,0,0,2019
745,2019,Dambovita,Colegiul National Constantin Brancusi,Rural,M,4.82,4.73,7.5,3.28,8.04,5.85,0,1,2019
746,2019,Vrancea,Scoala Nationala Emil Racovita,Rural,F,8.63,2.88,10.0,5.82,6.62,6.59,0,0,2019
747,2019,Gorj,Scoala Nationala Lucian Blaga,Urban,F,7.6,9.76,4.9,5.74,9.48,7.44,0,0,2019
748,2019,Ialomita,Liceul Tehnologic Stefan cel Mare,Urban,M,9.03,10.0,7.58,9.75,8.26,8.88,1,0,2019
749,2019,Ialomita,Colegiul National Mircea cel Batran,Rural,F,9.12,10.0,6.0,8.26,5.0,7.7,1,0,2019
750,2019,Buzau,Liceul de Arte Constantin Brancusi,Rural,M,7.4,7.31,9.36,5.04,3.84,7.07,0,0,2019
751,2019,Bacau,Liceul de Arte Traian,Rural,F,9.27,7.4,8.54,9.44,7.04,8.18,1,0,2019
752,2019,Covasna,Liceul de Arte George Cosbuc,Urban,F,3.26,7.48,6.12,8.47,7.17,6.75,0,0,2019
753,2019,Ialomita,Colegiul Economic Avram Iancu,Rural,M,5.71,6.54,7.22,4.33,6.57,6.33,0,0,2019
754,2019,Harghita,Colegiul Economic George Cosbuc,Rural,F,7.47,4.96,4.31,4.02,4.13,4.75,0,1,2019
755,2019,Harghita,Colegiul National Onisifor Ghibu,Urban,F,6.93,8.91,10.0,8.12,7.96,8.78,1,0,2019
756,2019,Bistrita-Nasaud,Scoala Nationala Ioan Slavici,Urban,F,7.39,7.03,7.93,6.26,7.99,7.36,1,0,2019
757,2019,Satu Mare,Liceul Tehnologic Onisifor Ghibu,Rural,F,9.55,4.84,8.18,9.35,4.77,6.98,0,0,2019
758,2019,Suceava,Liceul Sportiv Tudor Vladimirescu,Rural,F,4.77,7.0,4.4,10.0,6.47,6.37,0,0,2019
759,2019,Alba,Liceul Teoretic Lucian Blaga,Urban,F,8.95,6.47,8.49,7.38,8.19,7.72,1,0,2019
760,2019,Arges,Colegiul National Unirea,Urban,M,8.43,6.6,6.33,6.57,4.34,6.36,0,0,2019
761,2019,Covasna,Liceul de Arte Onisifor Ghibu,Urban,F,8.67,10.0,6.21,6.02,7.25,7.72,1,0,2019
762,2019,Brasov,Scoala Nationala Ion Luca Caragiale,Urban,F,9.7,7.26,8.54,7.17,6.84,7.81,1,0,2019
763,2019,Teleorman,Liceul Pedagogic Unirea,Urban,F,8.21,6.81,6.48,6.55,9.65,7.24,1,0,2019
764,2019,Bihor,Colegiul National Ioan Slavici,Urban,M,8.83,8.74,7.25,9.15,10.0,8.55,1,0,2019
765,2019,Bacau,Liceul Tehnologic Elena Cuza,Urban,F,9.39,8.95,5.0,6.69,8.72,7.44,1,0,2019
766,2019,Vaslui,Liceul de Arte Octavian Goga,Rural,M,6.53,9.57,5.78,10.0,10.0,8.26,1,0,2019
767,2019,Constanta,Liceul Sportiv Unirea,Rural,M,6.73,8.37,6.52,5.61,6.68,6.98,1,0,2019
768,2019,Prahova,Liceul Sportiv Mihai Viteazul,Urban,F,9.52,9.16,6.13,7.99,10.0,8.24,1,0,2019
769,2019,Dambovita,Liceul de Arte Tudor Vladimirescu,Urban,M,7.53,8.65,5.44,7.48,5.89,6.99,1,0,2019
770,2019,Ialomita,Colegiul National George Cosbuc,Rural,M,7.68,5.97,3.53,9.03,8.26,6.21,0,0,2019
771,2019,Prahova,Liceul Tehnologic Ion Luca Caragiale,Rural,F,9.01,7.4,6.78,10.0,7.58,7.79,1,0,2019
772,2019,Botosani,Scoala Nationala Constantin Brancusi,Urban,M,7.4,9.32,9.12,7.16,7.59,8.48,1,0,2019
773,2019,Mures,Liceul Sportiv Tudor Vladimirescu,Urban,F,8.39,7.25,7.84,8.85,8.74,8.0,1,0,2019
774,2019,Covasna,Colegiul Economic Unirea,Rural,M,6.45,6.57,7.6,6.15,3.98,6.42,0,0,2019
775,2019,Dolj,Liceul Sportiv Vasile Alecsandri,Urban,M,7.68,7.2,6.59,8.76,9.42,7.63,1,0,2019
776,2019,Prahova,Liceul Pedagogic Tudor Vladimirescu,Urban,F,7.16,8.22,9.28,8.06,7.79,8.34,1,0,2019
777,2019,Botosani,Liceul de Arte Mihai Viteazul,Rural,M,6.16,1.0,2.43,8.32,8.66,4.19,0,0,2019
778,2019,Braila,Colegiul National Onisifor Ghibu,Rural,M,8.67,9.02,7.49,8.31,8.86,8.4,1,0,2019
779,2019,Buzau,Liceul Sportiv Stefan cel Mare,Urban,F,9.28,10.0,5.8,9.36,6.81,8.09,1,0,2019
780,2019,Hunedoara,Colegiul Economic Elena Cuza,Urban,M,5.62,6.07,7.5,9.57,7.2,7.15,1,0,2019
781,2019,Bistrita-Nasaud,Liceul Tehnologic Grigore Moisil,Urban,M,9.45,8.24,5.7,7.61,7.03,7.32,1,0,2019
782,2019,Ilfov,Scoala Nationala Ion Barbu,Rural,M,5.62,6.17,3.61,6.19,6.46,5.39,0,1,2019
783,2019,Arad,Liceul de Arte Elena Cuza,Urban,M,6.99,9.29,7.82,5.97,10.0,8.23,1,0,2019
784,2019,Maramures,Liceul Tehnologic Stefan cel Mare,Urban,F,10.0,6.43,7.73,9.49,9.96,8.17,1,0,2019
785,2019,Ilfov,Liceul Tehnologic Ioan Slavici,Rural,F,7.57,8.88,8.79,7.14,8.86,8.46,1,0,2019
786,2019,Arad,Liceul Tehnologic George Cosbuc,Urban,M,8.1,7.12,8.1,8.06,10.0,8.08,1,0,2019
787,2019,Mures,Colegiul Economic Decebal,Rural,M,7.8,5.0,7.45,7.93,8.39,6.96,1,0,2019
788,2019,Sibiu,Colegiul Tehnic Avram Iancu,Urban,M,7.76,6.65,8.05,8.18,9.24,7.8,1,0,2019
789,2019,Alba,Scoala Nationala Gheorghe Sincai,Urban,M,7.68,7.55,7.1,7.95,7.79,7.52,1,0,2019
790,2019,Teleorman,Liceul Sportiv Elena Cuza,Urban,F,5.8,9.66,7.23,6.81,4.95,7.41,0,1,2019
791,2019,Bistrita-Nasaud,Liceul Pedagogic Constantin Brancusi,Urban,M,6.82,9.45,8.94,6.7,7.92,8.39,1,0,2019
792,2019,Suceava,Liceul Teoretic Bogdan Voda,Rural,F,2.91,3.44,2.65,6.76,5.75,3.99,0,0,2019
793,2019,Harghita,Colegiul National Mihai Viteazul,Rural,M,7.65,5.84,8.12,8.58,5.66,7.09,1,0,2019
794,2019,Satu Mare,Liceul Pedagogic Octavian Goga,Urban,F,8.96,6.17,5.39,7.77,6.51,6.51,1,0,2019
795,2019,Valcea,Colegiul National Mircea cel Batran,Rural,M,1.6,8.39,4.06,6.74,5.64,5.75,0,0,2019
796,2019,Gorj,Liceul Teoretic Ioan Slavici,Rural,M,6.83,7.6,2.94,8.04,4.7,5.76,0,0,2019
797,2019,Giurgiu,Liceul Pedagogic Mihai Eminescu,Urban,M,6.92,7.96,4.81,7.26,6.43,6.58,0,0,2019
798,2019,Vaslui,Liceul Tehnologic Gheorghe Sincai,Rural,M,7.31,2.13,1.57,7.67,8.47,4.26,0,0,2019
799,2019,Suceava,Liceul Tehnologic Decebal,Rural,F,6.71,6.99,7.13,3.0,4.63,6.05,0,0,2019
800,2019,Mures,Liceul Tehnologic Stefan cel Mare,Rural,F,8.23,10.0,5.1,3.83,7.2,7.01,0,0,2019
801,2019,Bacau,Liceul Tehnologic Constantin Brancusi,Rural,M,9.21,7.77,8.3,9.17,7.73,8.28,1,0,2019
802,2019,Harghita,Colegiul Tehnic Tudor Vladimirescu,Urban,M,7.1,9.21,3.66,7.95,4.53,6.44,0,0,2019
803,2019,Galati,Liceul Sportiv Tudor Vladimirescu,Urban,M,9.09,6.54,8.86,8.04,4.8,7.45,0,1,2019
804,2019,Arges,Colegiul Economic Decebal,Urban,M,9.59,9.79,8.05,5.91,6.45,8.16,1,0,2019
805,2019,Ialomita,Colegiul Economic Constantin Brancusi,Urban,M,7.8,5.73,9.75,7.45,2.13,6.86,0,0,2019
806,2019,Vaslui,Liceul Tehnologic Lucian Blaga,Rural,F,7.64,5.7,5.44,5.8,8.01,6.18,1,0,2019
807,2019,Bihor,Liceul Sportiv Marin Preda,Urban,F,9.17,8.07,7.33,9.71,9.11,8.36,1,0,2019
808,2019,Gorj,Colegiul National Decebal,Urban,F,6.64,8.48,5.0,8.38,6.82,6.99,1,0,2019
809,2019,Covasna,Liceul Teoretic George Cosbuc,Rural,M,7.23,5.66,2.13,4.95,4.37,4.46,0,0,2019
810,2019,Cluj,Liceul Sportiv Bogdan Voda,Rural,M,7.07,8.71,6.47,5.08,5.84,6.9,1,0,2019
811,2019,Giurgiu,Liceul de Arte Gheorghe Sincai,Rural,M,7.44,9.22,8.05,9.61,9.2,8.75,1,0,2019
812,2019,Bihor,Colegiul National Gheorghe Sincai,Urban,F,8.59,9.66,5.79,3.3,9.32,7.39,0,0,2019
813,2019,Bihor,Liceul Tehnologic Mircea cel Batran,Urban,M,7.07,10.0,6.96,7.47,9.08,8.28,1,0,2019
814,2019,Buzau,Liceul Teoretic Regina Maria,Urban,F,9.52,6.81,5.0,9.91,7.19,7.06,1,0,2019
815,2019,Galati,Liceul Pedagogic Onisifor Ghibu,Urban,F,7.19,9.65,5.0,10.0,9.39,8.02,1,0,2019
816,2019,Salaj,Colegiul Economic Gheorghe Sincai,Urban,M,7.68,8.64,7.09,7.71,8.19,7.87,1,0,2019
817,2019,Ialomita,Liceul Sportiv Mihai Viteazul,Rural,M,8.64,3.95,10.0,7.96,6.4,7.2,0,0,2019
818,2019,Bihor,Liceul Sportiv Vasile Alecsandri,Urban,F,9.13,10.0,6.43,6.82,5.0,7.62,1,0,2019
819,2019,Iasi,Liceul Teoretic Marin Preda,Urban,F,8.35,9.62,5.13,7.95,6.47,7.42,1,0,2019
820,2019,Ialomita,Colegiul Tehnic Avram Iancu,Urban,F,9.96,5.92,5.37,7.13,9.98,6.95,1,0,2019
821,2019,Maramures,Liceul Teoretic Mircea cel Batran,Rural,F,7.98,4.53,8.03,6.88,6.91,6.63,0,0,2019
822,2019,Bucuresti,Colegiul National Spiru Haret,Urban,F,7.12,5.65,6.91,1.6,10.0,6.22,0,1,2019
823,2019,Bihor,Liceul Sportiv Mihai Eminescu,Rural,M,9.56,6.18,6.26,8.08,5.14,6.67,1,0,2019
824,2019,Bacau,Colegiul Tehnic Emil Racovita,Urban,M,8.24,7.69,8.18,8.57,7.15,7.94,1,0,2019
825,2019,Suceava,Liceul Tehnologic Spiru Haret,Urban,M,8.66,7.12,6.53,7.61,7.48,7.22,1,0,2019
826,2019,Bihor,Liceul Sportiv Regina Maria,Urban,F,6.3,3.14,4.74,8.0,5.73,5.05,0,0,2019
827,2019,Alba,Liceul Teoretic Constantin Brancusi,Urban,F,8.25,7.94,8.64,8.9,9.03,8.49,1,0,2019
828,2019,Vaslui,Colegiul Tehnic George Cosbuc,Urban,M,5.64,6.55,3.76,6.5,7.06,5.69,0,0,2019
829,2019,Mehedinti,Liceul Tehnologic Lucian Blaga,Urban,M,9.65,6.48,8.45,9.63,9.58,8.33,1,0,2019
830,2019,Arges,Liceul Tehnologic Onisifor Ghibu,Urban,F,9.89,8.49,7.52,9.03,7.63,8.29,1,0,2019
831,2019,Ilfov,Colegiul National Ioan Slavici,Urban,F,6.55,9.88,9.53,6.07,7.34,8.49,1,0,2019
832,2019,Bucuresti,Liceul Sportiv George Cosbuc,Rural,M,4.9,7.63,6.72,8.04,7.06,7.06,0,1,2019
833,2019,Vaslui,Liceul Sportiv Elena Cuza,Rural,F,6.6,5.82,5.0,8.18,6.29,6.08,1,0,2019
834,2019,Buzau,Liceul Tehnologic Decebal,Rural,F,6.81,8.19,3.91,6.0,7.13,6.28,0,0,2019
835,2019,Salaj,Liceul Pedagogic Marin Preda,Rural,F,7.99,8.43,6.36,7.85,10.0,7.91,1,0,2019
836,2019,Timis,Liceul Teoretic Decebal,Urban,F,7.04,7.74,10.0,7.68,9.97,8.67,1,0,2019
837,2019,Teleorman,Colegiul Tehnic Gheorghe Sincai,Urban,F,7.6,9.0,8.03,7.75,8.48,8.3,1,0,2019
838,2019,Brasov,Liceul Sportiv Mihai Viteazul,Rural,M,8.62,7.07,7.75,8.74,6.13,7.54,1,0,2019
839,2019,Arges,Liceul Pedagogic Lucian Blaga,Urban,F,9.28,9.52,9.43,9.87,9.78,9.56,1,0,2019
840,2019,Prahova,Liceul Tehnologic Avram Iancu,Urban,M,6.39,6.77,4.29,8.38,6.32,6.16,0,0,2019
841,2019,Brasov,Liceul de Arte Dimitrie Cantemir,Urban,F,6.09,7.79,5.0,5.78,7.1,6.38,1,0,2019
842,2019,Hunedoara,Colegiul Tehnic Spiru Haret,Urban,F,8.7,10.0,10.0,7.38,8.0,9.18,1,0,2019
843,2019,Constanta,Liceul Sportiv Nicolae Balcescu,Urban,F,6.99,7.8,4.62,5.24,4.08,5.82,0,0,2019
844,2019,Prahova,Colegiul Tehnic Mircea cel Batran,Urban,F,7.04,8.67,9.87,6.22,10.0,8.7,1,0,2019
845,2019,Giurgiu,Colegiul National Gheorghe Sincai,Urban,F,8.21,7.17,7.2,10.0,7.14,7.7,1,0,2019
846,2019,Prahova,Liceul Pedagogic Decebal,Urban,F,9.97,9.97,9.98,7.79,8.62,9.44,1,0,2019
847,2019,Bucuresti,Scoala Nationala Grigore Moisil,Rural,M,8.75,8.59,5.0,6.72,5.0,6.71,1,0,2019
848,2019,Mures,Liceul Sportiv Ion Barbu,Rural,F,8.02,7.5,5.19,7.12,7.39,6.79,1,0,2019
849,2019,Alba,Liceul de Arte Dimitrie Cantemir,Rural,M,5.8,3.45,9.57,5.3,6.21,6.21,0,0,2019
850,2019,Vaslui,Colegiul Economic Nicolae Balcescu,Rural,M,8.72,10.0,5.0,7.35,5.0,7.22,1,0,2019
851,2019,Satu Mare,Colegiul Economic Mihai Viteazul,Rural,F,8.61,6.51,6.53,5.61,5.67,6.46,1,0,2019
852,2019,Botosani,Colegiul National Elena Cuza,Urban,F,8.0,4.9,5.45,5.74,5.4,5.58,0,0,2019
853,2019,Braila,Colegiul National Mihai Viteazul,Urban,F,6.26,9.41,10.0,10.0,8.92,9.29,1,0,2019
854,2019,Calarasi,Colegiul National Constantin Brancusi,Rural,M,7.51,5.14,6.55,1.52,2.34,4.84,0,0,2019
855,2019,Cluj,Colegiul National Grigore Moisil,Rural,F,8.82,7.57,6.48,8.72,7.87,7.59,1,0,2019
856,2019,Maramures,Colegiul Economic Onisifor Ghibu,Rural,F,9.41,5.48,4.65,4.03,5.54,5.42,0,1,2019
857,2019,Teleorman,Liceul de Arte Spiru Haret,Urban,F,8.95,9.34,8.22,4.15,8.95,8.13,0,0,2019
858,2019,Ilfov,Colegiul National Marin Preda,Rural,F,9.21,8.2,5.3,7.83,5.0,6.9,1,0,2019
859,2019,Timis,Liceul Tehnologic Lucian Blaga,Rural,M,8.08,10.0,10.0,7.69,8.63,9.26,1,0,2019
860,2019,Brasov,Colegiul Tehnic Onisifor Ghibu,Rural,M,6.17,6.25,3.42,8.07,4.27,5.37,0,0,2019
861,2019,Giurgiu,Liceul de Arte Marin Preda,Urban,F,10.0,9.54,9.03,7.24,9.2,9.04,1,0,2019
862,2019,Sibiu,Scoala Nationala Ana Ipatescu,Urban,F,10.0,7.17,6.4,8.28,8.64,7.61,1,0,2019
863,2019,Vrancea,Liceul Teoretic Stefan cel Mare,Urban,M,8.92,8.93,4.88,6.69,8.38,7.3,0,0,2019
864,2019,Bistrita-Nasaud,Liceul Teoretic Vasile Alecsandri,Urban,F,8.66,6.99,7.77,8.57,9.67,8.03,1,0,2019
865,2019,Brasov,Scoala Nationala Mircea cel Batran,Rural,F,9.27,9.09,8.78,8.01,7.04,8.55,1,0,2019
866,2019,Mures,Liceul de Arte Dimitrie Cantemir,Rural,M,7.13,8.98,8.55,10.0,7.6,8.61,1,0,2019
867,2019,Arad,Colegiul Tehnic Ion Barbu,Urban,F,6.02,4.92,6.88,4.88,6.04,5.78,0,0,2019
868,2019,Mures,Liceul Sportiv Unirea,Urban,M,8.3,5.23,9.57,9.28,6.44,7.63,1,0,2019
869,2019,Suceava,Liceul Tehnologic Ana Ipatescu,Rural,F,7.84,3.36,3.36,5.45,6.42,4.58,0,0,2019
870,2019,Dambovita,Colegiul National Ioan Slavici,Urban,M,8.19,7.41,8.23,7.88,8.89,8.03,1,0,2019
871,2019,Prahova,Scoala Nationala Octavian Goga,Rural,M,10.0,7.77,8.98,7.64,6.77,8.19,1,0,2019
872,2019,Cluj,Liceul Tehnologic Avram Iancu,Rural,M,9.67,8.3,8.76,8.6,10.0,8.88,1,0,2019
873,2019,Arges,Liceul de Arte Avram Iancu,Rural,M,7.99,6.74,6.35,8.86,5.0,6.8,1,0,2019
874,2019,Arges,Liceul Sportiv Traian,Rural,M,7.18,8.13,4.55,9.69,3.48,6.5,0,0,2019
875,2019,Brasov,Liceul Tehnologic Constantin Brancusi,Rural,F,9.01,7.75,1.82,10.0,2.18,5.6,0,0,2019
876,2019,Sibiu,Liceul Pedagogic Onisifor Ghibu,Urban,M,5.63,6.6,5.93,7.37,6.46,6.4,1,0,2019
877,2019,Buzau,Liceul de Arte Elena Cuza,Rural,M,8.22,5.73,6.79,9.37,5.58,6.82,1,0,2019
878,2019,Satu Mare,Liceul Pedagogic Mihai Eminescu,Rural,F,8.8,6.55,9.46,6.68,7.03,7.74,1,0,2019
879,2019,Dambovita,Colegiul Tehnic Unirea,Urban,F,9.48,7.09,6.25,8.29,7.35,7.3,1,0,2019
880,2019,Giurgiu,Liceul Teoretic Ion Luca Caragiale,Urban,F,9.42,7.93,7.21,7.45,6.05,7.51,1,0,2019
881,2019,Salaj,Liceul de Arte Tudor Vladimirescu,Urban,M,8.03,8.23,7.83,6.08,9.46,7.95,1,0,2019
882,2019,Neamt,Liceul de Arte Octavian Goga,Urban,F,7.06,3.27,8.65,5.88,5.46,5.98,0,0,2019
883,2019,Bistrita-Nasaud,Colegiul Economic Emil Racovita,Urban,M,7.04,7.49,9.92,8.13,8.84,8.47,1,0,2019
884,2019,Calarasi,Colegiul Economic Ioan Slavici,Rural,M,7.16,5.43,5.06,6.18,7.61,5.93,1,0,2019
885,2019,Buzau,Liceul de Arte George Cosbuc,Urban,F,9.52,7.65,8.69,5.56,6.25,7.63,1,0,2019
886,2019,Maramures,Colegiul Economic Avram Iancu,Urban,F,7.85,8.23,5.45,10.0,6.65,7.39,1,0,2019
887,2019,Tulcea,Colegiul Economic Octavian Goga,Rural,F,3.86,6.72,4.62,6.34,8.38,6.0,0,0,2019
888,2019,Vaslui,Colegiul National Emil Racovita,Urban,M,8.02,7.81,7.96,10.0,5.0,7.78,1,0,2019
889,2019,Galati,Liceul Teoretic Mircea cel Batran,Urban,M,10.0,7.51,9.33,6.79,9.08,8.43,1,0,2019
890,2019,Gorj,Colegiul Tehnic Mihai Eminescu,Urban,F,9.13,5.94,9.47,10.0,7.08,8.1,1,0,2019
891,2019,Giurgiu,Liceul de Arte Unirea,Urban,M,6.55,9.73,6.94,8.49,8.19,8.16,1,0,2019
892,2019,Neamt,Liceul Teoretic Marin Preda,Rural,M,9.16,5.89,6.21,4.73,4.41,5.92,0,0,2019
893,2019,Galati,Liceul Tehnologic Marin Preda,Urban,F,8.56,7.02,6.53,6.11,8.26,7.08,1,0,2019
894,2019,Giurgiu,Colegiul National Octavian Goga,Urban,M,9.98,7.08,8.42,8.84,10.0,8.47,1,0,2019
895,2019,Bucuresti,Liceul Tehnologic Onisifor Ghibu,Rural,F,10.0,8.51,6.64,9.08,6.11,7.82,1,0,2019
896,2019,Calarasi,Liceul Pedagogic Gheorghe Sincai,Urban,M,5.2,7.43,8.1,6.82,9.59,7.64,1,0,2019
897,2019,Botosani,Liceul Tehnologic Ion Luca Caragiale,Urban,F,6.87,9.25,10.0,7.34,9.1,8.93,1,0,2019
898,2019,Salaj,Colegiul Tehnic Ioan Slavici,Urban,M,6.12,8.94,8.4,8.67,7.3,8.21,1,0,2019
899,2019,Constanta,Scoala Nationala Grigore Moisil,Rural,M,7.01,6.43,5.68,7.91,8.64,6.82,1,0,2019
900,2019,Timis,Liceul Teoretic Vasile Alecsandri,Rural,M,2.23,8.44,8.76,4.5,4.46,6.73,0,0,2019
901,2019,Satu Mare,Liceul Sportiv Ana Ipatescu,Urban,M,6.97,5.64,6.67,3.89,4.99,5.72,0,0,2019
902,2019,Ialomita,Liceul Teoretic Alexandru Ioan Cuza,Urban,F,9.75,7.02,8.81,7.8,7.86,8.07,1,0,2019
903,2019,Buzau,Liceul Teoretic Dimitrie Cantemir,Rural,F,8.23,8.76,6.5,3.89,5.45,6.8,0,0,2019
904,2019,Bihor,Colegiul Tehnic Vasile Alecsandri,Urban,F,10.0,8.3,10.0,9.57,9.04,9.28,1,0,2019
905,2019,Sibiu,Colegiul National George Cosbuc,Urban,F,6.76,7.74,7.99,6.05,9.37,7.71,1,0,2019
906,2019,Alba,Colegiul Tehnic Unirea,Rural,M,5.64,6.65,4.8,8.74,9.02,6.66,0,0,2019
907,2019,Arad,Liceul de Arte Marin Preda,Urban,M,8.6,8.79,5.5,10.0,8.32,7.9,1,0,2019
908,2019,Sibiu,Liceul Teoretic Vasile Alecsandri,Rural,M,9.86,5.46,2.77,5.54,6.82,5.31,0,0,2019
909,2019,Suceava,Scoala Nationala Mihai Eminescu,Urban,F,7.68,4.2,2.19,8.0,10.0,5.38,0,0,2019
910,2019,Sibiu,Liceul Tehnologic Constantin Brancusi,Rural,F,8.07,7.54,3.03,8.27,7.19,6.3,0,0,2019
911,2019,Maramures,Liceul de Arte Vasile Alecsandri,Urban,F,8.33,8.45,8.81,7.52,7.57,8.27,1,0,2019
912,2019,Suceava,Scoala Nationala Spiru Haret,Urban,M,8.26,9.25,5.37,9.56,7.26,7.74,1,0,2019
913,2019,Hunedoara,Liceul Pedagogic Bogdan Voda,Urban,F,7.34,5.61,9.7,6.56,8.26,7.55,1,0,2019
914,2019,Timis,Liceul Teoretic Ana Ipatescu,Urban,M,4.97,9.12,8.41,7.37,6.59,7.85,0,0,2019
915,2019,Ilfov,Liceul Teoretic Tudor Vladimirescu,Urban,M,8.16,10.0,5.73,8.53,5.36,7.62,1,0,2019
916,2019,Bistrita-Nasaud,Liceul Teoretic Spiru Haret,Urban,F,9.04,3.77,7.33,6.64,4.89,5.96,0,0,2019
917,2019,Bihor,Colegiul Economic Vasile Alecsandri,Urban,F,7.88,6.52,7.03,6.24,7.83,6.96,1,0,2019
918,2019,Neamt,Liceul Pedagogic Onisifor Ghibu,Rural,F,4.68,7.66,9.48,10.0,6.58,8.1,0,0,2019
919,2019,Mehedinti,Liceul Sportiv Ion Luca Caragiale,Urban,M,9.28,6.82,9.36,8.52,6.13,7.98,1,0,2019
920,2019,Prahova,Liceul Tehnologic Mihai Eminescu,Urban,F,9.03,5.18,5.41,7.35,8.37,6.44,1,0,2019
921,2019,Bacau,Liceul Tehnologic Tudor Vladimirescu,Rural,F,5.26,10.0,3.71,5.89,5.67,6.37,0,1,2019
922,2019,Harghita,Scoala Nationala Onisifor Ghibu,Rural,F,9.33,7.64,9.61,5.92,7.41,8.11,1,0,2019
923,2019,Prahova,Liceul Pedagogic Traian,Urban,M,10.0,6.69,5.73,9.24,7.84,7.29,1,0,2019
924,2019,Teleorman,Colegiul Economic Ana Ipatescu,Urban,M,7.95,8.46,5.64,5.88,5.92,6.8,0,1,2019
925,2019,Hunedoara,Liceul Tehnologic Traian,Rural,F,7.1,4.28,4.5,5.52,10.0,5.67,0,1,2019
926,2019,Calarasi,Liceul Sportiv Onisifor Ghibu,Urban,F,7.92,6.68,9.82,7.71,8.36,8.15,1,0,2019
927,2019,Salaj,Liceul Sportiv Traian,Rural,M,5.82,5.4,9.44,10.0,6.83,7.56,1,0,2019
928,2019,Mehedinti,Liceul de Arte Onisifor Ghibu,Urban,M,6.95,4.88,7.18,10.0,6.55,6.8,0,0,2019
929,2019,Arad,Colegiul National Onisifor Ghibu,Urban,F,4.27,8.21,8.27,4.5,7.32,7.14,0,0,2019
930,2019,Botosani,Colegiul National Bogdan Voda,Urban,M,8.23,6.87,8.77,8.93,7.24,7.94,1,0,2019
931,2019,Dolj,Liceul Teoretic Grigore Moisil,Rural,M,6.92,6.73,7.6,7.34,8.37,7.35,1,0,2019
932,2019,Ialomita,Colegiul Economic Unirea,Urban,M,9.49,8.9,7.19,7.22,5.23,7.64,0,1,2019
933,2019,Arad,Colegiul Economic Unirea,Rural,M,8.28,9.76,6.98,10.0,7.08,8.41,1,0,2019
934,2019,Tulcea,Colegiul Tehnic Lucian Blaga,Urban,F,8.85,7.74,5.0,6.86,8.75,7.05,1,0,2019
935,2019,Ialomita,Colegiul Tehnic Mihai Viteazul,Urban,F,9.58,6.1,5.0,7.25,7.05,6.43,1,0,2019
936,2019,Bihor,Colegiul National Octavian Goga,Rural,M,6.2,3.54,8.22,7.77,6.34,6.26,0,0,2019
937,2019,Dambovita,Liceul Teoretic Unirea,Rural,M,9.28,7.73,5.0,8.31,8.04,7.2,1,0,2019
938,2019,Bihor,Liceul de Arte Emil Racovita,Urban,M,8.99,9.6,6.27,6.64,7.88,7.84,1,0,2019
939,2019,Harghita,Liceul de Arte Stefan cel Mare,Urban,F,7.35,7.55,6.92,5.67,5.85,6.8,1,0,2019
940,2019,Galati,Liceul Tehnologic Ana Ipatescu,Rural,F,6.47,9.41,5.06,6.81,9.39,7.42,1,0,2019
941,2019,Suceava,Liceul Sportiv Gheorghe Sincai,Rural,M,5.93,10.0,7.46,8.59,7.38,8.23,1,0,2019
942,2019,Vrancea,Colegiul National Ion Luca Caragiale,Rural,M,8.65,9.98,7.96,5.75,8.33,8.36,1,0,2019
943,2019,Prahova,Liceul Pedagogic Grigore Moisil,Urban,F,9.61,8.62,5.51,7.35,10.0,7.8,1,0,2019
944,2019,Hunedoara,Colegiul Economic Gheorghe Sincai,Rural,M,5.5,4.28,8.03,5.77,6.27,6.05,0,0,2019
945,2019,Galati,Liceul Tehnologic Stefan cel Mare,Rural,F,8.71,8.57,8.97,9.39,6.02,8.44,1,0,2019
946,2019,Harghita,Colegiul National Stefan cel Mare,Urban,M,8.53,8.61,7.85,5.45,7.63,7.75,1,0,2019
947,2019,Braila,Scoala Nationala Avram Iancu,Urban,M,7.19,5.49,4.64,2.45,1.0,4.28,0,0,2019
948,2019,Arad,Liceul Pedagogic Grigore Moisil,Urban,M,8.99,8.55,5.6,8.21,9.78,7.84,1,0,2019
949,2019,Mures,Colegiul Economic Ion Barbu,Rural,M,4.43,7.22,4.29,9.34,6.08,6.21,0,0,2019
950,2019,Tulcea,Scoala Nationala Gheorghe Sincai,Rural,M,9.43,8.46,2.5,7.35,4.84,6.06,0,0,2019
951,2019,Brasov,Colegiul Economic Emil Racovita,Rural,F,5.32,5.09,7.79,4.9,5.8,6.0,0,0,2019
952,2019,Covasna,Liceul Sportiv Dimitrie Cantemir,Urban,F,7.53,7.7,8.84,8.4,5.96,7.87,1,0,2019
953,2019,Vaslui,Liceul Teoretic Lucian Blaga,Urban,M,9.25,6.46,3.61,6.91,9.59,6.42,0,0,2019
954,2019,Dolj,Liceul de Arte Mihai Viteazul,Rural,M,7.36,6.43,9.2,3.78,3.83,6.57,0,0,2019
955,2019,Arad,Colegiul National Elena Cuza,Rural,M,4.51,7.15,5.97,9.43,6.89,6.84,0,1,2019
956,2019,Galati,Liceul de Arte Ana Ipatescu,Urban,F,7.03,4.28,6.45,4.36,10.0,6.08,0,0,2019
957,2019,Olt,Liceul Pedagogic Octavian Goga,Urban,M,8.52,8.11,7.69,9.53,7.57,8.16,1,0,2019
958,2019,Dolj,Liceul Sportiv Mircea cel Batran,Urban,M,8.62,9.51,6.73,7.74,10.0,8.4,1,0,2019
959,2019,Mures,Liceul Sportiv Mihai Viteazul,Rural,F,4.85,3.8,8.49,7.86,4.35,6.0,0,0,2019
960,2019,Ialomita,Liceul Tehnologic Elena Cuza,Rural,M,8.63,9.34,8.1,10.0,6.64,8.59,1,0,2019
961,2019,Bihor,Liceul de Arte Constantin Brancusi,Urban,M,8.22,8.47,7.47,8.97,7.27,8.04,1,0,2019
962,2019,Bacau,Liceul Tehnologic Mihai Eminescu,Rural,F,10.0,8.89,6.71,6.7,5.62,7.53,1,0,2019
963,2019,Bucuresti,Colegiul Tehnic Ion Luca Caragiale,Urban,M,7.97,7.13,8.71,6.38,6.42,7.47,1,0,2019
964,2019,Braila,Liceul de Arte Constantin Brancusi,Rural,M,7.41,6.08,4.38,7.31,9.85,6.45,0,0,2019
965,2019,Galati,Liceul Pedagogic Stefan cel Mare,Urban,M,9.89,7.38,7.41,6.9,7.28,7.55,1,0,2019
966,2019,Ilfov,Colegiul Tehnic Mihai Eminescu,Urban,M,6.97,7.42,7.46,8.65,6.11,7.38,1,0,2019
967,2019,Vrancea,Colegiul Tehnic Gheorghe Sincai,Rural,M,7.55,8.33,8.16,3.79,5.96,7.16,0,0,2019
968,2019,Vrancea,Liceul de Arte Avram Iancu,Urban,F,5.99,6.65,7.76,8.29,3.83,6.74,0,0,2019
969,2019,Neamt,Liceul Sportiv Vasile Alecsandri,Rural,M,7.72,7.81,7.68,6.81,9.65,7.89,1,0,2019
970,2019,Covasna,Liceul Pedagogic Spiru Haret,Urban,M,10.0,6.74,7.15,8.21,6.41,7.36,1,0,2019
971,2019,Braila,Liceul Pedagogic Spiru Haret,Urban,F,10.0,7.42,5.0,6.44,7.98,6.89,1,0,2019
972,2019,Mures,Liceul Pedagogic Alexandru Ioan Cuza,Urban,M,6.18,8.55,7.9,5.24,8.31,7.59,0,1,2019
973,2019,Ilfov,Liceul Sportiv Ioan Slavici,Urban,M,9.74,10.0,10.0,5.67,10.0,9.32,1,0,2019
974,2019,Mehedinti,Liceul Pedagogic George Cosbuc,Rural,M,6.53,6.84,8.81,7.31,7.33,7.54,1,0,2019
975,2019,Bacau,Liceul de Arte Decebal,Urban,M,8.27,9.11,2.72,8.19,6.52,6.58,0,0,2019
976,2019,Valcea,Scoala Nationala Decebal,Rural,M,7.37,8.52,2.97,4.58,2.53,5.25,0,1,2019
977,2019,Ilfov,Liceul Tehnologic Gheorghe Sincai,Urban,M,6.83,9.39,5.95,4.92,6.13,6.94,0,1,2019
978,2019,Ialomita,Scoala Nationala Dimitrie Cantemir,Rural,F,7.71,7.33,6.46,8.56,8.63,7.49,1,0,2019
979,2019,Brasov,Liceul Pedagogic Spiru Haret,Urban,M,8.07,8.02,5.75,8.12,7.85,7.33,1,0,2019
980,2019,Neamt,Liceul Pedagogic Ion Luca Caragiale,Urban,M,9.43,9.11,6.76,9.39,6.43,8.08,1,0,2019
981,2019,Calarasi,Liceul Tehnologic Traian,Urban,M,8.45,9.42,5.83,9.51,6.66,7.85,1,0,2019
982,2019,Olt,Colegiul National Mihai Viteazul,Urban,F,8.79,7.63,10.0,9.74,7.76,8.79,1,0,2019
983,2019,Prahova,Colegiul National Constantin Brancusi,Urban,M,6.28,9.02,7.89,8.86,9.26,8.42,1,0,2019
984,2019,Timis,Liceul Tehnologic Vasile Alecsandri,Urban,F,10.0,9.66,10.0,8.5,6.32,9.12,1,0,2019
985,2019,Covasna,Scoala Nationala Ion Barbu,Rural,F,9.72,8.46,5.32,6.63,8.67,7.4,1,0,2019
986,2019,Vaslui,Liceul Tehnologic Dimitrie Cantemir,Urban,M,8.05,5.22,7.72,2.11,3.91,5.59,0,1,2019
987,2019,Botosani,Liceul Teoretic Tudor Vladimirescu,Rural,F,8.06,6.67,9.76,8.27,9.03,8.33,1,0,2019
988,2019,Botosani,Liceul Sportiv Constantin Brancusi,Rural,F,3.99,9.68,7.6,5.16,10.0,7.86,0,0,2019
989,2019,Ialomita,Liceul de Arte Spiru Haret,Rural,M,5.76,9.71,10.0,6.44,5.39,8.26,1,0,2019
990,2019,Tulcea,Liceul Pedagogic Lucian Blaga,Urban,M,7.36,8.29,8.88,8.17,7.18,8.19,1,0,2019
991,2019,Timis,Liceul Tehnologic Alexandru Ioan Cuza,Rural,F,9.5,5.77,7.87,5.95,7.26,7.02,1,0,2019
992,2019,Bistrita-Nasaud,Colegiul Economic Octavian Goga,Urban,F,7.44,10.0,8.26,9.49,6.2,8.58,1,0,2019
993,2019,Buzau,Liceul Pedagogic Ana Ipatescu,Urban,F,7.87,5.29,6.65,6.97,9.5,6.84,1,0,2019
994,2019,Braila,Colegiul Tehnic Mihai Viteazul,Urban,F,9.58,8.41,10.0,10.0,6.81,9.0,1,0,2019
995,2019,Maramures,Colegiul Economic Emil Racovita,Urban,M,6.95,8.7,8.2,8.54,5.87,7.93,1,0,2019
996,2019,Cluj,Liceul de Arte Constantin Brancusi,Urban,F,7.01,6.12,5.07,7.99,7.14,6.33,0,1,2019
997,2019,Buzau,Liceul Teoretic Octavian Goga,Rural,F,6.64,8.69,5.0,7.54,8.96,7.25,1,0,2019
998,2019,Bistrita-Nasaud,Liceul Tehnologic Bogdan Voda,Rural,F,8.58,6.47,4.8,8.3,7.75,6.65,0,0,2019
999,2019,Suceava,Colegiul National Ion Luca Caragiale,Urban,M,9.16,7.74,8.9,7.46,8.92,8.36,1,0,2019
1000,2019,Neamt,Liceul Pedagogic Marin Preda,Urban,F,7.48,8.4,5.56,7.6,8.45,7.34,1,0,2019
1001,2019,Bistrita-Nasaud,Liceul Sportiv Avram Iancu,Rural,F,6.93,5.42,5.69,10.0,8.71,6.83,1,0,2019
1002,2019,Arges,Liceul Sportiv Onisifor Ghibu,Urban,M,9.23,7.78,6.55,5.0,7.04,7.03,1,0,2019
1003,2019,Vrancea,Liceul Tehnologic Stefan cel Mare,Rural,F,8.41,8.61,6.51,7.16,5.48,7.27,1,0,2019
1004,2019,Valcea,Colegiul National Mihai Eminescu,Urban,M,8.3,7.18,6.22,9.14,8.51,7.5,1,0,2019
1005,2019,Alba,Liceul Sportiv Octavian Goga,Urban,F,8.14,9.95,6.79,7.22,8.05,8.13,1,0,2019
1006,2019,Vrancea,Colegiul Economic Emil Racovita,Urban,M,8.45,6.5,8.45,7.36,8.1,7.65,1,0,2019
1007,2019,Braila,Colegiul Tehnic Grigore Moisil,Urban,F,9.93,7.47,8.17,7.99,7.39,7.99,1,0,2019
1008,2019,Satu Mare,Scoala Nationala Stefan cel Mare,Rural,M,8.75,7.27,5.0,10.0,9.89,7.54,1,0,2019
1009,2019,Prahova,Liceul Tehnologic Spiru Haret,Urban,F,8.61,6.02,5.96,9.08,9.66,7.27,1,0,2019
1010,2019,Salaj,Colegiul Tehnic Octavian Goga,Urban,M,9.74,8.36,6.6,5.41,7.99,7.47,1,0,2019
1011,2019,Mehedinti,Colegiul Economic Dimitrie Cantemir,Urban,F,8.49,8.23,8.19,8.23,6.26,7.95,1,0,2019
1012,2019,Valcea,Colegiul Economic Mihai Viteazul,Rural,M,6.99,6.58,5.84,8.4,7.69,6.84,0,1,2019
1013,2019,Salaj,Liceul de Arte Traian,Urban,F,10.0,10.0,6.37,1.0,9.23,7.45,0,1,2019
1014,2019,Mures,Liceul de Arte Constantin Brancusi,Rural,F,6.24,4.8,1.16,5.65,7.62,4.4,0,0,2019
1015,2019,Constanta,Liceul de Arte Regina Maria,Urban,F,6.63,7.62,7.51,9.63,5.58,7.48,1,0,2019
1016,2019,Prahova,Colegiul Economic Ion Barbu,Urban,F,7.29,4.6,2.73,8.84,7.98,5.45,0,0,2019
1017,2019,Ilfov,Colegiul Tehnic Octavian Goga,Rural,M,7.82,8.24,4.54,3.13,10.0,6.59,0,0,2019
1018,2019,Braila,Colegiul Economic Mihai Viteazul,Urban,F,9.07,8.38,8.15,5.92,9.69,8.21,1,0,2019
1019,2019,Covasna,Liceul Pedagogic Marin Preda,Urban,M,6.25,7.38,6.18,6.9,2.44,6.09,0,0,2019
1020,2019,Arges,Colegiul Tehnic Vasile Alecsandri,Rural,F,4.94,6.44,4.72,10.0,7.75,6.5,0,0,2019
1021,2019,Ialomita,Scoala Nationala Gheorghe Sincai,Rural,M,6.45,4.29,1.46,4.55,6.63,4.05,0,0,2019
1022,2019,Sibiu,Liceul Sportiv Emil Racovita,Rural,F,9.38,9.78,6.16,7.27,6.94,7.85,1,0,2019
1023,2019,Brasov,Liceul Teoretic Ion Barbu,Rural,M,6.79,8.79,5.54,6.82,7.99,7.2,1,0,2019
1024,2019,Sibiu,Liceul de Arte Avram Iancu,Urban,M,8.13,10.0,7.95,5.73,9.04,8.41,1,0,2019
1025,2019,Olt,Liceul Tehnologic Mircea cel Batran,Rural,F,8.61,10.0,7.95,10.0,8.51,9.02,1,0,2019
1026,2019,Braila,Colegiul National Alexandru Ioan Cuza,Urban,F,9.04,10.0,6.99,6.88,8.86,8.36,1,0,2019
1027,2019,Gorj,Colegiul Economic Marin Preda,Urban,F,9.64,6.14,9.94,7.44,8.5,8.18,1,0,2019
1028,2019,Dolj,Colegiul Tehnic Ioan Slavici,Urban,M,6.34,10.0,6.71,5.75,8.56,7.79,1,0,2019
1029,2019,Mures,Liceul de Arte Mihai Eminescu,Rural,M,8.33,6.02,9.75,9.86,7.21,8.12,1,0,2019
1030,2019,Alba,Liceul de Arte Lucian Blaga,Rural,F,9.76,8.92,6.77,8.47,8.75,8.27,1,0,2019
1031,2019,Calarasi,Liceul Tehnologic Ana Ipatescu,Urban,F,8.14,5.25,3.36,7.45,6.69,5.52,0,1,2019
1032,2019,Suceava,Scoala Nationala Grigore Moisil,Rural,F,8.2,6.64,10.0,8.28,9.15,8.43,1,0,2019
1033,2019,Hunedoara,Scoala Nationala Decebal,Rural,F,4.69,5.29,6.54,7.96,10.0,6.71,0,0,2019
1034,2019,Olt,Liceul Sportiv Elena Cuza,Rural,M,8.63,7.59,5.0,6.75,8.5,6.93,1,0,2019
1035,2019,Mehedinti,Scoala Nationala Lucian Blaga,Rural,M,7.66,7.54,6.95,9.59,6.87,7.58,1,0,2019
1036,2019,Braila,Scoala Nationala Traian,Urban,M,7.92,7.66,6.67,9.26,7.42,7.59,1,0,2019
1037,2019,Ialomita,Scoala Nationala Unirea,Rural,F,4.77,9.66,6.41,5.38,3.89,6.69,0,1,2019
1038,2019,Harghita,Colegiul National Ion Barbu,Rural,M,8.87,8.59,9.06,8.41,7.04,8.5,1,0,2019
1039,2019,Bucuresti,Liceul Teoretic Constantin Brancusi,Urban,F,7.93,10.0,7.51,6.91,9.43,8.5,1,0,2019
1040,2019,Alba,Scoala Nationala Grigore Moisil,Urban,M,8.15,8.81,6.67,7.64,6.28,7.55,1,0,2019
1041,2019,Iasi,Liceul Tehnologic Elena Cuza,Urban,M,8.0,8.7,5.0,5.72,8.1,6.98,1,0,2019
1042,2019,Dolj,Liceul de Arte Constantin Brancusi,Urban,F,7.98,7.44,6.85,8.46,7.92,7.54,1,0,2019
1043,2019,Neamt,Liceul Tehnologic Mihai Viteazul,Rural,F,6.78,9.2,10.0,6.22,7.63,8.52,1,0,2019
1044,2019,Bihor,Scoala Nationala Onisifor Ghibu,Urban,F,8.68,8.71,6.54,6.14,9.64,7.81,1,0,2019
1045,2019,Galati,Liceul Sportiv Spiru Haret,Urban,M,6.55,3.11,7.16,5.32,8.78,5.85,0,0,2019
1046,2019,Buzau,Scoala Nationala Grigore Moisil,Urban,F,7.71,9.51,9.14,6.51,7.87,8.52,1,0,2019
1047,2019,Covasna,Scoala Nationala Marin Preda,Urban,F,6.79,7.27,2.94,3.02,4.57,4.88,0,0,2019
1048,2019,Brasov,Liceul Tehnologic Vasile Alecsandri,Urban,M,7.55,10.0,3.42,10.0,8.36,7.53,0,1,2019
1049,2019,Harghita,Colegiul Economic Nicolae Balcescu,Urban,F,8.18,5.23,7.4,5.97,9.28,6.89,1,0,2019
1050,2019,Gorj,Liceul Teoretic Traian,Urban,M,8.44,9.01,5.03,9.0,10.0,7.91,1,0,2019
1051,2019,Arges,Liceul de Arte Emil Racovita,Urban,M,9.06,10.0,5.65,8.29,7.1,7.91,1,0,2019
1052,2019,Valcea,Liceul Sportiv Bogdan Voda,Urban,F,8.42,9.13,7.21,9.09,7.42,8.22,1,0,2019
1053,2019,Hunedoara,Colegiul Economic Alexandru Ioan Cuza,Urban,M,7.88,6.11,4.07,4.23,5.1,5.24,0,0,2019
1054,2019,Arges,Liceul Teoretic Grigore Moisil,Rural,M,6.58,7.92,8.99,9.3,8.24,8.36,1,0,2019
1055,2019,Arad,Scoala Nationala Mircea cel Batran,Urban,M,8.49,10.0,6.9,8.3,10.0,8.66,1,0,2019
1056,2019,Timis,Colegiul National Unirea,Urban,M,7.71,9.12,6.51,8.81,7.39,7.89,1,0,2019
1057,2019,Satu Mare,Scoala Nationala Avram Iancu,Urban,F,7.11,4.56,6.0,9.18,6.28,6.2,0,0,2019
1058,2019,Dolj,Liceul Teoretic Emil Racovita,Rural,M,8.58,6.82,1.0,6.53,8.86,5.51,0,0,2019
1059,2019,Vaslui,Colegiul Economic Avram Iancu,Urban,M,8.34,7.8,2.58,5.98,7.74,6.01,0,1,2019
1060,2019,Hunedoara,Scoala Nationala Avram Iancu,Urban,F,8.17,9.19,7.28,7.89,7.03,8.0,1,0,2019
1061,2019,Cluj,Colegiul Economic Bogdan Voda,Urban,F,5.33,8.13,6.12,9.58,10.0,7.74,1,0,2019
1062,2019,Vrancea,Liceul Pedagogic Tudor Vladimirescu,Rural,F,10.0,6.67,7.12,6.82,5.88,7.04,1,0,2019
1063,2019,Buzau,Liceul Teoretic Nicolae Balcescu,Urban,F,10.0,7.75,7.49,9.13,8.03,8.15,1,0,2019
1064,2019,Valcea,Colegiul Economic Vasile Alecsandri,Urban,F,8.67,8.24,9.35,6.21,8.21,8.31,1,0,2019
1065,2019,Hunedoara,Colegiul Economic Mircea cel Batran,Urban,F,8.95,9.14,8.35,7.56,6.64,8.27,1,0,2019
1066,2019,Arad,Colegiul Tehnic Onisifor Ghibu,Urban,M,9.72,9.06,5.39,9.83,9.29,8.17,1,0,2019
1067,2019,Braila,Scoala Nationala Stefan cel Mare,Urban,F,9.2,7.33,6.73,3.85,3.17,6.19,0,0,2019
1068,2019,Calarasi,Scoala Nationala Constantin Brancusi,Rural,M,7.63,8.37,5.0,7.57,9.74,7.37,1,0,2019
1069,2019,Prahova,Liceul Tehnologic Mihai Eminescu,Rural,M,9.8,6.71,10.0,5.93,7.99,8.08,1,0,2019
1070,2019,Satu Mare,Liceul de Arte Ion Barbu,Urban,F,9.23,8.44,8.55,9.87,7.81,8.67,1,0,2019
1071,2019,Vaslui,Scoala Nationala Unirea,Rural,F,8.8,8.51,7.09,6.69,9.31,7.96,1,0,2019
1072,2019,Bistrita-Nasaud,Scoala Nationala Gheorghe Sincai,Urban,F,10.0,7.26,7.27,7.54,3.32,6.99,0,0,2019
1073,2019,Hunedoara,Liceul Sportiv Gheorghe Sincai,Rural,M,7.04,9.59,10.0,5.24,8.12,8.58,1,0,2019
1074,2019,Hunedoara,Colegiul National Regina Maria,Urban,F,10.0,8.19,6.63,7.9,9.55,8.06,1,0,2019
1075,2019,Alba,Liceul Tehnologic Dimitrie Cantemir,Rural,F,8.87,7.53,7.02,6.78,7.45,7.39,0,1,2019
1076,2019,Salaj,Liceul Teoretic Traian,Rural,M,7.63,6.63,10.0,8.76,7.76,8.23,1,0,2019
1077,2019,Olt,Liceul de Arte Tudor Vladimirescu,Rural,F,6.73,6.24,6.87,7.06,9.46,7.08,1,0,2019
1078,2019,Alba,Colegiul National Alexandru Ioan Cuza,Urban,F,10.0,6.16,9.39,7.42,8.59,8.07,1,0,2019
1079,2019,Giurgiu,Liceul Pedagogic Emil Racovita,Rural,M,6.6,8.16,6.79,2.52,5.65,6.37,0,0,2019
1080,2019,Ilfov,Colegiul Tehnic Mihai Eminescu,Urban,F,9.38,6.1,6.82,8.27,9.63,7.5,1,0,2019
1081,2019,Bucuresti,Liceul Sportiv Avram Iancu,Urban,M,7.35,9.55,6.59,8.39,9.39,8.24,1,0,2019
1082,2019,Tulcea,Liceul Tehnologic Spiru Haret,Rural,M,6.92,8.63,8.63,8.7,6.06,8.08,1,0,2019
1083,2019,Galati,Liceul Pedagogic Stefan cel Mare,Rural,M,7.46,7.66,4.94,7.79,1.0,5.84,0,0,2019
1084,2019,Vrancea,Colegiul Economic Mircea cel Batran,Urban,M,7.01,7.11,5.62,5.23,3.73,5.86,0,0,2019
1085,2019,Hunedoara,Scoala Nationala Constantin Brancusi,Urban,M,6.88,8.62,8.84,9.22,5.53,8.14,1,0,2019
1086,2019,Suceava,Liceul Pedagogic Regina Maria,Rural,M,8.2,7.33,7.73,7.96,7.21,7.61,1,0,2019
1087,2019,Olt,Colegiul National Spiru Haret,Urban,F,9.41,7.6,7.22,8.73,7.69,7.85,1,0,2019
1088,2019,Neamt,Liceul de Arte Octavian Goga,Rural,M,7.07,7.07,8.2,8.46,7.07,7.62,1,0,2019
1089,2019,Bucuresti,Liceul de Arte Ion Barbu,Urban,F,8.66,7.09,9.18,8.21,5.91,7.86,1,0,2019
1090,2019,Botosani,Liceul de Arte Ion Luca Caragiale,Urban,M,7.12,7.22,5.15,8.34,10.0,7.17,1,0,2019
1091,2019,Valcea,Liceul Teoretic George Cosbuc,Rural,M,5.89,3.07,1.2,6.21,5.07,3.56,0,0,2019
1092,2019,Maramures,Liceul Tehnologic Nicolae Balcescu,Urban,M,7.89,7.24,2.83,4.11,7.53,5.56,0,0,2019
1093,2019,Harghita,Colegiul National Traian,Rural,F,8.13,5.93,6.58,7.4,8.94,7.02,1,0,2019
1094,2019,Maramures,Colegiul National Constantin Brancusi,Urban,M,7.71,5.36,7.52,7.99,6.4,6.79,1,0,2019
1095,2019,Neamt,Colegiul National Constantin Brancusi,Rural,M,6.51,8.36,4.75,9.8,7.26,7.14,0,0,2019
1096,2019,Botosani,Colegiul Tehnic Ana Ipatescu,Urban,M,8.44,6.77,6.06,6.75,10.0,7.21,1,0,2019
1097,2019,Bucuresti,Liceul Sportiv Avram Iancu,Urban,F,8.34,7.55,6.79,8.26,6.79,7.39,1,0,2019
1098,2019,Arges,Liceul de Arte Octavian Goga,Urban,F,8.63,6.87,7.39,8.36,7.79,7.56,1,0,2019
1099,2019,Teleorman,Liceul de Arte Octavian Goga,Rural,F,9.92,5.57,6.28,8.07,9.77,7.22,1,0,2019
1100,2019,Alba,Colegiul Tehnic Ion Luca Caragiale,Urban,M,5.71,6.46,4.09,7.42,6.34,5.8,0,0,2019
1101,2019,Bacau,Colegiul Tehnic Emil Racovita,Urban,F,7.85,10.0,7.36,8.27,9.36,8.64,1,0,2019
1102,2019,Constanta,Liceul de Arte Grigore Moisil,Rural,M,10.0,6.11,6.36,4.62,6.11,6.35,0,0,2019
1103,2019,Vrancea,Colegiul National Mihai Viteazul,Urban,F,7.32,7.33,6.9,8.15,8.78,7.54,1,0,2019
1104,2019,Alba,Colegiul Tehnic Alexandru Ioan Cuza,Rural,M,7.63,7.59,7.7,8.4,7.32,7.71,1,0,2019
1105,2019,Ialomita,Colegiul National Marin Preda,Rural,F,9.58,6.99,8.89,9.34,5.64,7.97,1,0,2019
1106,2019,Iasi,Colegiul Tehnic Mircea cel Batran,Urban,F,9.44,7.05,7.99,7.06,9.77,7.98,1,0,2019
1107,2019,Ilfov,Liceul Tehnologic Alexandru Ioan Cuza,Urban,F,6.65,5.89,9.4,6.44,9.88,7.7,1,0,2019
1108,2019,Ialomita,Liceul Tehnologic Ion Barbu,Rural,F,9.2,9.58,5.27,8.6,8.32,7.91,1,0,2019
1109,2019,Botosani,Liceul Teoretic Lucian Blaga,Urban,M,9.1,7.9,2.12,6.94,4.92,5.7,0,0,2019
1110,2019,Dolj,Scoala Nationala Emil Racovita,Urban,F,7.32,8.76,6.84,9.15,7.62,7.93,1,0,2019
1111,2019,Bihor,Colegiul Tehnic Stefan cel Mare,Urban,M,5.78,6.1,6.51,8.4,7.4,6.73,1,0,2019
1112,2019,Ilfov,Colegiul National Onisifor Ghibu,Urban,F,9.85,8.81,8.05,7.28,8.25,8.37,1,0,2019
1113,2019,Constanta,Colegiul Tehnic Nicolae Balcescu,Rural,F,6.72,3.55,3.0,6.44,7.19,4.68,0,0,2019
1114,2019,Sibiu,Liceul Teoretic Emil Racovita,Rural,M,9.26,7.95,5.96,6.91,9.15,7.51,1,0,2019
1115,2019,Vrancea,Scoala Nationala Marin Preda,Urban,F,7.71,6.7,8.08,7.92,6.81,7.41,1,0,2019
1116,2019,Prahova,Liceul Sportiv Elena Cuza,Urban,M,7.44,4.33,8.62,7.03,7.07,6.74,0,0,2019
1117,2019,Vaslui,Colegiul National Stefan cel Mare,Urban,M,8.49,9.44,7.8,8.78,6.27,8.28,1,0,2019
1118,2019,Constanta,Colegiul Economic Ana Ipatescu,Urban,F,6.41,9.68,10.0,9.82,9.67,9.47,1,0,2019
1119,2019,Calarasi,Liceul Tehnologic Onisifor Ghibu,Rural,F,10.0,7.0,8.63,8.45,10.0,8.46,1,0,2019
1120,2019,Olt,Scoala Nationala Decebal,Urban,F,5.98,9.31,8.75,7.46,4.73,7.84,0,1,2019
1121,2019,Neamt,Colegiul Economic Mihai Eminescu,Urban,M,8.68,9.27,5.15,6.89,8.84,7.55,1,0,2019
1122,2019,Dambovita,Liceul Pedagogic Ion Barbu,Urban,F,9.07,9.76,7.08,10.0,9.68,8.91,1,0,2019
1123,2019,Teleorman,Liceul Teoretic Vasile Alecsandri,Rural,M,8.62,7.22,8.63,7.5,8.01,7.94,1,0,2019
1124,2019,Arges,Liceul Pedagogic Octavian Goga,Urban,F,8.09,8.03,8.29,9.27,10.0,8.6,1,0,2019
1125,2019,Giurgiu,Scoala Nationala Regina Maria,Urban,M,9.07,6.61,7.87,7.2,6.7,7.34,1,0,2019
1126,2019,Harghita,Colegiul Economic Ion Barbu,Urban,F,8.99,8.06,7.08,8.32,7.6,7.83,1,0,2019
1127,2019,Alba,Liceul Tehnologic Grigore Moisil,Urban,F,8.61,9.52,8.7,7.3,6.82,8.44,1,0,2019
1128,2019,Dambovita,Scoala Nationala Onisifor Ghibu,Rural,F,8.56,6.95,8.49,6.83,9.11,7.88,1,0,2019
1129,2019,Prahova,Colegiul Economic Onisifor Ghibu,Urban,F,6.85,5.15,5.24,7.04,6.3,5.8,1,0,2019
1130,2019,Olt,Liceul Tehnologic Octavian Goga,Urban,M,7.3,7.6,4.09,7.09,3.92,5.89,0,0,2019
1131,2019,Ialomita,Scoala Nationala Octavian Goga,Urban,F,8.22,9.9,5.0,9.71,9.36,8.15,1,0,2019
1132,2019,Arad,Liceul de Arte Unirea,Urban,F,7.46,6.18,9.69,8.98,6.12,7.77,1,0,2019
1133,2019,Valcea,Colegiul Economic Stefan cel Mare,Rural,M,7.5,8.17,2.41,4.3,8.83,5.89,0,0,2019
1134,2019,Constanta,Liceul Pedagogic George Cosbuc,Urban,F,7.3,9.16,8.73,8.81,5.38,8.23,1,0,2019
1135,2019,Timis,Colegiul National Avram Iancu,Urban,M,7.82,7.33,7.68,7.5,6.89,7.44,1,0,2019
1136,2019,Maramures,Liceul Teoretic Constantin Brancusi,Urban,F,9.25,8.37,7.33,7.38,5.49,7.57,1,0,2019
1137,2019,Suceava,Colegiul Economic Avram Iancu,Urban,F,7.18,5.63,7.01,1.0,9.39,6.07,0,0,2019
1138,2019,Satu Mare,Colegiul Tehnic Ioan Slavici,Rural,F,5.81,9.75,4.64,4.0,6.84,6.52,0,0,2019
1139,2019,Satu Mare,Colegiul Tehnic Ion Luca Caragiale,Urban,M,6.93,5.5,3.9,10.0,6.55,6.0,0,0,2019
1140,2019,Constanta,Colegiul Economic Decebal,Urban,F,8.61,9.69,7.48,10.0,6.41,8.47,1,0,2019
1141,2019,Suceava,Liceul Sportiv Unirea,Urban,M,9.69,9.3,7.22,8.96,6.61,8.26,1,0,2019
1142,2019,Bistrita-Nasaud,Liceul Pedagogic Tudor Vladimirescu,Urban,M,9.2,7.84,7.21,8.39,8.53,7.97,1,0,2019
1143,2019,Cluj,Colegiul Economic Constantin Brancusi,Urban,F,6.66,7.61,5.22,7.89,10.0,7.2,1,0,2019
1144,2019,Cluj,Colegiul National Alexandru Ioan Cuza,Rural,F,7.77,8.09,6.78,3.14,4.9,6.44,0,0,2019
1145,2019,Gorj,Colegiul Tehnic Regina Maria,Rural,F,8.43,8.82,6.34,8.46,10.0,8.16,1,0,2019
1146,2019,Timis,Scoala Nationala Onisifor Ghibu,Urban,F,7.31,7.35,5.23,5.33,7.68,6.46,1,0,2019
1147,2019,Mures,Liceul Sportiv Mihai Eminescu,Urban,F,7.43,8.93,8.07,8.23,9.54,8.51,1,0,2019
1148,2019,Prahova,Colegiul Economic Nicolae Balcescu,Urban,M,9.55,9.3,7.3,7.45,6.84,8.08,1,0,2019
1149,2019,Brasov,Liceul Sportiv Mihai Viteazul,Rural,F,8.38,7.9,6.94,5.87,7.87,7.35,1,0,2019
1150,2019,Bistrita-Nasaud,Liceul Tehnologic Mihai Viteazul,Urban,F,8.52,8.35,5.37,7.73,9.56,7.56,1,0,2019
1151,2019,Calarasi,Liceul Teoretic Traian,Rural,M,3.02,6.34,5.91,8.61,3.4,5.78,0,0,2019
1152,2019,Giurgiu,Colegiul National Ana Ipatescu,Urban,F,2.62,8.76,6.98,4.64,6.91,6.72,0,0,2019
1153,2019,Bucuresti,Liceul Teoretic Tudor Vladimirescu,Rural,M,7.63,4.78,3.34,2.58,8.84,4.91,0,0,2019
1154,2019,Valcea,Colegiul Tehnic Marin Preda,Urban,M,1.99,7.28,6.2,5.39,4.73,5.76,0,0,2019
1155,2019,Mures,Liceul Teoretic Alexandru Ioan Cuza,Urban,F,6.59,4.71,4.53,10.0,8.85,6.26,0,0,2019
1156,2019,Calarasi,Liceul de Arte Traian,Urban,F,8.64,9.73,5.74,7.15,8.12,7.8,1,0,2019
1157,2019,Vrancea,Liceul Teoretic Alexandru Ioan Cuza,Urban,M,9.97,6.29,5.73,6.85,9.27,7.02,1,0,2019
1158,2019,Iasi,Colegiul National Tudor Vladimirescu,Urban,F,7.55,9.8,7.37,7.56,6.7,8.04,1,0,2019
1159,2019,Dambovita,Liceul de Arte Nicolae Balcescu,Urban,M,8.01,7.5,6.81,7.4,10.0,7.7,1,0,2019
1160,2019,Covasna,Liceul Teoretic Elena Cuza,Urban,M,8.81,7.37,6.3,8.64,9.78,7.74,1,0,2019
1161,2019,Tulcea,Colegiul Economic Bogdan Voda,Urban,M,5.14,6.55,4.16,7.34,9.58,6.26,0,0,2019
1162,2019,Braila,Liceul de Arte Grigore Moisil,Urban,M,3.24,5.56,5.04,6.55,8.33,5.74,0,0,2019
1163,2019,Valcea,Colegiul Tehnic Ion Luca Caragiale,Rural,F,7.77,5.15,6.11,7.98,4.94,6.09,0,0,2019
1164,2019,Dambovita,Colegiul Tehnic Spiru Haret,Urban,M,8.69,7.09,8.4,8.21,7.69,7.9,1,0,2019
1165,2019,Dolj,Liceul Pedagogic Stefan cel Mare,Rural,F,9.69,5.0,5.59,6.32,7.22,6.18,1,0,2019
1166,2019,Covasna,Liceul Sportiv Spiru Haret,Rural,F,7.53,9.58,2.85,8.48,7.57,6.89,0,0,2019
1167,2019,Arges,Liceul Pedagogic Onisifor Ghibu,Urban,M,9.23,7.5,6.98,9.4,7.03,7.73,1,0,2019
1168,2019,Ialomita,Colegiul Tehnic Emil Racovita,Urban,F,6.99,7.71,4.26,5.14,9.24,6.45,0,0,2019
1169,2019,Valcea,Colegiul National George Cosbuc,Rural,F,8.26,3.76,9.26,5.99,9.05,6.99,0,0,2019
1170,2019,Bacau,Liceul Teoretic Avram Iancu,Rural,F,5.46,10.0,7.78,6.27,7.85,8.0,1,0,2019
1171,2019,Covasna,Liceul Pedagogic Avram Iancu,Urban,F,7.5,8.49,5.0,10.0,9.0,7.65,1,0,2019
1172,2019,Dolj,Liceul Sportiv Mircea cel Batran,Urban,M,10.0,6.27,8.36,10.0,8.72,8.2,1,0,2019
1173,2019,Satu Mare,Liceul Tehnologic Mihai Viteazul,Urban,M,7.85,8.43,7.9,9.29,8.73,8.39,1,0,2019
1174,2019,Sibiu,Liceul Sportiv Mihai Eminescu,Rural,F,5.04,5.8,6.32,5.41,7.97,6.15,1,0,2019
1175,2019,Bistrita-Nasaud,Liceul Tehnologic Traian,Rural,M,6.19,9.22,5.32,2.56,7.89,6.55,0,0,2019
1176,2019,Harghita,Liceul Teoretic Lucian Blaga,Urban,F,7.28,10.0,6.35,8.5,6.59,7.9,1,0,2019
1177,2019,Satu Mare,Scoala Nationala Spiru Haret,Urban,M,7.13,6.43,4.51,8.17,9.5,6.65,0,1,2019
1178,2019,Mures,Liceul Sportiv Octavian Goga,Rural,M,7.85,6.61,3.43,7.48,10.0,6.42,0,0,2019
1179,2019,Mures,Liceul Tehnologic Stefan cel Mare,Rural,M,6.49,5.65,4.37,5.57,1.0,4.64,0,0,2019
1180,2019,Iasi,Colegiul National Mircea cel Batran,Urban,F,8.17,9.4,5.0,8.48,7.53,7.54,1,0,2019
1181,2019,Neamt,Liceul de Arte Mircea cel Batran,Rural,F,8.94,4.7,6.5,7.6,2.28,5.74,0,1,2019
1182,2019,Galati,Colegiul Tehnic Decebal,Rural,M,8.5,5.78,8.36,8.66,6.61,7.38,1,0,2019
1183,2019,Calarasi,Colegiul Economic Tudor Vladimirescu,Urban,M,6.97,5.25,6.12,8.17,6.42,6.3,1,0,2019
1184,2019,Bistrita-Nasaud,Colegiul Economic Gheorghe Sincai,Urban,F,9.63,9.28,7.28,6.55,8.54,8.19,1,0,2019
1185,2019,Sibiu,Liceul Pedagogic Spiru Haret,Rural,M,8.29,8.72,5.0,8.94,6.06,7.2,1,0,2019
1186,2019,Bistrita-Nasaud,Liceul Tehnologic Gheorghe Sincai,Urban,M,8.11,6.08,6.58,8.72,4.79,6.64,0,0,2019
1187,2019,Mehedinti,Liceul Sportiv Mihai Eminescu,Rural,F,10.0,7.05,10.0,6.36,10.0,8.57,1,0,2019
1188,2019,Mures,Liceul Tehnologic Avram Iancu,Urban,M,5.76,7.76,9.34,7.5,6.75,7.84,1,0,2019
1189,2019,Braila,Liceul Sportiv Unirea,Urban,F,4.9,7.9,6.14,7.74,7.39,6.97,0,0,2019
1190,2019,Cluj,Colegiul Economic Constantin Brancusi,Rural,F,8.53,6.79,8.94,7.6,9.01,8.06,1,0,2019
1191,2019,Vrancea,Liceul Teoretic Tudor Vladimirescu,Urban,M,7.99,6.63,6.68,7.8,9.29,7.36,1,0,2019
1192,2019,Bihor,Liceul Teoretic Mihai Eminescu,Urban,M,8.14,9.58,7.01,8.26,9.67,8.48,1,0,2019
1193,2019,Alba,Colegiul Tehnic Ion Luca Caragiale,Rural,M,4.88,8.38,3.89,5.02,8.38,6.18,0,1,2019
1194,2019,Suceava,Liceul Sportiv Onisifor Ghibu,Rural,M,7.44,10.0,6.09,7.06,7.37,7.74,1,0,2019
1195,2019,Neamt,Liceul de Arte Ion Barbu,Urban,M,8.34,8.11,8.73,8.21,6.56,8.1,1,0,2019
1196,2019,Ilfov,Liceul de Arte Grigore Moisil,Rural,F,9.59,8.39,5.9,8.08,6.99,7.51,1,0,2019
1197,2019,Botosani,Liceul Tehnologic Mihai Eminescu,Urban,M,8.09,7.35,7.45,6.27,6.62,7.18,1,0,2019
1198,2019,Suceava,Liceul de Arte Constantin Brancusi,Urban,M,9.19,9.1,5.23,9.44,6.87,7.66,1,0,2019
1199,2019,Satu Mare,Liceul de Arte Mihai Eminescu,Urban,M,8.19,6.11,8.14,7.89,5.53,7.11,0,1,2019
1200,2019,Hunedoara,Liceul Teoretic Marin Preda,Rural,F,7.66,5.46,6.01,9.13,7.7,6.73,1,0,2019
1201,2019,Satu Mare,Colegiul Economic Octavian Goga,Rural,M,7.33,4.25,6.34,5.63,8.49,6.03,0,0,2019
1202,2019,Suceava,Colegiul National Ioan Slavici,Rural,M,8.34,7.5,7.09,7.62,6.62,7.35,1,0,2019
1203,2019,Bistrita-Nasaud,Liceul Sportiv Avram Iancu,Urban,M,8.91,7.11,7.68,4.18,1.0,6.1,0,0,2019
1204,2019,Satu Mare,Liceul Teoretic Vasile Alecsandri,Rural,F,8.28,7.45,8.01,7.95,9.57,8.09,1,0,2019
1205,2019,Arad,Liceul Pedagogic Alexandru Ioan Cuza,Urban,M,9.1,9.71,6.88,6.5,8.42,8.12,1,0,2019
1206,2019,Satu Mare,Scoala Nationala Mircea cel Batran,Rural,M,7.64,6.76,3.42,5.38,8.89,5.96,0,0,2019
1207,2019,Dambovita,Liceul de Arte Tudor Vladimirescu,Rural,M,7.7,6.17,3.0,8.27,7.41,5.87,0,0,2019
1208,2019,Maramures,Colegiul Economic Emil Racovita,Rural,M,10.0,5.0,7.41,6.56,6.71,6.71,1,0,2019
1209,2019,Galati,Colegiul Tehnic Spiru Haret,Urban,F,8.14,9.02,5.92,7.55,7.21,7.51,1,0,2019
1210,2019,Braila,Colegiul National Octavian Goga,Rural,M,7.1,6.51,8.04,7.06,7.19,7.21,1,0,2019
1211,2019,Teleorman,Liceul de Arte Emil Racovita,Urban,F,6.76,7.94,4.83,5.47,5.53,6.16,0,0,2019
1212,2019,Suceava,Colegiul National Traian,Rural,M,6.37,5.69,10.0,8.5,8.45,7.89,1,0,2019
1213,2019,Gorj,Liceul Pedagogic Ioan Slavici,Rural,F,8.97,4.4,2.91,4.4,9.07,5.11,0,0,2019
1214,2019,Arges,Liceul Teoretic Gheorghe Sincai,Urban,F,6.83,4.75,5.29,6.79,7.48,5.84,0,0,2019
1215,2019,Satu Mare,Colegiul Economic Nicolae Balcescu,Rural,F,7.5,4.74,7.11,5.29,6.09,6.01,0,0,2019
1216,2019,Covasna,Colegiul National Regina Maria,Rural,M,8.2,5.12,4.35,2.92,4.68,4.8,0,0,2019
1217,2019,Mehedinti,Liceul Tehnologic Mihai Eminescu,Urban,M,8.38,10.0,7.47,8.0,7.96,8.47,1,0,2019
1218,2019,Ialomita,Colegiul Economic Tudor Vladimirescu,Urban,F,9.47,7.68,6.46,10.0,6.42,7.65,1,0,2019
1219,2019,Gorj,Scoala Nationala Tudor Vladimirescu,Urban,M,8.34,10.0,6.3,7.19,6.56,7.79,1,0,2019
1220,2019,Hunedoara,Liceul Pedagogic Constantin Brancusi,Rural,M,7.51,4.16,8.35,8.24,5.67,6.59,0,0,2019
1221,2019,Olt,Colegiul Tehnic Emil Racovita,Rural,F,6.75,6.13,3.89,5.66,5.86,5.41,0,0,2019
1222,2019,Alba,Liceul Tehnologic Tudor Vladimirescu,Urban,M,9.86,8.7,8.16,7.83,4.99,7.97,0,0,2019
1223,2019,Calarasi,Liceul Tehnologic Nicolae Balcescu,Rural,F,9.07,9.32,6.89,8.85,10.0,8.6,1,0,2019
1224,2019,Sibiu,Colegiul Economic Alexandru Ioan Cuza,Rural,M,8.37,7.71,6.24,9.0,5.32,7.17,1,0,2019
1225,2019,Dolj,Liceul Tehnologic Mircea cel Batran,Urban,F,9.07,7.08,5.11,5.78,6.58,6.42,1,0,2019
1226,2019,Bistrita-Nasaud,Liceul Pedagogic Mircea cel Batran,Rural,M,8.2,7.5,4.05,4.89,7.71,6.18,0,0,2019
1227,2019,Brasov,Scoala Nationala Alexandru Ioan Cuza,Urban,F,6.59,7.11,6.46,10.0,10.0,7.73,1,0,2019
1228,2019,Tulcea,Liceul Teoretic Emil Racovita,Rural,F,10.0,6.01,1.68,2.05,5.17,4.39,0,0,2019
1229,2019,Neamt,Scoala Nationala Avram Iancu,Urban,F,7.32,9.34,8.02,7.99,5.44,7.95,1,0,2019
1230,2019,Arad,Scoala Nationala Mihai Viteazul,Urban,M,8.51,9.58,7.4,6.67,8.24,8.18,1,0,2019
1231,2019,Vaslui,Colegiul Tehnic Bogdan Voda,Urban,M,7.69,5.69,4.28,8.39,4.41,5.68,0,0,2019
1232,2019,Cluj,Colegiul National Ioan Slavici,Urban,F,9.72,6.53,9.72,8.19,7.49,8.2,1,0,2019
1233,2019,Calarasi,Liceul Teoretic Vasile Alecsandri,Urban,F,6.88,9.35,6.84,8.39,5.23,7.59,1,0,2019
1234,2019,Ilfov,Colegiul National Alexandru Ioan Cuza,Rural,F,9.01,9.0,5.95,6.5,7.39,7.47,1,0,2019
1235,2019,Suceava,Liceul Tehnologic Unirea,Rural,F,9.02,8.58,8.03,5.43,6.35,7.65,1,0,2019
1236,2019,Hunedoara,Scoala Nationala Ion Luca Caragiale,Urban,M,9.95,9.52,7.59,9.44,7.2,8.62,1,0,2019
1237,2019,Botosani,Liceul Tehnologic Octavian Goga,Rural,F,8.32,3.38,6.14,6.02,2.99,5.04,0,1,2019
1238,2019,Valcea,Colegiul Economic George Cosbuc,Urban,M,8.75,8.7,7.26,8.33,10.0,8.41,1,0,2019
1239,2019,Galati,Liceul Teoretic Gheorghe Sincai,Urban,M,7.77,6.61,5.66,7.41,5.51,6.4,1,0,2019
1240,2019,Buzau,Colegiul Tehnic Elena Cuza,Urban,F,7.77,8.16,6.64,7.98,7.78,7.58,1,0,2019
1241,2019,Sibiu,Colegiul Economic Tudor Vladimirescu,Rural,F,7.97,7.56,8.09,10.0,5.0,7.74,1,0,2019
1242,2019,Valcea,Scoala Nationala Dimitrie Cantemir,Urban,F,7.53,6.5,8.28,8.09,8.57,7.69,1,0,2019
1243,2019,Bucuresti,Liceul Tehnologic Grigore Moisil,Urban,M,4.9,5.82,3.94,7.81,5.13,5.36,0,0,2019
1244,2019,Maramures,Liceul Teoretic Avram Iancu,Rural,F,6.64,6.95,9.05,9.66,6.75,7.93,1,0,2019
1245,2019,Harghita,Liceul de Arte Elena Cuza,Urban,M,8.61,7.66,5.78,7.01,9.88,7.43,1,0,2019
1246,2019,Gorj,Liceul Tehnologic Lucian Blaga,Urban,M,7.88,3.22,4.79,5.74,6.02,4.95,0,0,2019
1247,2019,Iasi,Scoala Nationala Decebal,Rural,M,8.0,6.19,5.43,9.0,5.01,6.39,1,0,2019
1248,2019,Vaslui,Liceul Tehnologic Bogdan Voda,Urban,F,10.0,7.85,6.39,6.72,10.0,7.78,1,0,2019
1249,2019,Maramures,Liceul de Arte Elena Cuza,Urban,F,6.92,8.26,2.82,6.72,6.77,6.04,0,0,2019
1250,2019,Mures,Liceul Sportiv Ion Luca Caragiale,Rural,F,7.86,5.92,6.01,5.82,7.05,6.3,1,0,2019
1251,2019,Neamt,Colegiul Tehnic Octavian Goga,Urban,M,8.7,6.28,8.34,7.74,8.89,7.75,1,0,2019
1252,2019,Bistrita-Nasaud,Liceul Teoretic Mircea cel Batran,Rural,F,6.77,6.51,5.0,7.52,8.79,6.58,1,0,2019
1253,2019,Dolj,Liceul Pedagogic Traian,Rural,F,5.34,5.15,6.71,8.8,3.41,5.92,0,0,2019
1254,2019,Alba,Liceul Tehnologic Mihai Viteazul,Rural,F,9.62,7.37,5.38,6.63,9.93,7.27,1,0,2019
1255,2019,Teleorman,Colegiul National Elena Cuza,Rural,F,8.56,8.02,9.22,9.08,6.0,8.29,1,0,2019
1256,2019,Teleorman,Scoala Nationala Bogdan Voda,Rural,F,7.46,7.87,6.96,5.3,10.0,7.49,1,0,2019
1257,2019,Calarasi,Colegiul Tehnic Avram Iancu,Rural,M,7.48,8.82,6.47,10.0,8.01,8.04,1,0,2019
1258,2019,Braila,Colegiul Economic Avram Iancu,Urban,M,8.06,8.85,8.91,7.72,9.01,8.64,1,0,2019
1259,2019,Brasov,Liceul Teoretic Octavian Goga,Urban,M,9.72,8.2,6.3,6.03,6.44,7.19,1,0,2019
1260,2019,Gorj,Colegiul Economic Stefan cel Mare,Urban,F,8.86,2.07,8.69,8.09,9.37,6.73,0,0,2019
1261,2019,Sibiu,Liceul Sportiv Nicolae Balcescu,Rural,F,7.0,7.33,6.55,8.92,8.63,7.5,1,0,2019
1262,2019,Vrancea,Liceul de Arte Ana Ipatescu,Urban,F,5.92,5.39,3.88,4.67,7.26,5.16,0,0,2019
1263,2019,Alba,Scoala Nationala Ana Ipatescu,Urban,F,9.23,6.67,7.43,9.83,10.0,8.13,1,0,2019
1264,2019,Brasov,Liceul Pedagogic Alexandru Ioan Cuza,Rural,F,8.99,7.99,7.36,7.47,5.28,7.42,1,0,2019
1265,2019,Ilfov,Liceul Pedagogic Vasile Alecsandri,Urban,F,8.56,6.53,5.29,7.14,7.07,6.53,1,0,2019
1266,2019,Olt,Liceul de Arte Ana Ipatescu,Urban,F,8.85,2.86,5.87,8.5,7.72,5.94,0,0,2019
1267,2019,Gorj,Colegiul National Avram Iancu,Urban,F,10.0,8.61,7.26,8.26,7.29,8.09,1,0,2019
1268,2019,Satu Mare,Liceul Sportiv Traian,Rural,M,7.73,6.67,8.22,7.16,6.28,7.26,1,0,2019
1269,2019,Braila,Scoala Nationala Spiru Haret,Urban,M,9.06,7.42,6.46,7.73,6.83,7.25,1,0,2019
1270,2019,Maramures,Liceul Tehnologic Ioan Slavici,Urban,M,7.61,6.94,6.69,6.99,5.0,6.65,1,0,2019
1271,2019,Alba,Liceul de Arte Dimitrie Cantemir,Rural,F,9.62,8.57,6.58,10.0,4.45,7.67,0,0,2019
1272,2019,Neamt,Colegiul Economic Alexandru Ioan Cuza,Urban,F,10.0,6.97,7.78,7.55,7.03,7.61,1,0,2019
1273,2019,Sibiu,Liceul Pedagogic Elena Cuza,Urban,F,6.81,8.9,10.0,8.76,9.2,9.04,1,0,2019
1274,2019,Neamt,Scoala Nationala Decebal,Urban,M,9.05,7.97,8.42,6.24,7.25,7.85,1,0,2019
1275,2019,Vaslui,Colegiul Economic Nicolae Balcescu,Rural,F,10.0,6.41,6.04,6.72,5.0,6.49,1,0,2019
1276,2019,Constanta,Liceul Teoretic Grigore Moisil,Rural,F,9.48,8.37,6.96,7.61,8.18,7.92,1,0,2019
1277,2019,Mures,Colegiul Tehnic Lucian Blaga,Urban,M,7.41,6.66,7.66,10.0,7.9,7.72,1,0,2019
1278,2019,Bacau,Liceul Pedagogic Marin Preda,Urban,M,8.45,5.15,9.68,8.3,6.74,7.55,1,0,2019
1279,2019,Iasi,Liceul Tehnologic Nicolae Balcescu,Rural,F,8.75,6.94,6.24,10.0,8.62,7.62,1,0,2019
1280,2019,Hunedoara,Liceul Teoretic Dimitrie Cantemir,Urban,F,7.31,9.92,7.54,6.97,9.05,8.37,1,0,2019
1281,2019,Salaj,Colegiul National Bogdan Voda,Urban,F,9.6,6.79,7.71,7.31,6.97,7.45,1,0,2019
1282,2019,Braila,Scoala Nationala Decebal,Urban,M,9.28,8.93,6.85,8.98,7.38,8.12,1,0,2019
1283,2019,Giurgiu,Liceul Tehnologic Mircea cel Batran,Urban,F,6.1,6.05,6.21,6.87,3.83,5.89,0,0,2019
1284,2019,Constanta,Scoala Nationala Decebal,Urban,F,8.8,7.02,8.42,7.88,7.02,7.75,1,0,2019
1285,2019,Satu Mare,Colegiul National Ioan Slavici,Rural,F,8.87,7.58,6.82,8.45,7.03,7.53,1,0,2019
1286,2019,Timis,Scoala Nationala Marin Preda,Rural,M,9.69,5.08,4.9,5.47,6.23,5.72,0,0,2019
1287,2019,Brasov,Scoala Nationala Emil Racovita,Rural,F,7.39,7.37,7.32,7.97,8.57,7.63,1,0,2019
1288,2019,Valcea,Colegiul National Emil Racovita,Urban,M,9.26,5.22,5.17,2.86,10.0,5.97,0,0,2019
1289,2019,Salaj,Liceul Tehnologic Constantin Brancusi,Rural,M,9.78,3.87,3.42,5.2,4.71,4.65,0,0,2019
1290,2019,Maramures,Liceul Tehnologic Unirea,Urban,F,8.94,7.99,6.67,9.17,9.2,8.05,1,0,2019
1291,2019,Alba,Scoala Nationala Gheorghe Sincai,Rural,M,8.27,8.86,6.06,8.69,10.0,8.11,1,0,2019
1292,2019,Dambovita,Colegiul Tehnic Nicolae Balcescu,Urban,F,8.4,7.13,6.65,8.84,6.01,7.2,1,0,2019
1293,2019,Gorj,Liceul Tehnologic Gheorghe Sincai,Urban,F,6.61,3.7,3.08,7.35,9.25,5.18,0,0,2019
1294,2019,Covasna,Liceul de Arte Lucian Blaga,Urban,F,9.76,9.4,7.83,8.14,7.04,8.42,1,0,2019
1295,2019,Timis,Liceul Pedagogic Lucian Blaga,Urban,F,6.25,7.0,6.0,4.8,7.3,6.34,0,0,2019
1296,2019,Alba,Liceul Tehnologic Gheorghe Sincai,Rural,F,8.65,4.14,8.4,3.54,10.0,6.66,0,0,2019
1297,2019,Vaslui,Liceul Pedagogic Grigore Moisil,Urban,M,7.02,7.26,2.23,7.09,7.41,5.72,0,0,2019
1298,2019,Covasna,Colegiul Economic Ioan Slavici,Rural,F,9.65,6.41,5.72,8.65,6.46,6.87,1,0,2019
1299,2019,Neamt,Liceul Tehnologic Constantin Brancusi,Urban,M,6.13,8.98,6.62,5.0,10.0,7.54,1,0,2019
1300,2019,Cluj,Liceul Pedagogic Mihai Eminescu,Urban,F,8.23,7.64,8.1,6.54,8.72,7.83,1,0,2019
1301,2019,Cluj,Liceul Tehnologic George Cosbuc,Rural,M,7.27,8.12,6.57,7.17,10.0,7.71,1,0,2019
1302,2019,Prahova,Scoala Nationala Ioan Slavici,Rural,M,4.79,8.98,7.04,5.59,9.66,7.57,0,0,2019
1303,2019,Valcea,Colegiul National Onisifor Ghibu,Urban,F,5.01,6.06,3.66,7.9,5.0,5.35,0,0,2019
1304,2019,Braila,Colegiul National Emil Racovita,Urban,F,8.21,6.66,5.19,7.86,6.52,6.53,1,0,2019
1305,2019,Botosani,Liceul Teoretic Stefan cel Mare,Urban,M,6.28,10.0,7.08,8.0,6.51,7.93,1,0,2019
1306,2019,Tulcea,Liceul Sportiv Ioan Slavici,Rural,M,8.4,7.95,8.09,8.09,7.67,8.02,1,0,2019
1307,2019,Teleorman,Colegiul National Vasile Alecsandri,Rural,M,9.0,5.07,3.72,1.0,6.77,4.7,0,0,2019
1308,2019,Buzau,Colegiul Economic Ioan Slavici,Urban,F,9.15,9.27,8.58,7.67,7.57,8.56,1,0,2019
1309,2019,Gorj,Liceul Teoretic Mihai Viteazul,Urban,M,8.34,7.89,8.93,9.2,6.64,8.26,1,0,2019
1310,2019,Brasov,Liceul Teoretic Decebal,Urban,M,9.42,6.7,8.15,10.0,9.19,8.28,1,0,2019
1311,2019,Ilfov,Liceul Tehnologic Avram Iancu,Rural,M,7.08,8.8,6.13,6.45,7.46,7.27,1,0,2019
1312,2019,Ialomita,Liceul Pedagogic Decebal,Urban,M,10.0,7.6,5.44,4.6,6.61,6.59,0,0,2019
1313,2019,Botosani,Liceul Pedagogic Emil Racovita,Urban,F,7.93,6.3,2.7,5.75,9.62,5.8,0,0,2019
1314,2019,Alba,Liceul Tehnologic Lucian Blaga,Rural,M,9.39,8.62,7.08,8.42,9.21,8.29,1,0,2019
1315,2019,Olt,Liceul Teoretic Vasile Alecsandri,Rural,M,8.46,8.23,5.74,5.36,7.96,7.04,1,0,2019
1316,2019,Giurgiu,Colegiul Economic Marin Preda,Urban,F,9.12,7.47,5.55,8.61,6.08,7.02,1,0,2019
1317,2019,Neamt,Liceul de Arte Ioan Slavici,Urban,M,7.73,6.68,7.84,4.52,5.47,6.63,0,0,2019
1318,2019,Dolj,Liceul Sportiv Traian,Urban,M,8.85,8.8,8.74,8.43,6.08,8.32,1,0,2019
1319,2019,Dambovita,Colegiul Tehnic Elena Cuza,Urban,M,9.53,10.0,8.79,8.28,6.0,8.73,1,0,2019
1320,2019,Ilfov,Scoala Nationala Mihai Viteazul,Urban,M,7.65,5.39,5.82,6.26,9.11,6.43,0,1,2019
1321,2019,Bacau,Liceul Tehnologic Octavian Goga,Rural,F,10.0,8.32,9.19,7.7,6.79,8.43,1,0,2019
1322,2019,Timis,Colegiul Tehnic Nicolae Balcescu,Rural,M,3.93,2.85,5.76,7.71,4.98,4.88,0,0,2019
1323,2019,Maramures,Colegiul National Elena Cuza,Rural,M,7.18,6.39,5.0,5.0,9.51,6.31,1,0,2019
1324,2019,Vaslui,Colegiul National Ioan Slavici,Urban,M,6.81,6.61,9.52,8.85,7.26,7.94,1,0,2019
1325,2019,Bistrita-Nasaud,Colegiul Economic Ioan Slavici,Urban,F,6.28,3.59,5.86,7.75,8.98,5.97,0,0,2019
1326,2019,Braila,Colegiul Economic Spiru Haret,Rural,M,7.65,7.81,5.0,8.8,7.79,7.1,1,0,2019
1327,2019,Alba,Colegiul National Decebal,Urban,F,9.69,9.88,10.0,9.26,9.63,9.77,1,0,2019
1328,2019,Sibiu,Liceul Sportiv Traian,Urban,F,8.83,9.43,10.0,7.57,5.0,8.6,1,0,2019
1329,2019,Galati,Colegiul Economic Regina Maria,Rural,F,7.7,8.02,9.08,8.24,8.51,8.41,1,0,2019
1330,2019,Bistrita-Nasaud,Colegiul Tehnic Tudor Vladimirescu,Urban,M,7.68,7.79,8.7,6.73,7.92,7.91,1,0,2019
1331,2019,Dambovita,Liceul Teoretic Ion Barbu,Urban,M,8.01,7.08,8.15,6.08,5.96,7.18,1,0,2019
1332,2019,Mehedinti,Colegiul Economic Stefan cel Mare,Rural,F,7.68,7.52,6.72,6.89,7.25,7.16,1,0,2019
1333,2019,Botosani,Colegiul National Alexandru Ioan Cuza,Urban,M,7.88,7.76,9.78,6.98,6.88,8.13,1,0,2019
1334,2019,Teleorman,Liceul Pedagogic Stefan cel Mare,Urban,F,7.99,6.0,4.95,9.64,7.51,6.66,0,1,2019
1335,2019,Arges,Colegiul National Unirea,Urban,F,6.81,6.55,9.66,6.8,5.76,7.43,1,0,2019
1336,2019,Bacau,Liceul de Arte Onisifor Ghibu,Urban,M,6.64,6.01,4.95,5.02,4.98,5.45,0,1,2019
1337,2019,Constanta,Liceul Tehnologic Elena Cuza,Urban,F,9.35,8.06,5.4,6.85,9.29,7.39,1,0,2019
1338,2019,Ialomita,Liceul Tehnologic Mihai Eminescu,Urban,M,7.31,6.3,4.49,5.89,7.58,5.99,0,0,2019
1339,2019,Vaslui,Liceul Sportiv George Cosbuc,Rural,F,5.0,3.48,4.43,6.22,3.73,4.37,0,0,2019
1340,2019,Covasna,Liceul Tehnologic Ion Luca Caragiale,Rural,M,6.57,6.3,8.84,6.84,4.81,6.95,0,0,2019
1341,2019,Suceava,Liceul de Arte Octavian Goga,Rural,F,8.53,9.33,8.46,8.4,8.67,8.75,1,0,2019
1342,2019,Neamt,Colegiul Tehnic Stefan cel Mare,Urban,M,5.73,5.41,4.41,5.96,6.13,5.33,0,0,2019
1343,2019,Buzau,Colegiul National Ioan Slavici,Urban,M,7.94,8.56,8.47,5.78,5.48,7.59,1,0,2019
1344,2019,Bistrita-Nasaud,Liceul Pedagogic Avram Iancu,Urban,F,9.44,8.16,6.98,8.0,6.95,7.73,1,0,2019
1345,2019,Tulcea,Liceul Sportiv Gheorghe Sincai,Urban,F,6.65,6.33,4.25,6.29,4.27,5.42,0,0,2019
1346,2019,Olt,Liceul Sportiv Nicolae Balcescu,Rural,F,7.98,6.23,6.37,7.92,7.07,6.83,1,0,2019
1347,2019,Gorj,Liceul Tehnologic Constantin Brancusi,Urban,M,8.37,6.77,9.43,7.14,9.81,8.24,1,0,2019
1348,2019,Vrancea,Scoala Nationala Constantin Brancusi,Rural,F,6.68,6.89,5.77,10.0,5.39,6.77,1,0,2019
1349,2019,Arges,Colegiul Tehnic Elena Cuza,Rural,M,1.0,6.9,3.25,7.8,5.6,5.15,0,0,2019
1350,2019,Gorj,Colegiul Tehnic Tudor Vladimirescu,Urban,M,8.52,4.99,4.0,8.37,6.38,5.76,0,0,2019
1351,2019,Iasi,Liceul Sportiv Vasile Alecsandri,Urban,M,10.0,9.18,8.35,8.67,7.61,8.7,1,0,2019
1352,2019,Botosani,Colegiul Tehnic Tudor Vladimirescu,Rural,M,7.96,6.1,5.0,6.93,7.57,6.3,1,0,2019
1353,2019,Hunedoara,Liceul Sportiv Vasile Alecsandri,Urban,M,8.37,7.77,7.53,10.0,8.1,8.14,1,0,2019
1354,2019,Arges,Colegiul Tehnic Lucian Blaga,Urban,M,8.26,7.45,7.78,6.79,8.96,7.76,1,0,2019
1355,2019,Valcea,Colegiul Economic Mihai Viteazul,Rural,F,8.77,7.05,9.26,6.51,7.65,7.89,1,0,2019
1356,2019,Covasna,Liceul Pedagogic Gheorghe Sincai,Rural,M,3.07,6.88,6.32,8.74,7.98,6.78,0,0,2019
1357,2019,Giurgiu,Colegiul Economic Ion Luca Caragiale,Urban,F,7.55,7.78,8.53,8.48,8.95,8.26,1,0,2019
1358,2019,Galati,Colegiul Economic Lucian Blaga,Urban,F,7.89,3.61,5.92,5.88,8.69,5.83,0,0,2019
1359,2019,Iasi,Liceul Tehnologic Elena Cuza,Rural,F,6.82,8.34,8.16,8.99,9.66,8.43,1,0,2019
1360,2019,Tulcea,Colegiul Tehnic George Cosbuc,Urban,F,7.9,4.45,6.97,7.62,5.91,6.25,0,0,2019
1361,2019,Buzau,Liceul de Arte Mihai Eminescu,Urban,M,8.4,7.85,8.28,6.29,6.29,7.57,1,0,2019
1362,2019,Prahova,Colegiul Economic Gheorghe Sincai,Rural,F,9.55,6.32,7.97,10.0,9.41,8.15,1,0,2019
1363,2019,Alba,Liceul Sportiv Mircea cel Batran,Rural,M,4.42,2.24,5.6,8.07,4.91,4.74,0,0,2019
1364,2019,Constanta,Colegiul Economic Stefan cel Mare,Urban,M,6.65,8.71,8.79,6.91,6.62,7.94,1,0,2019
1365,2019,Constanta,Liceul de Arte Mihai Eminescu,Rural,M,7.83,9.35,6.5,5.17,3.16,6.79,0,1,2019
1366,2019,Brasov,Colegiul Economic Marin Preda,Rural,M,6.53,6.55,9.31,8.73,9.87,8.2,1,0,2019
1367,2019,Teleorman,Liceul Tehnologic Constantin Brancusi,Urban,M,8.36,6.23,9.39,8.14,7.63,7.89,1,0,2019
1368,2019,Cluj,Liceul Pedagogic Grigore Moisil,Urban,F,8.02,8.04,6.14,8.25,5.51,7.12,1,0,2019
1369,2019,Neamt,Liceul Teoretic George Cosbuc,Rural,M,2.69,6.87,7.09,2.94,7.44,6.01,0,0,2019
1370,2019,Vrancea,Scoala Nationala Vasile Alecsandri,Rural,F,6.79,3.72,3.73,8.34,6.47,5.14,0,0,2019
1371,2019,Arges,Liceul Sportiv Traian,Rural,M,9.11,8.66,7.24,7.48,8.15,8.03,1,0,2019
1372,2019,Constanta,Liceul Sportiv Dimitrie Cantemir,Rural,M,7.6,8.52,7.58,4.57,4.23,6.91,0,0,2019
1373,2019,Mehedinti,Liceul Pedagogic Gheorghe Sincai,Urban,F,6.62,8.76,2.89,4.9,7.65,6.04,0,0,2019
1374,2019,Dolj,Colegiul National Ioan Slavici,Urban,M,7.85,4.58,4.19,5.19,6.03,5.1,0,1,2019
1375,2019,Suceava,Colegiul Economic Alexandru Ioan Cuza,Rural,M,6.81,4.07,8.84,3.98,9.09,6.51,0,0,2019
1376,2019,Vrancea,Colegiul Economic Ioan Slavici,Rural,M,9.0,8.2,4.07,7.15,3.85,6.23,0,0,2019
1377,2019,Cluj,Colegiul Tehnic Vasile Alecsandri,Urban,F,8.88,8.87,5.77,7.15,8.15,7.57,1,0,2019
1378,2019,Braila,Liceul Pedagogic Ion Barbu,Urban,M,10.0,9.39,5.0,8.84,10.0,8.14,1,0,2019
1379,2019,Hunedoara,Liceul Tehnologic Mihai Eminescu,Urban,F,8.59,8.61,6.97,8.8,6.52,7.83,1,0,2019
1380,2019,Teleorman,Liceul Tehnologic Constantin Brancusi,Rural,F,7.39,1.0,4.61,7.95,5.62,4.46,0,0,2019
1381,2019,Cluj,Scoala Nationala Ion Barbu,Urban,M,6.95,6.96,8.31,8.13,8.49,7.77,1,0,2019
1382,2019,Maramures,Liceul Tehnologic Mircea cel Batran,Rural,M,7.75,8.56,5.0,9.88,7.37,7.43,1,0,2019
1383,2019,Vaslui,Liceul Teoretic Vasile Alecsandri,Rural,F,9.81,8.69,6.59,8.41,8.02,8.03,1,0,2019
1384,2019,Galati,Liceul de Arte Regina Maria,Rural,F,7.91,8.62,8.03,6.26,7.68,7.88,1,0,2019
1385,2019,Salaj,Liceul Teoretic Stefan cel Mare,Rural,F,6.49,4.55,5.01,6.36,3.08,4.93,0,0,2019
1386,2019,Hunedoara,Liceul Pedagogic Mihai Eminescu,Rural,F,8.48,1.0,10.0,9.35,5.88,6.43,0,0,2019
1387,2019,Bucuresti,Liceul de Arte Mihai Viteazul,Rural,F,7.12,7.01,4.3,6.87,6.11,6.05,0,0,2019
1388,2019,Alba,Colegiul Tehnic Decebal,Urban,M,7.95,7.33,8.55,7.27,7.46,7.77,1,0,2019
1389,2019,Arad,Liceul de Arte Vasile Alecsandri,Urban,M,9.42,3.11,6.65,7.04,9.23,6.31,0,0,2019
1390,2019,Dambovita,Liceul Pedagogic Mihai Viteazul,Urban,M,9.4,6.81,6.51,8.35,6.45,7.16,1,0,2019
1391,2019,Bistrita-Nasaud,Liceul Sportiv Dimitrie Cantemir,Urban,M,9.44,7.62,7.96,9.04,9.08,8.34,1,0,2019
1392,2019,Mehedinti,Liceul Pedagogic Tudor Vladimirescu,Rural,F,10.0,10.0,6.52,8.04,7.82,8.33,1,0,2019
1393,2019,Vaslui,Liceul Sportiv Dimitrie Cantemir,Urban,M,10.0,6.39,5.55,6.61,5.84,6.45,1,0,2019
1394,2019,Giurgiu,Colegiul Economic Stefan cel Mare,Rural,M,5.93,5.35,2.6,5.01,10.0,5.23,0,0,2019
1395,2019,Bucuresti,Scoala Nationala Gheorghe Sincai,Rural,F,8.28,8.25,8.19,9.98,6.38,8.21,1,0,2019
1396,2019,Gorj,Scoala Nationala Marin Preda,Rural,M,7.45,6.83,5.0,6.66,5.29,6.09,1,0,2019
1397,2019,Brasov,Liceul de Arte Alexandru Ioan Cuza,Urban,F,7.42,8.56,7.23,7.3,6.72,7.58,1,0,2019
1398,2019,Ilfov,Liceul de Arte Elena Cuza,Urban,M,8.9,8.24,7.72,9.93,7.83,8.34,1,0,2019
1399,2019,Ialomita,Colegiul Tehnic Traian,Urban,M,8.09,7.62,7.27,10.0,7.93,7.97,1,0,2019
1400,2019,Gorj,Liceul Pedagogic Elena Cuza,Rural,F,6.97,5.37,4.54,6.56,6.62,5.65,0,0,2019
1401,2019,Bihor,Colegiul Economic Lucian Blaga,Urban,M,1.49,6.51,9.02,9.55,7.45,7.36,0,0,2019
1402,2019,Salaj,Liceul Teoretic Constantin Brancusi,Urban,M,8.35,9.8,9.08,8.45,9.56,9.2,1,0,2019
1403,2019,Hunedoara,Colegiul National Mircea cel Batran,Urban,F,6.77,5.45,6.4,6.81,8.17,6.48,0,1,2019
1404,2019,Alba,Colegiul Economic Nicolae Balcescu,Rural,F,6.37,9.84,2.76,8.88,4.87,6.48,0,0,2019
1405,2019,Arges,Colegiul Economic Spiru Haret,Urban,F,7.79,8.66,7.55,7.49,7.87,7.95,1,0,2019
1406,2019,Hunedoara,Liceul de Arte Mihai Viteazul,Rural,F,7.06,3.54,2.47,6.11,6.08,4.34,0,0,2019
1407,2019,Prahova,Liceul de Arte Decebal,Urban,M,8.79,8.36,7.47,6.72,5.99,7.53,1,0,2019
1408,2019,Dambovita,Liceul de Arte Grigore Moisil,Urban,F,7.77,6.24,6.12,7.97,8.01,6.88,1,0,2019
1409,2019,Neamt,Liceul de Arte Ion Barbu,Urban,F,6.52,9.74,5.54,9.8,5.84,7.58,1,0,2019
1410,2019,Bacau,Liceul Pedagogic George Cosbuc,Urban,M,7.76,7.72,6.72,8.66,7.39,7.52,1,0,2019
1411,2019,Vrancea,Liceul Tehnologic Unirea,Rural,F,8.08,6.31,6.35,8.25,6.67,6.84,1,0,2019
1412,2019,Braila,Colegiul Economic Mircea cel Batran,Urban,F,8.09,9.11,7.17,7.43,7.07,7.87,1,0,2019
1413,2019,Brasov,Liceul Sportiv Gheorghe Sincai,Urban,F,7.33,8.44,8.23,5.0,8.07,7.69,1,0,2019
1414,2019,Satu Mare,Liceul Teoretic Marin Preda,Urban,F,10.0,8.44,5.16,10.0,8.1,7.8,1,0,2019
1415,2019,Dolj,Liceul Teoretic George Cosbuc,Rural,M,3.01,5.25,2.28,10.0,6.12,4.98,0,0,2019
1416,2019,Covasna,Liceul de Arte Stefan cel Mare,Urban,F,7.76,6.56,6.46,9.39,6.78,7.11,1,0,2019
1417,2019,Sibiu,Liceul Sportiv Mircea cel Batran,Rural,M,7.93,6.08,5.0,9.21,8.74,6.81,1,0,2019
1418,2019,Sibiu,Colegiul Economic Constantin Brancusi,Urban,F,7.08,6.26,8.67,7.16,7.39,7.37,1,0,2019
1419,2019,Sibiu,Colegiul Economic Avram Iancu,Urban,F,7.92,9.34,8.85,8.23,7.77,8.65,1,0,2019
1420,2019,Tulcea,Liceul Teoretic Alexandru Ioan Cuza,Rural,F,8.05,8.98,9.7,8.91,8.6,9.04,1,0,2019
1421,2019,Prahova,Liceul Sportiv Marin Preda,Urban,F,8.74,8.47,6.12,9.81,6.44,7.69,1,0,2019
1422,2019,Timis,Scoala Nationala Dimitrie Cantemir,Urban,F,8.27,8.09,5.0,7.77,7.73,7.08,1,0,2019
1423,2019,Bacau,Colegiul Economic Spiru Haret,Urban,F,6.72,3.78,8.24,9.57,9.8,7.18,0,1,2019
1424,2019,Mehedinti,Scoala Nationala Dimitrie Cantemir,Urban,F,8.9,9.47,8.83,9.09,7.5,8.87,1,0,2019
1425,2019,Bacau,Colegiul National Ana Ipatescu,Rural,M,9.42,7.85,8.36,8.03,8.75,8.32,1,0,2019
1426,2019,Giurgiu,Colegiul Economic Tudor Vladimirescu,Urban,M,9.73,8.8,6.56,7.68,6.7,7.74,1,0,2019
1427,2019,Dambovita,Colegiul Tehnic Avram Iancu,Rural,M,8.01,5.05,7.79,6.02,5.56,6.39,1,0,2019
1428,2019,Gorj,Liceul Tehnologic Ion Luca Caragiale,Rural,F,7.13,5.22,6.32,5.48,7.34,6.1,0,1,2019
1429,2019,Harghita,Liceul Teoretic Avram Iancu,Rural,M,9.05,8.03,8.45,7.38,5.59,7.79,1,0,2019
1430,2019,Prahova,Liceul de Arte Mihai Eminescu,Urban,F,9.36,7.22,8.06,5.23,10.0,7.8,1,0,2019
1431,2019,Galati,Colegiul National Decebal,Rural,F,7.92,6.38,5.0,7.42,7.46,6.44,1,0,2019
1432,2019,Satu Mare,Liceul Teoretic Nicolae Balcescu,Urban,F,5.81,5.65,7.59,10.0,7.86,7.23,1,0,2019
1433,2019,Gorj,Liceul Tehnologic Onisifor Ghibu,Rural,F,8.06,8.56,5.93,9.39,8.21,7.79,1,0,2019
1434,2019,Harghita,Liceul de Arte Traian,Rural,F,10.0,10.0,9.19,6.9,10.0,9.29,1,0,2019
1435,2019,Salaj,Liceul Pedagogic Elena Cuza,Urban,F,8.12,8.76,7.16,7.35,9.52,8.12,1,0,2019
1436,2019,Suceava,Liceul Sportiv Vasile Alecsandri,Rural,M,8.05,8.68,9.18,8.68,7.53,8.59,1,0,2019
1437,2019,Suceava,Colegiul Tehnic Bogdan Voda,Rural,F,9.79,2.15,4.08,9.29,8.59,5.53,0,0,2019
1438,2019,Arad,Liceul de Arte Stefan cel Mare,Urban,M,8.33,7.35,5.14,8.66,9.79,7.35,1,0,2019
1439,2019,Constanta,Liceul Pedagogic Ana Ipatescu,Rural,F,6.94,3.03,2.05,6.51,3.75,3.76,0,0,2019
1440,2019,Olt,Liceul de Arte Ana Ipatescu,Rural,M,10.0,5.76,5.0,6.97,10.0,6.77,1,0,2019
1441,2019,Vaslui,Colegiul National Unirea,Urban,M,7.71,9.16,7.26,10.0,9.47,8.62,1,0,2019
1442,2019,Ialomita,Liceul de Arte Octavian Goga,Rural,F,8.31,5.39,7.59,8.34,5.0,6.73,1,0,2019
1443,2019,Alba,Liceul Tehnologic Ion Luca Caragiale,Urban,M,9.77,7.92,7.77,5.91,8.12,7.79,1,0,2019
1444,2019,Calarasi,Colegiul National Constantin Brancusi,Urban,F,9.18,8.08,10.0,7.96,9.05,8.89,1,0,2019
1445,2019,Gorj,Colegiul National Dimitrie Cantemir,Rural,F,6.24,9.89,5.25,8.19,9.27,7.78,1,0,2019
1446,2019,Alba,Scoala Nationala Bogdan Voda,Urban,F,6.9,7.96,4.04,10.0,8.69,7.09,0,0,2019
1447,2019,Bistrita-Nasaud,Colegiul Economic Unirea,Rural,F,1.66,4.85,5.35,5.85,10.0,5.6,0,0,2019
1448,2019,Satu Mare,Colegiul Economic Dimitrie Cantemir,Rural,F,8.85,8.11,7.25,6.29,7.58,7.57,1,0,2019
1449,2019,Botosani,Liceul Tehnologic Unirea,Rural,M,7.08,9.05,8.84,9.99,7.76,8.74,1,0,2019
1450,2019,Hunedoara,Liceul Pedagogic Ioan Slavici,Rural,F,7.72,8.29,7.4,5.84,7.11,7.42,1,0,2019
1451,2019,Constanta,Liceul Sportiv Traian,Urban,F,9.36,6.2,7.73,8.18,7.84,7.52,1,0,2019
1452,2019,Neamt,Scoala Nationala Regina Maria,Urban,F,6.44,7.55,5.32,9.07,9.67,7.32,1,0,2019
1453,2019,Iasi,Colegiul Economic Constantin Brancusi,Urban,F,9.39,6.37,9.36,9.88,9.87,8.62,1,0,2019
1454,2019,Timis,Liceul Tehnologic Decebal,Urban,M,5.51,7.0,6.27,6.33,6.2,6.41,1,0,2019
1455,2019,Vaslui,Liceul Pedagogic Nicolae Balcescu,Urban,F,7.7,5.99,3.21,7.57,8.93,6.0,0,0,2019
1456,2019,Mehedinti,Scoala Nationala Constantin Brancusi,Rural,F,8.49,4.78,4.47,5.96,9.54,5.95,0,0,2019
1457,2019,Botosani,Liceul Sportiv Elena Cuza,Urban,F,8.59,8.6,7.8,9.26,8.19,8.4,1,0,2019
1458,2019,Bacau,Colegiul National Elena Cuza,Urban,M,8.75,10.0,7.28,5.81,7.22,8.01,1,0,2019
1459,2019,Buzau,Liceul Tehnologic Octavian Goga,Urban,M,8.52,6.96,7.88,10.0,7.21,7.89,1,0,2019
1460,2019,Alba,Liceul Teoretic Mihai Eminescu,Rural,M,8.36,8.47,8.72,8.06,6.2,8.13,1,0,2019
1461,2019,Brasov,Colegiul National Ion Barbu,Urban,F,8.31,6.57,8.36,9.86,7.05,7.85,1,0,2019
1462,2019,Mehedinti,Liceul Tehnologic Ion Barbu,Urban,F,9.81,6.91,7.24,7.77,7.81,7.56,1,0,2019
1463,2019,Teleorman,Liceul Teoretic Dimitrie Cantemir,Urban,M,7.9,6.7,5.9,7.71,7.16,6.8,1,0,2019
1464,2019,Arad,Liceul Tehnologic Ion Luca Caragiale,Urban,M,8.67,10.0,5.47,6.98,6.48,7.53,1,0,2019
1465,2019,Teleorman,Liceul Teoretic Unirea,Urban,F,8.56,6.4,6.79,5.93,8.87,7.03,1,0,2019
1466,2019,Giurgiu,Colegiul Economic Ion Barbu,Urban,M,10.0,7.98,6.26,6.32,6.9,7.26,1,0,2019
1467,2019,Arad,Liceul Pedagogic Nicolae Balcescu,Urban,F,8.66,8.39,7.97,8.18,6.3,7.95,1,0,2019
1468,2019,Vrancea,Liceul Tehnologic Constantin Brancusi,Urban,M,7.7,10.0,6.83,6.16,5.5,7.57,1,0,2019
1469,2019,Alba,Scoala Nationala Stefan cel Mare,Rural,F,8.11,10.0,5.47,8.22,9.75,8.15,1,0,2019
1470,2019,Suceava,Liceul de Arte Mircea cel Batran,Urban,F,8.98,8.42,7.85,7.98,10.0,8.48,1,0,2019
1471,2019,Ialomita,Liceul Pedagogic Regina Maria,Urban,M,9.38,9.28,7.21,6.15,8.81,8.13,1,0,2019
1472,2019,Satu Mare,Scoala Nationala Onisifor Ghibu,Urban,F,7.86,7.32,9.28,7.98,5.51,7.79,1,0,2019
1473,2019,Galati,Liceul de Arte Unirea,Urban,F,7.97,7.51,5.0,7.94,10.0,7.24,1,0,2019
1474,2019,Mehedinti,Colegiul Tehnic Vasile Alecsandri,Urban,F,8.66,7.32,8.1,10.0,9.84,8.47,1,0,2019
1475,2019,Salaj,Colegiul Tehnic Vasile Alecsandri,Rural,F,6.26,3.5,4.71,1.73,7.3,4.44,0,0,2019
1476,2019,Mures,Colegiul National Grigore Moisil,Rural,F,6.98,8.08,5.38,4.7,8.75,6.75,0,0,2019
1477,2019,Ilfov,Liceul de Arte Vasile Alecsandri,Rural,M,4.09,5.74,5.51,6.53,6.76,5.78,0,0,2019
1478,2019,Bucuresti,Liceul Sportiv Bogdan Voda,Urban,F,8.75,6.94,8.02,7.43,6.27,7.42,1,0,2019
1479,2019,Constanta,Colegiul Tehnic George Cosbuc,Rural,F,8.43,8.02,8.58,8.85,7.89,8.33,1,0,2019
1480,2019,Bucuresti,Liceul Tehnologic Ana Ipatescu,Rural,F,5.3,10.0,2.51,8.3,7.26,6.62,0,1,2019
1481,2019,Tulcea,Scoala Nationala Mihai Viteazul,Urban,F,7.49,6.78,9.62,9.42,7.62,8.22,1,0,2019
1482,2019,Covasna,Scoala Nationala Grigore Moisil,Urban,F,8.59,7.69,8.33,10.0,8.82,8.49,1,0,2019
1483,2019,Bihor,Liceul Teoretic Ioan Slavici,Urban,M,1.44,8.95,4.81,6.91,7.43,6.42,0,0,2019
1484,2019,Salaj,Colegiul Tehnic Ion Barbu,Urban,M,9.83,6.98,6.8,6.22,4.61,6.74,0,0,2019
1485,2019,Galati,Liceul Tehnologic Octavian Goga,Urban,F,7.4,7.94,9.17,8.46,8.4,8.4,1,0,2019
1486,2019,Tulcea,Liceul Pedagogic Tudor Vladimirescu,Urban,F,8.33,9.71,7.81,9.29,7.25,8.57,1,0,2019
1487,2019,Teleorman,Liceul Pedagogic Mircea cel Batran,Rural,F,8.42,9.05,5.0,9.46,7.98,7.67,1,0,2019
1488,2019,Ialomita,Colegiul National Ioan Slavici,Urban,F,7.59,8.26,7.59,7.59,9.42,8.07,1,0,2019
1489,2019,Ialomita,Colegiul Tehnic Mihai Viteazul,Rural,M,10.0,8.62,6.62,8.14,8.32,8.04,1,0,2019
1490,2019,Tulcea,Colegiul National Marin Preda,Rural,M,6.37,7.41,4.88,7.87,6.74,6.52,0,0,2019
1491,2019,Valcea,Liceul Sportiv Ioan Slavici,Rural,M,8.14,6.74,8.12,8.3,6.88,7.55,1,0,2019
1492,2019,Arges,Liceul de Arte Dimitrie Cantemir,Urban,F,8.7,9.11,5.81,10.0,7.56,7.98,1,0,2019
1493,2019,Dambovita,Colegiul Tehnic Traian,Urban,F,8.24,9.6,8.28,8.45,8.82,8.78,1,0,2019
1494,2019,Maramures,Colegiul National Tudor Vladimirescu,Rural,M,8.4,5.78,3.2,2.31,5.87,4.76,0,0,2019
1495,2019,Neamt,Liceul Teoretic Ana Ipatescu,Rural,M,8.98,4.15,7.14,4.69,6.61,5.98,0,0,2019
1496,2019,Iasi,Colegiul Tehnic George Cosbuc,Urban,F,8.59,7.28,9.31,8.39,8.27,8.34,1,0,2019
1497,2019,Dambovita,Scoala Nationala Unirea,Urban,M,7.48,6.86,6.37,10.0,7.67,7.37,1,0,2019
1498,2019,Alba,Colegiul National Ioan Slavici,Rural,F,7.67,5.11,7.42,10.0,7.75,7.19,1,0,2019
1499,2019,Gorj,Colegiul Tehnic Octavian Goga,Urban,F,8.11,8.4,7.77,8.16,8.93,8.23,1,0,2019
1500,2019,Mehedinti,Liceul Pedagogic Traian,Urban,F,7.84,7.92,9.17,8.54,10.0,8.69,1,0,2019
1501,2019,Iasi,Liceul Pedagogic Marin Preda,Rural,M,8.04,1.0,3.21,3.87,6.39,3.61,0,0,2019
1502,2019,Suceava,Liceul Teoretic Nicolae Balcescu,Rural,F,9.07,8.84,7.5,7.14,8.61,8.17,1,0,2019
1503,2019,Mures,Colegiul Tehnic Regina Maria,Rural,M,8.96,6.12,8.54,8.22,6.22,7.46,1,0,2019
1504,2019,Suceava,Liceul de Arte Spiru Haret,Urban,M,7.5,4.9,5.04,10.0,5.63,6.08,0,0,2019
1505,2019,Olt,Liceul Sportiv Ion Barbu,Rural,F,9.67,10.0,6.95,7.73,8.24,8.45,1,0,2019
1506,2019,Giurgiu,Colegiul National Gheorghe Sincai,Urban,F,7.23,8.67,3.48,10.0,8.54,7.15,0,0,2019
1507,2019,Arad,Colegiul Tehnic Tudor Vladimirescu,Rural,F,4.41,4.98,7.4,8.74,3.86,6.04,0,1,2019
1508,2019,Bacau,Colegiul National Regina Maria,Rural,F,8.24,2.51,5.4,8.61,5.3,5.28,0,0,2019
1509,2019,Galati,Liceul de Arte Spiru Haret,Rural,M,4.69,6.69,4.27,7.7,4.63,5.61,0,0,2019
1510,2019,Neamt,Liceul Teoretic Traian,Rural,M,8.03,8.74,6.11,7.8,7.54,7.56,1,0,2019
1511,2019,Gorj,Scoala Nationala Gheorghe Sincai,Rural,M,7.63,10.0,6.94,7.75,7.94,8.2,1,0,2019
1512,2019,Maramures,Colegiul National Gheorghe Sincai,Urban,M,6.74,6.17,3.46,9.11,9.88,6.41,0,0,2019
1513,2019,Bistrita-Nasaud,Colegiul Economic Nicolae Balcescu,Rural,M,8.66,8.94,4.84,5.29,4.84,6.52,0,0,2019
1514,2019,Galati,Liceul Teoretic Octavian Goga,Rural,M,8.13,6.85,5.43,8.96,7.21,6.92,1,0,2019
1515,2019,Galati,Colegiul National Constantin Brancusi,Rural,F,5.76,5.04,7.1,8.48,7.5,6.62,0,1,2019
1516,2019,Bucuresti,Liceul Teoretic Gheorghe Sincai,Rural,F,10.0,9.67,6.57,4.91,3.78,7.18,0,0,2019
1517,2019,Bihor,Liceul Pedagogic Grigore Moisil,Urban,F,7.51,8.36,10.0,7.91,9.1,8.81,1,0,2019
1518,2019,Dambovita,Colegiul National Alexandru Ioan Cuza,Rural,F,8.62,6.95,6.76,8.16,8.17,7.42,1,0,2019
1519,2019,Arges,Liceul de Arte Nicolae Balcescu,Urban,F,8.37,6.62,5.91,8.17,8.33,7.07,1,0,2019
1520,2019,Dambovita,Liceul Pedagogic Mihai Eminescu,Urban,M,6.31,8.53,6.64,7.12,5.82,7.12,1,0,2019
1521,2019,Iasi,Liceul Teoretic George Cosbuc,Urban,F,8.91,8.05,5.61,7.47,6.64,7.11,1,0,2019
1522,2019,Brasov,Liceul de Arte Ion Barbu,Urban,F,8.7,9.77,8.23,8.28,8.28,8.75,1,0,2019
1523,2019,Mures,Colegiul National Lucian Blaga,Urban,F,8.54,7.53,6.81,8.11,7.83,7.55,1,0,2019
1524,2019,Ilfov,Liceul Sportiv Octavian Goga,Urban,F,8.68,7.09,10.0,6.04,6.35,7.85,1,0,2019
1525,2019,Calarasi,Colegiul National Vasile Alecsandri,Urban,F,7.46,9.21,10.0,9.47,5.6,8.77,1,0,2019
1526,2019,Hunedoara,Liceul de Arte Stefan cel Mare,Urban,M,6.9,8.36,8.05,6.86,8.23,7.88,1,0,2019
1527,2019,Vaslui,Liceul Teoretic George Cosbuc,Urban,M,4.99,9.86,4.69,7.61,8.09,7.22,0,0,2019
1528,2019,Tulcea,Colegiul Economic Traian,Urban,M,9.72,6.72,5.07,7.49,9.31,7.03,1,0,2019
1529,2019,Suceava,Scoala Nationala Constantin Brancusi,Rural,M,7.42,6.29,5.21,7.53,8.13,6.54,1,0,2019
1530,2019,Constanta,Colegiul Tehnic Emil Racovita,Rural,F,6.66,9.1,8.98,3.44,7.06,7.66,0,0,2019
1531,2019,Prahova,Liceul Sportiv Spiru Haret,Urban,M,6.51,6.55,6.85,6.84,7.41,6.81,1,0,2019
1532,2019,Bistrita-Nasaud,Liceul Sportiv Decebal,Urban,F,8.54,10.0,5.07,6.13,7.61,7.44,1,0,2019
1533,2019,Mures,Scoala Nationala Alexandru Ioan Cuza,Urban,M,7.45,6.65,9.16,8.13,6.05,7.61,1,0,2019
1534,2019,Vaslui,Liceul de Arte Lucian Blaga,Rural,M,7.74,5.39,10.0,5.95,6.84,7.31,1,0,2019
1535,2019,Mures,Colegiul Tehnic Ana Ipatescu,Urban,M,8.72,9.42,5.59,7.92,9.75,8.03,1,0,2019
1536,2019,Prahova,Scoala Nationala Elena Cuza,Urban,F,8.09,9.48,5.74,6.51,7.96,7.55,1,0,2019
1537,2019,Braila,Liceul Tehnologic George Cosbuc,Rural,M,4.25,5.93,5.3,4.75,8.51,5.78,0,1,2019
1538,2019,Maramures,Scoala Nationala Alexandru Ioan Cuza,Rural,F,5.4,6.13,4.9,9.07,6.38,6.17,0,0,2019
1539,2019,Vaslui,Liceul Teoretic Spiru Haret,Rural,F,8.22,6.65,3.2,3.77,6.61,5.33,0,0,2019
1540,2019,Mures,Liceul Sportiv Elena Cuza,Rural,M,8.41,8.24,7.24,6.15,6.88,7.44,1,0,2019
1541,2019,Cluj,Scoala Nationala George Cosbuc,Rural,M,8.97,7.38,5.86,8.66,7.5,7.29,1,0,2019
1542,2019,Alba,Colegiul Economic Lucian Blaga,Urban,F,7.8,7.87,10.0,8.71,6.84,8.47,1,0,2019
1543,2019,Sibiu,Colegiul Tehnic Octavian Goga,Rural,F,8.15,6.36,8.53,9.03,6.44,7.6,1,0,2019
1544,2019,Bacau,Colegiul Economic Octavian Goga,Urban,M,6.77,8.27,6.88,7.0,6.06,7.18,1,0,2019
1545,2019,Hunedoara,Colegiul Tehnic Dimitrie Cantemir,Rural,M,5.89,5.94,5.97,5.9,8.72,6.36,0,1,2019
1546,2019,Vrancea,Liceul Pedagogic Gheorghe Sincai,Urban,F,8.31,7.21,7.3,8.23,6.22,7.35,1,0,2019
1547,2019,Dambovita,Liceul Teoretic Regina Maria,Rural,F,7.28,8.0,5.87,6.34,6.34,6.79,1,0,2019
1548,2019,Giurgiu,Liceul Tehnologic Mihai Eminescu,Urban,F,6.47,9.54,6.87,5.53,8.37,7.65,1,0,2019
1549,2019,Arges,Colegiul National Mihai Viteazul,Rural,M,7.66,3.59,5.39,9.56,5.0,5.64,0,0,2019
1550,2019,Gorj,Scoala Nationala Ioan Slavici,Rural,M,4.9,6.94,2.07,7.46,4.07,4.92,0,0,2019
1551,2019,Brasov,Liceul Tehnologic Gheorghe Sincai,Urban,F,8.7,10.0,9.28,9.28,7.04,9.1,1,0,2019
1552,2019,Brasov,Colegiul Tehnic Spiru Haret,Rural,M,8.75,5.71,7.49,7.73,9.77,7.46,1,0,2019
1553,2019,Calarasi,Scoala Nationala Bogdan Voda,Urban,F,5.46,9.8,6.36,8.03,10.0,8.1,1,0,2019
1554,2019,Hunedoara,Scoala Nationala Lucian Blaga,Rural,F,8.0,7.2,6.13,8.04,6.91,7.04,1,0,2019
1555,2019,Timis,Colegiul National Alexandru Ioan Cuza,Rural,M,6.56,6.84,2.45,10.0,6.19,5.87,0,1,2019
1556,2019,Dambovita,Liceul Tehnologic Spiru Haret,Rural,F,8.83,8.02,5.85,9.14,8.47,7.69,1,0,2019
1557,2019,Braila,Colegiul Tehnic Mihai Eminescu,Urban,M,7.27,8.89,8.99,9.94,9.16,8.96,1,0,2019
1558,2019,Salaj,Colegiul Economic Elena Cuza,Urban,F,9.71,7.91,7.61,9.95,9.42,8.53,1,0,2019
1559,2019,Maramures,Scoala Nationala Bogdan Voda,Rural,F,5.66,5.73,4.79,5.29,6.67,5.52,0,0,2019
1560,2019,Dambovita,Colegiul Economic Decebal,Rural,M,7.43,7.4,5.0,7.93,8.14,6.87,1,0,2019
1561,2019,Satu Mare,Liceul Pedagogic Dimitrie Cantemir,Urban,F,8.29,8.87,6.62,8.01,7.28,7.77,1,0,2019
1562,2019,Neamt,Liceul Teoretic Marin Preda,Urban,F,8.56,8.96,6.33,9.9,7.31,8.02,1,0,2019
1563,2019,Braila,Liceul Sportiv Decebal,Rural,F,7.64,6.46,5.56,8.61,9.25,7.05,1,0,2019
1564,2019,Dolj,Colegiul Economic Nicolae Balcescu,Urban,F,6.2,10.0,7.91,8.8,8.49,8.59,1,0,2019
1565,2019,Hunedoara,Liceul Sportiv Dimitrie Cantemir,Urban,F,7.43,10.0,6.53,7.36,6.8,7.83,1,0,2019
1566,2019,Bacau,Colegiul National Octavian Goga,Urban,M,7.43,7.27,7.64,8.89,8.47,7.82,1,0,2019
1567,2019,Dambovita,Liceul Teoretic Decebal,Urban,F,7.04,10.0,8.19,6.89,9.51,8.62,1,0,2019
1568,2019,Braila,Colegiul Economic George Cosbuc,Rural,F,9.01,5.84,6.27,6.47,10.0,7.0,1,0,2019
1569,2019,Iasi,Scoala Nationala Stefan cel Mare,Rural,M,6.38,7.53,5.0,6.8,10.0,6.92,1,0,2019
1570,2019,Constanta,Colegiul Tehnic Octavian Goga,Rural,M,5.78,7.57,5.01,8.7,9.12,7.02,1,0,2019
1571,2019,Ialomita,Colegiul National Nicolae Balcescu,Urban,M,6.78,7.14,6.59,8.25,7.03,7.09,1,0,2019
1572,2019,Suceava,Liceul Tehnologic Octavian Goga,Urban,F,8.64,8.28,6.44,9.41,8.16,7.92,1,0,2019
1573,2019,Dambovita,Liceul Teoretic Ion Barbu,Rural,M,9.13,1.0,5.41,8.67,3.67,4.69,0,1,2019
1574,2019,Braila,Liceul Teoretic George Cosbuc,Rural,M,7.74,5.04,4.79,8.3,6.8,5.99,0,0,2019
1575,2019,Mures,Liceul Tehnologic Vasile Alecsandri,Urban,M,4.75,5.24,8.25,7.96,10.0,7.22,0,0,2019
1576,2019,Constanta,Colegiul Economic Ion Luca Caragiale,Rural,M,9.79,5.72,10.0,6.55,4.47,7.35,0,0,2019
1577,2019,Prahova,Liceul Sportiv Tudor Vladimirescu,Urban,F,7.53,7.34,9.57,9.91,6.76,8.33,1,0,2019
1578,2019,Bistrita-Nasaud,Liceul Pedagogic Regina Maria,Urban,F,7.15,6.3,6.67,9.63,6.45,7.02,1,0,2019
1579,2019,Maramures,Liceul de Arte Onisifor Ghibu,Urban,F,8.46,8.31,8.77,9.55,7.17,8.48,1,0,2019
1580,2019,Botosani,Colegiul Tehnic Constantin Brancusi,Urban,M,7.87,8.16,5.05,8.02,7.29,7.05,0,1,2019
1581,2019,Harghita,Liceul Teoretic Traian,Urban,M,7.61,9.26,7.39,8.8,5.79,7.94,1,0,2019
1582,2019,Salaj,Liceul Sportiv Ion Luca Caragiale,Urban,F,6.76,7.71,6.95,5.77,4.9,6.67,0,0,2019
1583,2019,Dambovita,Liceul de Arte Ion Barbu,Urban,F,7.99,6.67,10.0,9.18,10.0,8.68,1,0,2019
1584,2019,Hunedoara,Liceul Pedagogic Elena Cuza,Rural,M,8.07,7.22,5.0,9.86,7.84,7.13,1,0,2019
1585,2019,Timis,Colegiul Tehnic Lucian Blaga,Rural,M,7.99,7.94,5.18,7.7,7.28,6.98,1,0,2019
1586,2019,Satu Mare,Liceul Teoretic Regina Maria,Urban,M,8.78,8.44,8.02,7.86,5.0,7.74,1,0,2019
1587,2019,Bihor,Liceul Teoretic Avram Iancu,Urban,M,7.81,7.38,6.48,8.87,7.66,7.42,1,0,2019
1588,2019,Brasov,Scoala Nationala Mihai Viteazul,Urban,F,7.58,5.61,7.91,8.89,6.94,7.19,1,0,2019
1589,2019,Timis,Liceul Pedagogic Spiru Haret,Urban,F,9.67,7.92,2.78,4.19,6.88,5.84,0,0,2019
1590,2019,Suceava,Liceul Tehnologic Ioan Slavici,Urban,M,9.89,10.0,6.29,7.93,7.26,8.15,1,0,2019
1591,2019,Covasna,Liceul Pedagogic Mihai Viteazul,Rural,M,7.18,5.0,7.3,7.34,9.25,6.9,1,0,2019
1592,2019,Ialomita,Liceul Tehnologic Avram Iancu,Rural,M,7.7,3.44,1.0,5.13,5.15,3.64,0,0,2019
1593,2019,Alba,Colegiul National Octavian Goga,Urban,F,8.92,6.98,8.88,7.54,8.74,8.09,1,0,2019
1594,2019,Constanta,Colegiul National Decebal,Rural,M,6.63,10.0,6.92,8.38,8.04,8.2,1,0,2019
1595,2019,Calarasi,Liceul de Arte Mircea cel Batran,Urban,M,10.0,8.74,8.35,9.04,8.77,8.8,1,0,2019
1596,2019,Constanta,Liceul Pedagogic Marin Preda,Urban,M,6.78,9.88,6.93,7.12,8.43,8.05,1,0,2019
1597,2019,Mehedinti,Colegiul Tehnic George Cosbuc,Rural,M,6.73,1.78,8.12,8.0,7.97,6.04,0,0,2019
1598,2019,Giurgiu,Scoala Nationala Unirea,Urban,M,8.33,5.42,3.51,7.08,5.37,5.38,0,0,2019
1599,2019,Tulcea,Liceul Sportiv Stefan cel Mare,Rural,M,8.36,8.03,6.06,6.52,9.18,7.42,1,0,2019
1600,2019,Dambovita,Liceul Tehnologic Ioan Slavici,Rural,F,9.65,8.87,6.52,8.19,5.35,7.61,1,0,2019
1601,2019,Alba,Scoala Nationala Emil Racovita,Urban,M,8.58,6.73,8.44,5.9,6.37,7.25,1,0,2019
1602,2019,Satu Mare,Scoala Nationala Tudor Vladimirescu,Urban,F,10.0,6.82,6.21,8.92,8.94,7.59,1,0,2019
1603,2019,Maramures,Liceul de Arte Ion Luca Caragiale,Rural,F,10.0,7.7,7.94,8.03,7.37,8.0,1,0,2019
1604,2019,Valcea,Liceul Pedagogic Elena Cuza,Rural,M,9.08,10.0,7.48,10.0,9.88,9.13,1,0,2019
1605,2019,Neamt,Liceul Teoretic Traian,Urban,F,6.23,4.59,9.41,9.23,7.78,7.37,0,0,2019
1606,2019,Cluj,Liceul de Arte Spiru Haret,Urban,F,10.0,6.21,6.79,9.89,7.43,7.5,1,0,2019
1607,2019,Vrancea,Colegiul Economic Marin Preda,Urban,M,9.18,7.75,9.52,10.0,7.95,8.79,1,0,2019
1608,2019,Alba,Liceul Pedagogic Lucian Blaga,Urban,F,8.35,7.21,6.79,8.0,10.0,7.74,1,0,2019
1609,2019,Ilfov,Liceul Pedagogic Nicolae Balcescu,Rural,F,8.73,7.47,7.87,5.79,5.38,7.15,0,1,2019
1610,2019,Mehedinti,Colegiul National Unirea,Urban,M,6.55,6.77,5.31,9.25,6.14,6.59,1,0,2019
1611,2019,Satu Mare,Liceul Sportiv Spiru Haret,Rural,M,5.82,10.0,4.61,6.79,7.3,7.08,0,0,2019
1612,2019,Botosani,Liceul Tehnologic Elena Cuza,Urban,F,6.01,9.22,7.54,9.85,5.78,7.97,1,0,2019
1613,2019,Braila,Liceul Sportiv Mircea cel Batran,Urban,M,7.74,7.07,6.75,4.73,7.2,6.71,0,0,2019
1614,2019,Teleorman,Colegiul National Lucian Blaga,Urban,M,5.6,7.65,1.73,4.05,8.47,5.25,0,0,2019
1615,2019,Hunedoara,Liceul de Arte Ion Luca Caragiale,Rural,F,7.6,10.0,8.4,10.0,8.14,9.0,1,0,2019
1616,2019,Mehedinti,Colegiul Tehnic Ion Barbu,Urban,M,5.28,7.87,3.46,5.41,5.34,5.54,0,0,2019
1617,2019,Bistrita-Nasaud,Scoala Nationala Dimitrie Cantemir,Urban,F,8.93,7.16,8.69,8.06,7.1,7.92,1,0,2019
1618,2019,Alba,Liceul Sportiv Unirea,Urban,M,7.39,7.87,5.33,3.28,8.1,6.41,0,0,2019
1619,2019,Bistrita-Nasaud,Liceul Tehnologic Lucian Blaga,Urban,F,8.32,8.96,8.12,7.23,6.37,8.0,1,0,2019
1620,2019,Arad,Liceul de Arte Constantin Brancusi,Rural,M,8.74,6.9,9.89,8.98,8.94,8.6,1,0,2019
1621,2019,Dolj,Colegiul Tehnic Spiru Haret,Urban,M,2.28,6.34,6.59,8.27,5.37,6.15,0,0,2019
1622,2019,Maramures,Liceul de Arte Dimitrie Cantemir,Rural,F,9.18,6.32,7.42,10.0,8.91,7.88,1,0,2019
1623,2019,Constanta,Liceul Pedagogic Elena Cuza,Urban,F,7.32,10.0,6.79,7.6,10.0,8.41,1,0,2019
1624,2019,Bistrita-Nasaud,Scoala Nationala Constantin Brancusi,Urban,M,6.43,9.12,8.0,7.18,5.44,7.67,1,0,2019
1625,2019,Calarasi,Scoala Nationala Unirea,Urban,M,9.42,8.13,7.91,8.28,7.37,8.1,1,0,2019
1626,2019,Neamt,Colegiul Tehnic Lucian Blaga,Urban,M,9.64,5.9,6.42,8.47,4.62,6.62,0,0,2019
1627,2019,Giurgiu,Liceul Sportiv Gheorghe Sincai,Urban,M,10.0,7.4,6.5,9.34,8.65,7.87,1,0,2019
1628,2019,Brasov,Liceul Sportiv Unirea,Urban,M,9.52,9.2,6.21,8.97,10.0,8.42,1,0,2019
1629,2019,Tulcea,Liceul Teoretic Mircea cel Batran,Urban,M,7.76,4.64,4.97,8.26,4.11,5.51,0,1,2019
1630,2019,Calarasi,Liceul Teoretic Avram Iancu,Urban,F,7.84,7.68,9.42,9.43,8.56,8.61,1,0,2019
1631,2019,Prahova,Liceul Sportiv Unirea,Urban,M,6.87,8.66,7.68,7.64,5.82,7.61,1,0,2019
1632,2019,Neamt,Liceul de Arte Decebal,Rural,F,10.0,6.06,8.45,7.07,6.73,7.42,1,0,2019
1633,2019,Mehedinti,Scoala Nationala Vasile Alecsandri,Urban,M,10.0,7.68,7.21,9.14,8.9,8.17,1,0,2019
1634,2019,Giurgiu,Scoala Nationala Avram Iancu,Rural,F,6.72,7.94,5.17,6.56,5.45,6.41,0,1,2019
1635,2019,Suceava,Liceul Tehnologic Bogdan Voda,Urban,M,7.43,9.41,6.39,7.43,6.41,7.56,1,0,2019
1636,2019,Bacau,Liceul de Arte Constantin Brancusi,Rural,F,9.22,7.59,5.31,8.0,9.83,7.47,1,0,2019
1637,2019,Prahova,Liceul Pedagogic Octavian Goga,Urban,F,8.88,8.8,7.72,9.65,8.94,8.63,1,0,2019
1638,2019,Dolj,Liceul Tehnologic Bogdan Voda,Rural,F,7.21,5.31,7.42,2.96,5.33,5.78,0,0,2019
1639,2019,Alba,Colegiul Economic Elena Cuza,Urban,F,8.89,8.17,9.34,8.42,7.56,8.54,1,0,2019
1640,2019,Satu Mare,Liceul Teoretic Tudor Vladimirescu,Rural,M,10.0,9.26,6.53,8.25,9.52,8.4,1,0,2019
1641,2019,Braila,Colegiul Economic Decebal,Urban,F,6.89,9.3,10.0,8.9,9.12,9.18,1,0,2019
1642,2019,Bihor,Colegiul National Alexandru Ioan Cuza,Urban,M,7.33,2.41,4.56,6.37,3.3,4.27,0,0,2019
1643,2019,Ilfov,Colegiul Economic Regina Maria,Urban,F,6.82,6.68,6.48,2.63,6.97,6.07,0,1,2019
1644,2019,Constanta,Colegiul Economic Mircea cel Batran,Urban,F,8.93,8.34,6.26,7.99,8.64,7.77,1,0,2019
1645,2019,Buzau,Colegiul National Gheorghe Sincai,Urban,F,5.49,8.79,5.83,5.08,5.51,6.52,1,0,2019
1646,2019,Calarasi,Liceul Teoretic Marin Preda,Urban,F,6.39,7.08,8.44,3.22,2.95,6.22,0,0,2019
1647,2019,Alba,Liceul Sportiv Mihai Eminescu,Urban,F,7.77,7.82,5.73,7.57,9.31,7.37,1,0,2019
1648,2019,Mehedinti,Liceul Teoretic Decebal,Urban,F,8.38,8.49,8.77,8.09,8.67,8.53,1,0,2019
1649,2019,Sibiu,Scoala Nationala Marin Preda,Urban,F,7.04,7.76,6.8,10.0,8.67,7.87,1,0,2019
1650,2019,Cluj,Liceul Teoretic Ioan Slavici,Rural,M,9.21,5.94,6.22,7.32,5.86,6.55,1,0,2019
1651,2019,Vaslui,Liceul Sportiv Dimitrie Cantemir,Urban,F,8.35,7.19,7.25,8.25,10.0,7.9,1,0,2019
1652,2019,Gorj,Colegiul National Ana Ipatescu,Urban,M,8.2,8.76,6.97,6.46,7.29,7.6,1,0,2019
1653,2019,Ilfov,Colegiul National Traian,Urban,F,9.03,8.64,8.37,7.92,7.75,8.36,1,0,2019
1654,2019,Gorj,Colegiul National Decebal,Urban,F,7.28,9.11,6.39,8.62,8.68,7.97,1,0,2019
1655,2019,Arges,Scoala Nationala Vasile Alecsandri,Urban,F,10.0,9.42,7.67,5.71,7.26,8.07,1,0,2019
1656,2019,Buzau,Liceul Sportiv Elena Cuza,Rural,F,5.74,6.7,3.71,6.55,7.9,5.86,0,0,2019
1657,2019,Suceava,Colegiul National Ioan Slavici,Urban,F,8.11,9.18,7.53,8.39,8.12,8.3,1,0,2019
1658,2019,Bucuresti,Liceul Teoretic Lucian Blaga,Rural,F,7.82,7.91,1.15,3.55,8.41,5.29,0,0,2019
1659,2019,Neamt,Liceul Teoretic Ion Barbu,Urban,F,5.49,7.72,5.46,5.51,7.63,6.47,1,0,2019
1660,2019,Constanta,Scoala Nationala Grigore Moisil,Urban,M,7.88,10.0,4.89,9.65,7.63,7.85,0,0,2019
1661,2019,Bacau,Colegiul Economic Gheorghe Sincai,Urban,F,7.08,8.44,7.87,7.26,7.48,7.81,1,0,2019
1662,2019,Cluj,Liceul Tehnologic Bogdan Voda,Urban,M,7.99,7.85,6.93,9.39,7.96,7.84,1,0,2019
1663,2019,Alba,Liceul Tehnologic Gheorghe Sincai,Urban,F,9.8,9.43,8.06,6.93,7.64,8.41,1,0,2019
1664,2019,Valcea,Colegiul Tehnic Mihai Eminescu,Rural,M,7.34,3.37,6.6,5.55,2.65,4.95,0,0,2019
1665,2019,Gorj,Colegiul Economic Mircea cel Batran,Rural,M,6.4,4.65,8.41,5.79,4.95,6.17,0,0,2019
1666,2019,Satu Mare,Liceul de Arte Ion Barbu,Rural,F,8.57,8.51,9.58,9.88,7.8,8.94,1,0,2019
1667,2019,Prahova,Liceul Tehnologic Bogdan Voda,Rural,F,8.55,7.8,7.31,9.07,7.72,7.91,1,0,2019
1668,2019,Mehedinti,Liceul Sportiv Traian,Urban,M,9.17,5.05,8.38,10.0,4.69,7.15,0,0,2019
1669,2019,Ilfov,Liceul Sportiv Mihai Eminescu,Urban,M,7.84,6.14,7.8,8.16,7.18,7.27,1,0,2019
1670,2019,Vaslui,Colegiul National Onisifor Ghibu,Urban,F,7.84,3.61,5.42,6.04,5.81,5.27,0,0,2019
1671,2019,Salaj,Colegiul Economic Decebal,Rural,F,8.06,4.68,4.27,1.87,5.81,4.64,0,0,2019
1672,2019,Covasna,Liceul Tehnologic Onisifor Ghibu,Urban,F,7.71,5.29,6.42,6.95,10.0,6.83,1,0,2019
1673,2019,Mehedinti,Liceul Pedagogic Lucian Blaga,Urban,F,8.3,3.69,3.54,7.29,5.33,4.89,0,0,2019
1674,2019,Bucuresti,Colegiul Economic Alexandru Ioan Cuza,Rural,F,2.35,9.1,7.18,7.49,5.19,7.02,0,0,2019
1675,2019,Prahova,Liceul Tehnologic Tudor Vladimirescu,Urban,M,8.2,9.05,6.63,6.67,9.73,7.98,1,0,2019
1676,2019,Teleorman,Liceul Teoretic Tudor Vladimirescu,Rural,M,8.27,9.13,6.29,4.81,6.51,7.15,0,0,2019
1677,2019,Mures,Liceul Tehnologic Decebal,Urban,M,10.0,9.43,8.11,8.55,8.26,8.78,1,0,2019
1678,2019,Bistrita-Nasaud,Liceul de Arte Decebal,Urban,M,6.33,5.7,10.0,9.56,7.65,7.92,1,0,2019
1679,2019,Tulcea,Colegiul National Spiru Haret,Rural,M,8.06,7.88,4.3,9.14,5.13,6.6,0,0,2019
1680,2019,Maramures,Liceul Tehnologic Constantin Brancusi,Urban,M,9.57,7.8,5.0,7.96,6.24,6.93,1,0,2019
1681,2019,Dolj,Liceul de Arte Ioan Slavici,Urban,M,5.98,10.0,8.81,6.7,7.14,8.32,1,0,2019
1682,2019,Arad,Liceul Sportiv Alexandru Ioan Cuza,Urban,F,9.41,6.85,7.48,7.84,10.0,7.92,1,0,2019
1683,2019,Prahova,Liceul de Arte Grigore Moisil,Urban,F,9.21,7.31,6.62,4.9,8.04,7.04,0,0,2019
1684,2019,Bihor,Scoala Nationala Mihai Viteazul,Urban,F,4.53,7.83,5.12,3.55,9.78,6.34,0,0,2019
1685,2019,Galati,Scoala Nationala Elena Cuza,Rural,M,9.56,9.97,5.86,10.0,9.36,8.61,1,0,2019
1686,2019,Satu Mare,Colegiul National Marin Preda,Rural,F,8.64,9.41,8.13,9.04,8.13,8.7,1,0,2019
1687,2019,Sibiu,Liceul Teoretic Ioan Slavici,Rural,F,8.39,10.0,4.08,9.92,5.3,7.35,0,0,2019
1688,2019,Vaslui,Colegiul Economic Bogdan Voda,Rural,F,8.32,6.99,7.18,8.23,5.9,7.2,1,0,2019
1689,2019,Dolj,Liceul Teoretic Constantin Brancusi,Rural,F,7.93,8.7,2.36,7.17,4.05,5.79,0,0,2019
1690,2019,Dolj,Liceul de Arte Emil Racovita,Rural,F,8.11,5.15,8.2,8.63,7.11,7.18,1,0,2019
1691,2019,Galati,Liceul Tehnologic Ion Luca Caragiale,Urban,M,6.96,9.18,7.51,7.99,10.0,8.4,1,0,2019
1692,2019,Dambovita,Liceul Pedagogic Elena Cuza,Rural,M,9.03,8.43,7.76,9.37,6.95,8.21,1,0,2019
1693,2019,Bucuresti,Liceul Tehnologic Spiru Haret,Urban,M,4.98,6.87,4.12,5.96,2.78,5.11,0,0,2019
1694,2019,Gorj,Colegiul Tehnic Unirea,Rural,F,7.56,7.12,7.14,10.0,7.61,7.68,1,0,2019
1695,2019,Vaslui,Scoala Nationala Tudor Vladimirescu,Urban,F,10.0,10.0,5.85,8.42,7.16,8.09,1,0,2019
1696,2019,Calarasi,Scoala Nationala Lucian Blaga,Rural,M,5.27,4.87,1.67,4.75,6.59,4.19,0,0,2019
1697,2019,Salaj,Liceul Sportiv Ana Ipatescu,Rural,M,7.58,6.58,5.53,7.57,7.38,6.63,1,0,2019
1698,2019,Bihor,Liceul Pedagogic Decebal,Urban,F,10.0,5.66,5.54,8.63,6.63,6.65,1,0,2019
1699,2019,Brasov,Colegiul National Ion Barbu,Rural,F,5.79,7.28,7.59,6.9,4.8,6.8,0,0,2019
1700,2019,Suceava,Colegiul National Tudor Vladimirescu,Rural,M,7.83,5.6,7.24,9.32,1.19,6.21,0,0,2019
1701,2019,Sibiu,Scoala Nationala Grigore Moisil,Urban,M,7.76,6.0,10.0,9.78,8.63,8.34,1,0,2019
1702,2019,Bacau,Liceul Tehnologic Elena Cuza,Urban,F,10.0,7.1,6.8,6.75,6.48,7.15,1,0,2019
1703,2019,Dambovita,Liceul Pedagogic Traian,Rural,F,5.43,6.57,3.86,7.34,6.74,5.78,0,1,2019
1704,2019,Bihor,Colegiul Tehnic Alexandru Ioan Cuza,Rural,F,9.37,9.75,5.95,7.94,10.0,8.34,1,0,2019
1705,2019,Vaslui,Colegiul National Lucian Blaga,Urban,F,8.3,7.49,6.25,4.9,4.83,6.41,0,0,2019
1706,2019,Brasov,Colegiul Tehnic Decebal,Urban,F,8.86,7.42,6.53,10.0,9.74,8.03,1,0,2019
1707,2019,Tulcea,Liceul Sportiv Onisifor Ghibu,Urban,F,7.56,9.63,6.51,9.13,7.51,8.09,1,0,2019
1708,2019,Vaslui,Colegiul National Gheorghe Sincai,Rural,M,5.52,5.57,5.85,6.59,8.96,6.31,1,0,2019
1709,2019,Salaj,Liceul Pedagogic Mircea cel Batran,Rural,F,9.57,7.64,7.7,8.41,9.43,8.24,1,0,2019
1710,2019,Teleorman,Liceul Pedagogic Mircea cel Batran,Urban,F,7.87,9.63,7.04,7.42,6.56,7.88,1,0,2019
1711,2019,Cluj,Liceul Sportiv Mihai Viteazul,Urban,F,8.83,8.38,10.0,9.55,8.23,9.06,1,0,2019
1712,2019,Bihor,Liceul Sportiv Lucian Blaga,Rural,M,8.63,6.2,5.42,7.38,7.54,6.59,1,0,2019
1713,2019,Cluj,Liceul Pedagogic Ion Luca Caragiale,Urban,F,9.25,7.13,6.24,5.38,6.91,6.78,1,0,2019
1714,2019,Suceava,Colegiul Tehnic Unirea,Urban,M,9.5,9.64,5.0,9.45,6.46,7.73,1,0,2019
1715,2019,Hunedoara,Liceul Tehnologic Decebal,Urban,M,8.19,7.17,9.53,10.0,8.62,8.62,1,0,2019
1716,2019,Hunedoara,Colegiul Economic Onisifor Ghibu,Rural,M,3.9,2.2,1.0,6.41,6.77,3.33,0,0,2019
1717,2019,Satu Mare,Liceul Pedagogic Lucian Blaga,Rural,M,5.89,5.81,6.06,5.74,4.33,5.66,0,0,2019
1718,2019,Hunedoara,Colegiul Economic Mihai Eminescu,Urban,F,6.5,9.17,6.71,8.24,10.0,8.15,1,0,2019
1719,2019,Mehedinti,Liceul Tehnologic Constantin Brancusi,Urban,F,8.57,4.9,7.39,6.13,7.63,6.61,0,0,2019
1720,2019,Covasna,Colegiul National Lucian Blaga,Rural,F,10.0,7.26,6.16,7.94,8.05,7.42,1,0,2019
1721,2019,Maramures,Colegiul Tehnic Decebal,Urban,M,7.71,7.32,6.04,8.89,8.33,7.36,1,0,2019
1722,2019,Giurgiu,Liceul Sportiv Spiru Haret,Urban,F,7.42,7.55,8.87,8.7,7.74,8.13,1,0,2019
1723,2019,Arges,Liceul Sportiv Alexandru Ioan Cuza,Rural,F,6.99,7.25,5.0,6.71,8.62,6.67,1,0,2019
1724,2019,Valcea,Liceul de Arte Gheorghe Sincai,Urban,F,8.03,7.36,7.5,7.91,10.0,7.95,1,0,2019
1725,2019,Olt,Liceul Teoretic Lucian Blaga,Rural,F,8.39,10.0,4.51,6.34,3.74,6.7,0,0,2019
1726,2019,Buzau,Scoala Nationala George Cosbuc,Rural,M,6.54,10.0,6.39,10.0,7.82,8.24,1,0,2019
1727,2019,Hunedoara,Scoala Nationala Ion Barbu,Urban,M,9.03,6.76,9.41,6.89,5.86,7.67,1,0,2019
1728,2019,Arad,Liceul de Arte Grigore Moisil,Urban,M,8.64,9.67,8.55,9.24,8.96,9.06,1,0,2019
1729,2019,Olt,Colegiul Tehnic Constantin Brancusi,Rural,F,8.45,7.47,5.09,6.93,8.99,7.0,1,0,2019
1730,2019,Constanta,Colegiul National Ioan Slavici,Rural,M,6.67,7.08,8.2,9.66,5.94,7.59,1,0,2019
1731,2019,Mures,Scoala Nationala Nicolae Balcescu,Urban,M,10.0,5.19,8.48,5.97,5.43,6.81,1,0,2019
1732,2019,Arad,Liceul de Arte Emil Racovita,Urban,M,6.61,6.91,7.42,8.34,5.58,7.05,1,0,2019
1733,2019,Gorj,Liceul Teoretic Traian,Urban,M,7.98,10.0,5.14,6.46,8.01,7.51,1,0,2019
1734,2019,Sibiu,Colegiul Tehnic Onisifor Ghibu,Rural,F,7.06,7.74,5.58,9.98,7.09,7.26,1,0,2019
1735,2019,Neamt,Liceul Tehnologic Mircea cel Batran,Rural,F,7.32,7.05,5.57,8.43,8.57,7.07,1,0,2019
1736,2019,Cluj,Colegiul Economic Ana Ipatescu,Rural,F,7.29,6.86,10.0,10.0,8.41,8.55,1,0,2019
1737,2019,Tulcea,Colegiul National Alexandru Ioan Cuza,Urban,M,9.19,5.0,7.19,8.22,9.66,7.26,1,0,2019
1738,2019,Buzau,Liceul de Arte Traian,Urban,F,7.07,10.0,6.04,7.62,8.62,7.96,1,0,2019
1739,2019,Constanta,Liceul Tehnologic Stefan cel Mare,Rural,M,7.56,1.97,7.13,7.88,9.12,6.04,0,0,2019
1740,2019,Botosani,Liceul Tehnologic Traian,Urban,M,8.22,8.01,7.13,8.55,7.03,7.7,1,0,2019
1741,2019,Bihor,Colegiul Tehnic Stefan cel Mare,Urban,F,8.03,6.93,6.05,10.0,8.3,7.44,1,0,2019
1742,2019,Neamt,Liceul de Arte Mihai Eminescu,Rural,F,8.02,8.79,9.87,7.91,9.72,9.04,1,0,2019
1743,2019,Olt,Colegiul Tehnic Tudor Vladimirescu,Urban,M,6.14,7.37,7.12,8.08,6.19,7.1,0,1,2019
1744,2019,Constanta,Liceul Teoretic Avram Iancu,Urban,F,10.0,5.9,9.26,9.27,10.0,8.44,1,0,2019
1745,2019,Vaslui,Liceul Teoretic Mihai Viteazul,Rural,F,6.32,6.78,9.1,6.15,5.18,7.1,1,0,2019
1746,2019,Hunedoara,Scoala Nationala Marin Preda,Urban,F,8.04,9.33,7.13,6.92,8.89,8.11,1,0,2019
1747,2019,Sibiu,Colegiul Economic Tudor Vladimirescu,Urban,F,6.02,6.59,3.22,6.45,7.18,5.59,0,1,2019
1748,2019,Harghita,Liceul Pedagogic Alexandru Ioan Cuza,Rural,F,4.86,6.76,2.68,3.08,9.15,5.15,0,0,2019
1749,2019,Satu Mare,Liceul de Arte Nicolae Balcescu,Urban,M,9.85,8.94,6.22,8.47,6.73,7.81,1,0,2019
1750,2019,Dolj,Liceul Tehnologic Elena Cuza,Urban,F,8.91,8.58,7.81,9.64,9.82,8.73,1,0,2019
1751,2019,Arges,Liceul Pedagogic Marin Preda,Urban,M,10.0,6.58,7.05,8.24,8.26,7.56,1,0,2019
1752,2019,Calarasi,Liceul Tehnologic Spiru Haret,Urban,F,8.09,6.51,8.29,7.31,6.16,7.27,1,0,2019
1753,2019,Ilfov,Liceul Sportiv Stefan cel Mare,Rural,F,9.62,6.81,7.38,8.59,10.0,8.01,1,0,2019
1754,2019,Bucuresti,Colegiul National Emil Racovita,Urban,M,8.81,9.04,8.33,10.0,6.42,8.56,1,0,2019
1755,2019,Arad,Colegiul Economic Nicolae Balcescu,Rural,F,8.47,8.49,7.6,7.13,6.81,7.76,1,0,2019
1756,2019,Valcea,Liceul de Arte Ana Ipatescu,Rural,F,8.62,5.58,7.83,9.37,7.42,7.4,1,0,2019
1757,2019,Mures,Colegiul Economic Grigore Moisil,Rural,F,9.38,6.72,4.73,5.78,2.37,5.6,0,0,2019
1758,2019,Valcea,Liceul Pedagogic Ioan Slavici,Rural,F,8.05,6.92,6.0,8.93,7.79,7.19,1,0,2019
1759,2019,Teleorman,Liceul Sportiv Mihai Viteazul,Urban,M,7.11,5.42,9.74,10.0,7.26,7.85,1,0,2019
1760,2019,Constanta,Liceul Tehnologic Alexandru Ioan Cuza,Urban,F,6.54,9.66,5.0,7.42,7.14,7.24,1,0,2019
1761,2019,Botosani,Colegiul Tehnic Alexandru Ioan Cuza,Rural,F,8.79,8.08,7.53,9.48,6.1,7.9,1,0,2019
1762,2019,Harghita,Scoala Nationala Ion Luca Caragiale,Urban,M,7.96,10.0,8.9,6.33,7.63,8.56,1,0,2019
1763,2019,Giurgiu,Liceul Tehnologic Unirea,Rural,F,6.74,3.82,3.24,4.72,8.57,4.79,0,0,2019
1764,2019,Maramures,Colegiul National Ioan Slavici,Rural,M,6.86,5.36,3.54,8.77,9.33,6.07,0,0,2019
1765,2019,Dolj,Liceul Sportiv Grigore Moisil,Urban,F,9.26,7.89,8.4,6.36,9.01,8.12,1,0,2019
1766,2019,Bucuresti,Colegiul Tehnic Constantin Brancusi,Rural,M,8.51,7.51,6.95,5.33,10.0,7.49,1,0,2019
1767,2019,Brasov,Liceul de Arte Lucian Blaga,Rural,M,7.17,7.0,3.83,4.73,7.35,5.78,0,0,2019
1768,2019,Salaj,Liceul de Arte Onisifor Ghibu,Rural,F,5.84,3.52,2.99,8.77,5.17,4.63,0,0,2019
1769,2019,Neamt,Colegiul Tehnic Constantin Brancusi,Rural,M,9.42,4.16,4.9,5.04,9.64,5.86,0,0,2019
1770,2019,Braila,Liceul Teoretic Grigore Moisil,Rural,F,8.3,7.97,4.32,10.0,4.78,6.73,0,0,2019
1771,2019,Constanta,Colegiul Tehnic Spiru Haret,Urban,M,7.45,6.52,9.69,8.12,9.61,8.27,1,0,2019
1772,2019,Buzau,Scoala Nationala Marin Preda,Urban,M,7.96,5.47,4.97,7.38,5.87,5.92,0,1,2019
1773,2019,Suceava,Colegiul Tehnic Ion Barbu,Urban,F,6.05,9.16,5.06,7.43,7.53,7.11,1,0,2019
1774,2019,Teleorman,Liceul Pedagogic Nicolae Balcescu,Rural,M,6.16,9.3,3.14,7.0,6.89,6.43,0,0,2019
1775,2019,Gorj,Liceul Sportiv Constantin Brancusi,Urban,F,8.65,7.76,8.03,8.46,8.92,8.21,1,0,2019
1776,2019,Harghita,Liceul Pedagogic Stefan cel Mare,Urban,F,8.03,5.98,4.4,6.32,6.2,5.8,0,0,2019
1777,2019,Bihor,Liceul Tehnologic Onisifor Ghibu,Urban,F,6.42,3.86,8.59,8.85,4.71,6.41,0,0,2019
1778,2019,Dolj,Colegiul Tehnic Alexandru Ioan Cuza,Urban,F,7.79,5.38,4.9,6.61,6.23,5.79,0,0,2019
1779,2019,Braila,Liceul Tehnologic Stefan cel Mare,Rural,F,6.88,9.37,6.94,8.48,10.0,8.35,1,0,2019
1780,2019,Giurgiu,Liceul Pedagogic Ion Luca Caragiale,Rural,F,8.49,8.89,8.68,6.78,8.91,8.47,1,0,2019
1781,2019,Bucuresti,Liceul Teoretic Traian,Urban,F,7.98,7.06,7.94,9.12,6.7,7.67,1,0,2019
1782,2019,Prahova,Liceul de Arte Ana Ipatescu,Urban,M,8.39,8.78,7.14,10.0,5.59,7.95,1,0,2019
1783,2019,Arges,Liceul Sportiv Dimitrie Cantemir,Urban,M,10.0,7.06,6.2,6.9,8.73,7.32,1,0,2019
1784,2019,Salaj,Liceul de Arte Alexandru Ioan Cuza,Rural,F,8.34,4.29,4.05,7.94,4.68,5.23,0,0,2019
1785,2019,Neamt,Liceul Pedagogic Ion Barbu,Urban,M,6.08,4.88,3.51,7.73,5.77,5.15,0,0,2019
1786,2019,Bucuresti,Liceul de Arte George Cosbuc,Urban,F,9.74,8.18,8.01,7.97,6.8,8.05,1,0,2019
1787,2019,Salaj,Liceul Pedagogic Vasile Alecsandri,Urban,F,10.0,8.05,7.62,9.19,7.03,8.13,1,0,2019
1788,2019,Salaj,Scoala Nationala Grigore Moisil,Urban,M,8.72,8.29,7.33,6.65,7.31,7.65,1,0,2019
1789,2019,Valcea,Liceul Teoretic Unirea,Urban,M,6.78,7.02,6.2,8.0,8.62,7.14,1,0,2019
1790,2019,Dolj,Colegiul Economic Ion Barbu,Urban,M,8.18,9.4,8.7,9.4,7.28,8.75,1,0,2019
1791,2019,Arges,Scoala Nationala Nicolae Balcescu,Urban,M,8.38,9.42,4.89,6.66,7.03,7.18,0,0,2019
1792,2019,Bucuresti,Colegiul Tehnic Unirea,Rural,F,8.54,8.23,5.09,7.89,9.28,7.43,1,0,2019
1793,2019,Bucuresti,Colegiul National Spiru Haret,Rural,F,7.79,8.05,8.2,6.17,7.44,7.7,1,0,2019
1794,2019,Galati,Colegiul Tehnic Gheorghe Sincai,Urban,M,9.91,8.55,5.91,9.38,5.0,7.49,1,0,2019
1795,2019,Bacau,Liceul Tehnologic Stefan cel Mare,Urban,M,9.69,6.54,5.0,7.07,5.7,6.35,1,0,2019
1796,2019,Timis,Liceul Tehnologic Grigore Moisil,Rural,M,8.1,8.22,5.0,7.3,5.98,6.77,1,0,2019
1797,2019,Bistrita-Nasaud,Colegiul Tehnic Lucian Blaga,Urban,M,2.79,6.46,4.13,7.74,9.11,5.98,0,0,2019
1798,2019,Bucuresti,Colegiul Economic Stefan cel Mare,Urban,M,7.87,7.3,5.0,7.64,9.2,7.0,1,0,2019
1799,2019,Salaj,Liceul Tehnologic Avram Iancu,Urban,M,8.41,7.81,10.0,10.0,7.6,8.82,1,0,2019
1800,2019,Brasov,Scoala Nationala Octavian Goga,Urban,F,7.85,9.72,10.0,7.41,9.56,9.25,1,0,2019
1801,2020,Teleorman,Liceul Teoretic George Cosbuc,Urban,M,9.42,8.11,10.0,10.0,6.68,8.88,1,0,2020
1802,2020,Mehedinti,Liceul de Arte Tudor Vladimirescu,Rural,F,6.91,9.51,10.0,5.66,8.67,8.69,1,0,2020
1803,2020,Maramures,Liceul Pedagogic Decebal,Urban,M,7.0,8.07,10.0,8.27,6.48,8.33,1,0,2020
1804,2020,Bistrita-Nasaud,Colegiul Tehnic Traian,Urban,F,10.0,7.17,10.0,8.95,5.34,8.29,1,0,2020
1805,2020,Giurgiu,Colegiul Tehnic Alexandru Ioan Cuza,Urban,F,5.63,1.15,10.0,7.56,5.34,5.84,0,0,2020
1806,2020,Covasna,Liceul Sportiv Ion Barbu,Urban,F,8.23,8.44,7.94,9.26,10.0,8.63,1,0,2020
1807,2020,Timis,Scoala Nationala Unirea,Urban,M,6.99,6.6,9.9,6.79,7.89,7.85,1,0,2020
1808,2020,Tulcea,Liceul de Arte Emil Racovita,Rural,M,8.97,4.3,4.08,7.6,8.28,5.79,0,0,2020
1809,2020,Ilfov,Liceul de Arte George Cosbuc,Rural,M,9.05,4.9,6.91,5.61,5.19,6.07,0,0,2020
1810,2020,Teleorman,Scoala Nationala Elena Cuza,Urban,F,8.47,7.5,7.0,6.24,8.86,7.46,1,0,2020
1811,2020,Hunedoara,Liceul de Arte Elena Cuza,Urban,M,5.98,9.68,7.45,9.44,8.5,8.43,1,0,2020
1812,2020,Timis,Colegiul National Constantin Brancusi,Rural,F,7.08,5.0,6.12,9.52,9.17,6.85,1,0,2020
1813,2020,Salaj,Colegiul National Traian,Urban,F,8.34,10.0,8.28,7.96,7.68,8.66,1,0,2020
1814,2020,Bacau,Liceul Teoretic Bogdan Voda,Rural,F,7.86,5.0,7.27,6.43,8.96,6.78,1,0,2020
1815,2020,Giurgiu,Liceul Sportiv Dimitrie Cantemir,Urban,M,6.43,7.98,8.84,8.02,8.14,8.11,1,0,2020
1816,2020,Mehedinti,Liceul Pedagogic Lucian Blaga,Urban,F,8.26,8.94,7.66,7.45,7.2,8.0,1,0,2020
1817,2020,Sibiu,Liceul de Arte Grigore Moisil,Rural,F,8.73,7.65,7.28,5.0,6.32,7.05,1,0,2020
1818,2020,Vrancea,Liceul Teoretic Decebal,Urban,M,10.0,7.79,8.05,10.0,5.71,8.11,1,0,2020
1819,2020,Mures,Liceul Tehnologic Ion Barbu,Rural,M,8.7,8.78,8.27,7.34,7.91,8.27,1,0,2020
1820,2020,Salaj,Colegiul Economic Unirea,Rural,F,7.97,8.17,6.06,5.71,5.7,6.78,1,0,2020
1821,2020,Mures,Liceul Tehnologic Vasile Alecsandri,Urban,F,8.6,7.47,8.3,7.4,5.0,7.45,1,0,2020
1822,2020,Cluj,Liceul Tehnologic Gheorghe Sincai,Rural,M,8.42,6.21,7.23,6.46,6.48,6.82,1,0,2020
1823,2020,Dambovita,Liceul Sportiv Onisifor Ghibu,Urban,M,9.92,8.64,7.64,6.25,7.49,7.94,1,0,2020
1824,2020,Galati,Colegiul National Bogdan Voda,Urban,M,9.43,7.88,8.63,9.74,8.86,8.69,1,0,2020
1825,2020,Calarasi,Liceul de Arte Tudor Vladimirescu,Urban,M,6.42,8.14,4.81,8.06,7.86,6.92,0,1,2020
1826,2020,Tulcea,Colegiul Tehnic Mircea cel Batran,Urban,M,8.77,7.15,6.9,9.48,7.86,7.69,1,0,2020
1827,2020,Cluj,Liceul Tehnologic Decebal,Urban,M,7.88,5.28,7.61,8.5,9.31,7.33,1,0,2020
1828,2020,Cluj,Liceul Tehnologic Ion Luca Caragiale,Rural,M,7.8,6.63,5.83,6.91,6.74,6.57,1,0,2020
1829,2020,Olt,Liceul Teoretic Emil Racovita,Urban,F,8.89,6.77,8.35,9.81,8.54,8.18,1,0,2020
1830,2020,Botosani,Liceul Teoretic Mihai Viteazul,Urban,F,8.54,7.59,8.11,7.54,8.77,8.01,1,0,2020
1831,2020,Buzau,Scoala Nationala Ion Barbu,Rural,M,8.52,9.11,7.79,8.19,9.18,8.53,1,0,2020
1832,2020,Olt,Colegiul Tehnic Marin Preda,Rural,M,6.9,8.08,7.8,7.59,6.89,7.63,1,0,2020
1833,2020,Salaj,Liceul Sportiv Emil Racovita,Urban,F,6.38,6.01,6.76,6.35,6.56,6.41,1,0,2020
1834,2020,Vaslui,Liceul de Arte Regina Maria,Urban,F,6.81,9.04,7.27,10.0,9.32,8.47,1,0,2020
1835,2020,Tulcea,Colegiul Tehnic Octavian Goga,Rural,F,8.76,6.99,7.79,10.0,8.41,8.07,1,0,2020
1836,2020,Olt,Colegiul Economic Dimitrie Cantemir,Rural,F,7.91,10.0,6.76,7.65,10.0,8.47,1,0,2020
1837,2020,Salaj,Colegiul Economic Octavian Goga,Urban,F,9.15,6.78,6.7,7.2,5.65,6.89,1,0,2020
1838,2020,Gorj,Colegiul National Stefan cel Mare,Rural,M,7.03,9.83,5.78,5.87,7.91,7.45,1,0,2020
1839,2020,Vaslui,Liceul de Arte Spiru Haret,Rural,M,8.4,10.0,6.4,7.83,6.08,7.85,1,0,2020
1840,2020,Arad,Scoala Nationala Nicolae Balcescu,Urban,F,8.0,8.13,6.53,10.0,7.6,7.84,1,0,2020
1841,2020,Neamt,Liceul de Arte Bogdan Voda,Rural,F,8.13,7.28,5.02,8.96,5.82,6.72,1,0,2020
1842,2020,Botosani,Liceul de Arte George Cosbuc,Urban,F,9.08,6.4,4.18,7.82,5.01,6.01,0,0,2020
1843,2020,Tulcea,Colegiul Tehnic Ana Ipatescu,Rural,F,7.96,4.01,4.9,3.78,10.0,5.54,0,0,2020
1844,2020,Alba,Liceul de Arte Avram Iancu,Rural,M,4.45,6.42,8.12,8.47,8.1,7.29,0,0,2020
1845,2020,Ilfov,Colegiul Tehnic Decebal,Rural,F,6.59,9.1,7.61,6.9,6.88,7.74,1,0,2020
1846,2020,Neamt,Liceul Pedagogic Stefan cel Mare,Rural,M,6.61,4.58,8.32,8.99,4.63,6.57,0,0,2020
1847,2020,Giurgiu,Colegiul Economic Gheorghe Sincai,Urban,F,7.38,6.74,6.13,2.38,8.7,6.26,0,0,2020
1848,2020,Galati,Liceul Sportiv Ioan Slavici,Rural,M,3.0,8.87,4.58,4.1,5.43,5.76,0,0,2020
1849,2020,Brasov,Scoala Nationala Lucian Blaga,Urban,M,9.78,8.66,8.61,8.59,8.7,8.75,1,0,2020
1850,2020,Galati,Liceul Pedagogic Traian,Rural,M,7.91,9.02,6.11,8.23,5.56,7.4,1,0,2020
1851,2020,Tulcea,Colegiul Tehnic George Cosbuc,Urban,M,7.85,8.0,9.86,7.42,9.2,8.64,1,0,2020
1852,2020,Salaj,Liceul Sportiv Vasile Alecsandri,Urban,F,5.76,3.95,4.42,2.75,6.99,4.55,0,1,2020
1853,2020,Cluj,Colegiul Economic Decebal,Urban,M,7.88,8.87,7.03,6.99,8.67,7.91,1,0,2020
1854,2020,Buzau,Scoala Nationala Onisifor Ghibu,Urban,M,4.7,10.0,4.23,9.9,7.07,7.28,0,0,2020
1855,2020,Hunedoara,Liceul Pedagogic Regina Maria,Urban,F,8.73,6.65,6.64,8.31,8.2,7.34,1,0,2020
1856,2020,Prahova,Liceul Tehnologic Octavian Goga,Urban,M,9.12,9.91,6.84,7.06,6.99,8.04,1,0,2020
1857,2020,Dambovita,Liceul Sportiv Mihai Eminescu,Urban,F,7.65,4.6,1.13,7.22,2.99,4.02,0,0,2020
1858,2020,Valcea,Liceul de Arte Nicolae Balcescu,Urban,M,8.04,7.72,8.63,7.26,9.14,8.17,1,0,2020
1859,2020,Bihor,Liceul Tehnologic Spiru Haret,Urban,M,8.56,4.68,9.29,4.79,8.65,7.06,0,0,2020
1860,2020,Buzau,Colegiul National Unirea,Rural,M,4.67,7.6,9.7,6.1,5.89,7.46,0,1,2020
1861,2020,Tulcea,Scoala Nationala George Cosbuc,Urban,F,8.45,6.41,10.0,7.53,6.42,7.86,1,0,2020
1862,2020,Satu Mare,Colegiul Economic Constantin Brancusi,Rural,M,6.05,10.0,3.33,4.45,7.59,6.41,0,0,2020
1863,2020,Vrancea,Liceul Sportiv Regina Maria,Urban,M,7.52,6.57,7.15,7.65,6.53,7.0,1,0,2020
1864,2020,Ilfov,Colegiul Economic Gheorghe Sincai,Urban,F,5.41,6.16,3.79,6.07,7.06,5.5,0,0,2020
1865,2020,Arad,Colegiul Economic Elena Cuza,Urban,F,8.1,10.0,5.07,8.52,7.55,7.74,0,1,2020
1866,2020,Mehedinti,Colegiul Economic Dimitrie Cantemir,Urban,M,9.41,8.04,4.08,4.27,7.56,6.35,0,0,2020
1867,2020,Olt,Liceul de Arte Bogdan Voda,Urban,F,7.31,8.09,6.32,7.47,9.71,7.63,1,0,2020
1868,2020,Suceava,Colegiul Tehnic Grigore Moisil,Urban,F,8.27,7.04,5.58,8.72,10.0,7.42,1,0,2020
1869,2020,Vrancea,Colegiul Economic Marin Preda,Urban,F,8.37,6.99,9.69,6.36,8.29,8.04,1,0,2020
1870,2020,Covasna,Liceul Sportiv Octavian Goga,Urban,F,10.0,8.14,6.46,8.06,6.28,7.53,1,0,2020
1871,2020,Vrancea,Liceul Tehnologic Bogdan Voda,Urban,F,9.42,6.81,8.66,8.44,7.52,7.98,1,0,2020
1872,2020,Suceava,Colegiul Tehnic Tudor Vladimirescu,Urban,M,7.6,5.09,1.62,7.39,3.34,4.38,0,1,2020
1873,2020,Buzau,Liceul Tehnologic Dimitrie Cantemir,Rural,M,8.95,8.34,5.42,9.7,8.87,7.81,1,0,2020
1874,2020,Dolj,Liceul de Arte Decebal,Rural,F,8.07,7.39,6.6,10.0,6.25,7.44,1,0,2020
1875,2020,Bucuresti,Liceul Teoretic Mihai Eminescu,Rural,M,9.8,5.87,7.34,8.28,8.51,7.46,1,0,2020
1876,2020,Bacau,Liceul de Arte Stefan cel Mare,Urban,F,7.85,9.31,6.45,6.89,7.55,7.68,1,0,2020
1877,2020,Covasna,Liceul de Arte Unirea,Urban,F,7.64,6.45,5.77,6.51,8.54,6.69,1,0,2020
1878,2020,Ialomita,Scoala Nationala Avram Iancu,Rural,F,7.41,10.0,5.95,4.12,10.0,7.64,0,0,2020
1879,2020,Brasov,Scoala Nationala Mircea cel Batran,Urban,M,8.99,8.07,7.51,8.11,7.67,7.94,1,0,2020
1880,2020,Giurgiu,Liceul Tehnologic Regina Maria,Rural,M,7.63,7.36,6.23,5.35,5.88,6.52,1,0,2020
1881,2020,Braila,Colegiul National Unirea,Rural,F,8.57,8.54,3.08,3.59,4.95,5.62,0,0,2020
1882,2020,Olt,Liceul Sportiv Bogdan Voda,Urban,F,9.06,9.33,8.3,7.72,10.0,8.85,1,0,2020
1883,2020,Ialomita,Liceul Tehnologic Decebal,Rural,M,7.16,6.61,7.62,7.76,7.55,7.28,1,0,2020
1884,2020,Mehedinti,Colegiul Tehnic Mircea cel Batran,Rural,F,7.8,9.89,9.56,8.25,5.93,8.74,1,0,2020
1885,2020,Bistrita-Nasaud,Colegiul Economic Avram Iancu,Urban,M,8.84,7.34,5.0,7.65,7.18,6.81,1,0,2020
1886,2020,Galati,Colegiul National Mihai Viteazul,Urban,F,9.12,8.39,5.61,8.16,7.06,7.4,1,0,2020
1887,2020,Calarasi,Liceul Sportiv Dimitrie Cantemir,Urban,F,9.61,9.62,5.71,7.32,8.12,7.88,1,0,2020
1888,2020,Giurgiu,Liceul Teoretic Lucian Blaga,Rural,M,7.66,10.0,6.6,5.62,2.91,7.03,0,0,2020
1889,2020,Alba,Liceul Sportiv Tudor Vladimirescu,Rural,F,9.62,6.48,7.32,5.67,5.0,6.7,1,0,2020
1890,2020,Giurgiu,Colegiul Economic Dimitrie Cantemir,Rural,F,7.72,5.68,4.66,8.69,5.02,5.93,0,0,2020
1891,2020,Galati,Liceul Sportiv Regina Maria,Urban,F,9.72,6.18,7.75,6.79,8.66,7.47,1,0,2020
1892,2020,Hunedoara,Liceul Tehnologic Emil Racovita,Rural,M,6.75,2.35,4.7,4.93,5.7,4.38,0,1,2020
1893,2020,Ilfov,Liceul Teoretic Grigore Moisil,Urban,M,6.29,6.39,9.76,6.23,8.74,7.72,1,0,2020
1894,2020,Alba,Liceul Teoretic Ioan Slavici,Rural,F,5.76,7.74,9.0,9.12,8.17,8.19,1,0,2020
1895,2020,Prahova,Liceul Teoretic Nicolae Balcescu,Rural,F,4.83,7.03,7.07,3.09,4.16,5.8,0,0,2020
1896,2020,Cluj,Colegiul Tehnic Stefan cel Mare,Urban,M,8.83,4.21,2.55,7.36,8.41,5.28,0,1,2020
1897,2020,Bucuresti,Liceul Sportiv Decebal,Urban,F,9.78,8.52,5.46,7.23,7.3,7.35,1,0,2020
1898,2020,Satu Mare,Colegiul National Constantin Brancusi,Urban,M,8.65,7.23,10.0,8.93,7.84,8.55,1,0,2020
1899,2020,Alba,Scoala Nationala Unirea,Urban,M,8.67,6.22,6.61,5.83,9.19,6.97,1,0,2020
1900,2020,Bihor,Colegiul Tehnic Avram Iancu,Urban,M,7.42,9.29,5.54,7.65,8.3,7.58,1,0,2020
1901,2020,Vaslui,Colegiul Tehnic Dimitrie Cantemir,Urban,F,8.5,6.97,6.7,9.22,6.04,7.24,1,0,2020
1902,2020,Iasi,Liceul Pedagogic Octavian Goga,Rural,M,2.92,10.0,5.82,9.64,6.84,7.51,0,0,2020
1903,2020,Salaj,Colegiul Economic George Cosbuc,Urban,M,9.76,7.79,4.85,8.0,6.47,6.94,0,0,2020
1904,2020,Olt,Liceul de Arte Elena Cuza,Urban,M,4.82,8.68,8.5,10.0,7.76,8.3,0,0,2020
1905,2020,Bihor,Liceul de Arte Spiru Haret,Urban,M,7.25,8.5,7.98,9.99,6.92,8.21,1,0,2020
1906,2020,Harghita,Colegiul Tehnic Alexandru Ioan Cuza,Rural,F,6.84,4.97,4.38,3.56,7.95,5.22,0,0,2020
1907,2020,Mures,Colegiul Economic Constantin Brancusi,Urban,F,8.42,7.25,9.42,8.68,5.91,8.03,1,0,2020
1908,2020,Buzau,Colegiul National Grigore Moisil,Urban,M,9.39,5.88,7.36,7.42,8.95,7.37,1,0,2020
1909,2020,Hunedoara,Liceul de Arte Mihai Eminescu,Urban,M,9.85,7.84,6.0,6.75,10.0,7.65,1,0,2020
1910,2020,Cluj,Colegiul National Tudor Vladimirescu,Urban,M,7.97,7.2,7.93,10.0,7.69,7.99,1,0,2020
1911,2020,Giurgiu,Liceul Pedagogic Ion Barbu,Urban,F,9.14,6.72,6.02,9.05,9.99,7.59,1,0,2020
1912,2020,Dambovita,Colegiul Economic Grigore Moisil,Urban,M,9.42,8.43,8.31,9.93,6.57,8.44,1,0,2020
1913,2020,Bacau,Liceul Sportiv Decebal,Urban,F,8.63,7.64,10.0,6.39,8.24,8.35,1,0,2020
1914,2020,Dolj,Liceul Sportiv Mihai Eminescu,Urban,F,6.04,6.3,8.5,7.02,6.07,7.01,1,0,2020
1915,2020,Ialomita,Liceul Teoretic Decebal,Rural,M,6.03,7.71,10.0,9.08,7.61,8.42,1,0,2020
1916,2020,Gorj,Liceul Tehnologic Marin Preda,Urban,F,7.52,7.65,5.86,7.2,7.18,6.96,1,0,2020
1917,2020,Satu Mare,Colegiul Tehnic Lucian Blaga,Urban,F,7.45,8.58,5.0,8.47,8.95,7.43,1,0,2020
1918,2020,Hunedoara,Liceul Pedagogic Traian,Rural,M,5.0,10.0,7.01,6.28,9.44,7.96,1,0,2020
1919,2020,Ialomita,Colegiul Tehnic Elena Cuza,Rural,M,4.23,4.49,1.0,9.92,7.06,4.62,0,0,2020
1920,2020,Salaj,Liceul Teoretic Tudor Vladimirescu,Urban,M,8.02,8.03,6.36,7.66,7.19,7.35,1,0,2020
1921,2020,Bistrita-Nasaud,Liceul Pedagogic George Cosbuc,Urban,F,6.75,8.82,6.77,8.28,5.35,7.4,1,0,2020
1922,2020,Constanta,Colegiul National Mihai Viteazul,Rural,F,8.02,9.97,7.23,5.24,8.99,8.1,1,0,2020
1923,2020,Bucuresti,Scoala Nationala Ioan Slavici,Urban,F,6.91,7.41,6.94,10.0,9.59,7.93,1,0,2020
1924,2020,Hunedoara,Colegiul Tehnic Ion Barbu,Urban,F,6.17,5.71,6.19,9.3,2.34,5.93,0,0,2020
1925,2020,Valcea,Colegiul Tehnic Ion Luca Caragiale,Urban,M,8.51,6.3,8.07,4.7,6.35,6.82,0,0,2020
1926,2020,Neamt,Colegiul Tehnic Ioan Slavici,Rural,M,7.43,8.08,5.67,8.05,10.0,7.58,1,0,2020
1927,2020,Arad,Liceul Sportiv Onisifor Ghibu,Rural,M,6.26,1.38,5.51,4.9,7.85,4.61,0,0,2020
1928,2020,Timis,Liceul Pedagogic Constantin Brancusi,Urban,F,7.15,8.37,7.34,7.54,7.86,7.74,1,0,2020
1929,2020,Valcea,Colegiul National Vasile Alecsandri,Urban,F,8.41,7.78,6.7,7.47,7.34,7.41,1,0,2020
1930,2020,Hunedoara,Colegiul Economic Traian,Urban,F,8.06,7.37,7.84,8.75,8.21,7.91,1,0,2020
1931,2020,Neamt,Colegiul National Mircea cel Batran,Rural,F,6.73,8.79,8.96,6.59,6.87,8.02,1,0,2020
1932,2020,Tulcea,Liceul Tehnologic Mihai Viteazul,Rural,F,8.62,10.0,8.53,7.76,7.49,8.71,1,0,2020
1933,2020,Bihor,Colegiul Tehnic George Cosbuc,Urban,F,8.01,8.03,5.98,8.53,6.88,7.32,1,0,2020
1934,2020,Iasi,Liceul Sportiv Tudor Vladimirescu,Urban,F,6.66,9.11,5.0,9.49,7.74,7.48,1,0,2020
1935,2020,Suceava,Scoala Nationala Ion Barbu,Urban,M,7.97,6.22,8.13,9.91,8.37,7.84,1,0,2020
1936,2020,Covasna,Liceul Pedagogic Alexandru Ioan Cuza,Urban,F,6.54,6.53,7.79,8.67,9.29,7.64,1,0,2020
1937,2020,Timis,Liceul Sportiv Nicolae Balcescu,Urban,M,8.55,7.25,9.33,9.72,7.79,8.46,1,0,2020
1938,2020,Dambovita,Liceul de Arte Lucian Blaga,Rural,M,8.54,7.63,5.0,8.81,9.47,7.38,1,0,2020
1939,2020,Bucuresti,Liceul Sportiv Mihai Eminescu,Rural,F,8.6,8.38,4.37,8.54,6.69,6.97,0,0,2020
1940,2020,Timis,Colegiul Tehnic Unirea,Urban,F,8.32,7.66,5.94,5.74,6.85,6.8,0,1,2020
1941,2020,Bistrita-Nasaud,Liceul Tehnologic Tudor Vladimirescu,Urban,F,9.47,6.67,9.22,8.45,7.07,8.04,1,0,2020
1942,2020,Teleorman,Liceul Pedagogic Traian,Urban,M,6.84,8.08,8.85,5.56,9.84,8.07,1,0,2020
1943,2020,Maramures,Liceul de Arte Stefan cel Mare,Urban,F,7.42,5.97,7.8,6.97,6.85,6.95,1,0,2020
1944,2020,Galati,Liceul Sportiv Decebal,Urban,M,8.37,4.83,3.78,9.23,4.85,5.53,0,0,2020
1945,2020,Mehedinti,Liceul Teoretic Spiru Haret,Urban,F,4.36,8.12,5.56,6.83,3.85,6.14,0,0,2020
1946,2020,Harghita,Liceul Pedagogic Marin Preda,Rural,M,6.89,9.35,8.33,7.35,7.68,8.25,1,0,2020
1947,2020,Bucuresti,Colegiul Tehnic Ion Luca Caragiale,Urban,M,8.84,7.58,7.63,10.0,6.05,7.85,1,0,2020
1948,2020,Alba,Liceul Sportiv Spiru Haret,Urban,F,8.76,9.82,5.91,8.54,8.68,8.18,1,0,2020
1949,2020,Hunedoara,Liceul Sportiv Mihai Viteazul,Urban,F,10.0,6.57,8.97,9.63,10.0,8.61,1,0,2020
1950,2020,Gorj,Liceul Teoretic Decebal,Rural,M,10.0,8.73,8.05,6.47,9.61,8.45,1,0,2020
1951,2020,Alba,Liceul Pedagogic Regina Maria,Rural,M,8.86,10.0,9.63,6.55,10.0,9.26,1,0,2020
1952,2020,Olt,Colegiul National Marin Preda,Urban,M,10.0,6.99,10.0,9.73,7.24,8.64,1,0,2020
1953,2020,Constanta,Liceul Pedagogic Dimitrie Cantemir,Rural,M,3.8,7.45,2.93,7.28,5.52,5.41,0,0,2020
1954,2020,Brasov,Colegiul Tehnic Vasile Alecsandri,Urban,F,8.94,4.8,5.61,7.0,6.07,5.98,0,0,2020
1955,2020,Arad,Liceul Teoretic George Cosbuc,Rural,M,8.54,4.96,4.38,5.15,8.58,5.72,0,0,2020
1956,2020,Vaslui,Liceul Sportiv George Cosbuc,Rural,F,4.9,7.32,9.95,6.36,8.62,7.92,0,1,2020
1957,2020,Mehedinti,Liceul Sportiv Dimitrie Cantemir,Rural,F,8.74,10.0,7.01,6.16,5.43,7.72,1,0,2020
1958,2020,Alba,Liceul Pedagogic Elena Cuza,Urban,F,8.38,9.25,8.48,9.18,6.86,8.56,1,0,2020
1959,2020,Satu Mare,Colegiul Tehnic Alexandru Ioan Cuza,Urban,F,8.41,6.45,6.47,6.52,7.36,6.8,1,0,2020
1960,2020,Alba,Colegiul Economic Traian,Rural,F,7.31,5.3,8.64,8.76,8.76,7.54,1,0,2020
1961,2020,Dambovita,Liceul Teoretic Decebal,Rural,M,6.39,7.14,5.78,8.43,8.16,7.0,1,0,2020
1962,2020,Satu Mare,Scoala Nationala Traian,Urban,F,9.14,8.8,7.04,9.75,7.98,8.33,1,0,2020
1963,2020,Bucuresti,Liceul Sportiv Marin Preda,Urban,F,8.11,9.09,7.14,9.17,10.0,8.56,1,0,2020
1964,2020,Buzau,Scoala Nationala Dimitrie Cantemir,Rural,M,8.11,8.07,7.44,8.23,6.38,7.66,1,0,2020
1965,2020,Neamt,Liceul de Arte Mircea cel Batran,Urban,F,10.0,6.29,8.53,10.0,8.8,8.27,1,0,2020
1966,2020,Teleorman,Scoala Nationala Regina Maria,Rural,F,7.2,7.98,5.69,3.26,8.66,6.61,0,1,2020
1967,2020,Valcea,Liceul Tehnologic Ion Barbu,Urban,M,4.8,6.25,8.74,6.59,5.75,6.83,0,0,2020
1968,2020,Mehedinti,Scoala Nationala Traian,Urban,F,8.83,8.16,7.34,7.67,6.67,7.68,1,0,2020
1969,2020,Botosani,Liceul Tehnologic Spiru Haret,Urban,F,8.86,9.14,5.61,8.31,8.02,7.76,1,0,2020
1970,2020,Ialomita,Liceul de Arte Traian,Urban,F,10.0,6.13,7.89,6.64,7.2,7.28,1,0,2020
1971,2020,Mehedinti,Liceul Teoretic Alexandru Ioan Cuza,Urban,F,9.72,8.38,5.03,8.46,9.26,7.65,1,0,2020
1972,2020,Prahova,Colegiul National Ana Ipatescu,Urban,M,7.62,10.0,7.93,6.79,5.53,7.99,1,0,2020
1973,2020,Botosani,Liceul Pedagogic Alexandru Ioan Cuza,Urban,M,6.24,7.6,5.17,10.0,9.64,7.4,1,0,2020
1974,2020,Covasna,Colegiul National Mihai Eminescu,Urban,F,9.15,7.91,6.59,9.33,6.95,7.71,1,0,2020
1975,2020,Brasov,Liceul Teoretic Gheorghe Sincai,Urban,M,8.6,8.86,5.0,8.41,7.08,7.34,1,0,2020
1976,2020,Brasov,Liceul Pedagogic Lucian Blaga,Urban,F,9.4,7.23,7.83,7.1,7.68,7.68,1,0,2020
1977,2020,Covasna,Colegiul National Bogdan Voda,Urban,M,8.1,9.55,9.74,5.0,8.96,8.69,1,0,2020
1978,2020,Arges,Liceul Sportiv Grigore Moisil,Urban,F,6.28,4.5,3.43,8.22,7.25,5.33,0,0,2020
1979,2020,Botosani,Liceul Sportiv Mihai Eminescu,Urban,M,8.7,8.2,7.2,9.01,6.08,7.75,1,0,2020
1980,2020,Salaj,Liceul Teoretic George Cosbuc,Rural,F,9.15,8.38,6.13,9.91,8.28,8.0,1,0,2020
1981,2020,Bucuresti,Colegiul Tehnic Decebal,Rural,F,5.65,6.46,3.02,4.14,7.46,5.15,0,0,2020
1982,2020,Timis,Colegiul Economic Vasile Alecsandri,Rural,M,8.23,8.93,5.44,8.63,10.0,7.93,1,0,2020
1983,2020,Braila,Scoala Nationala Constantin Brancusi,Urban,M,8.72,9.17,4.77,9.81,9.75,7.99,0,1,2020
1984,2020,Tulcea,Colegiul National Gheorghe Sincai,Urban,M,8.61,5.9,7.98,8.81,9.23,7.73,1,0,2020
1985,2020,Suceava,Liceul Tehnologic Nicolae Balcescu,Urban,M,9.2,9.58,9.27,7.5,6.2,8.63,1,0,2020
1986,2020,Ialomita,Liceul Teoretic Stefan cel Mare,Urban,M,7.35,7.89,8.92,6.99,9.93,8.32,1,0,2020
1987,2020,Dolj,Liceul Tehnologic Onisifor Ghibu,Urban,M,9.6,8.56,8.68,7.11,9.08,8.56,1,0,2020
1988,2020,Harghita,Liceul Sportiv Alexandru Ioan Cuza,Urban,F,8.6,8.35,5.64,6.6,7.06,7.11,1,0,2020
1989,2020,Brasov,Colegiul National Constantin Brancusi,Urban,F,7.01,10.0,7.42,5.84,7.91,7.99,1,0,2020
1990,2020,Neamt,Scoala Nationala Vasile Alecsandri,Urban,F,10.0,8.04,7.16,7.19,7.91,7.82,1,0,2020
1991,2020,Arges,Liceul Teoretic George Cosbuc,Urban,M,7.82,6.99,9.79,8.03,6.77,8.04,1,0,2020
1992,2020,Iasi,Liceul Tehnologic Vasile Alecsandri,Urban,F,6.85,10.0,6.64,9.58,9.36,8.52,1,0,2020
1993,2020,Bistrita-Nasaud,Scoala Nationala Marin Preda,Urban,M,9.35,10.0,5.0,9.63,7.36,7.98,1,0,2020
1994,2020,Satu Mare,Colegiul Economic Vasile Alecsandri,Urban,M,7.98,8.09,7.7,9.04,10.0,8.39,1,0,2020
1995,2020,Dambovita,Colegiul Economic Mihai Eminescu,Urban,F,9.0,7.01,7.49,5.25,7.18,7.11,1,0,2020
1996,2020,Sibiu,Scoala Nationala Mihai Eminescu,Rural,F,8.93,8.66,5.84,10.0,9.6,8.18,1,0,2020
1997,2020,Braila,Colegiul Tehnic Stefan cel Mare,Urban,F,8.1,8.34,8.4,7.22,5.25,7.7,1,0,2020
1998,2020,Satu Mare,Scoala Nationala Grigore Moisil,Urban,F,4.0,2.97,6.19,9.92,8.54,5.92,0,0,2020
1999,2020,Sibiu,Liceul Teoretic Unirea,Urban,M,7.48,8.02,8.23,7.75,8.99,8.13,1,0,2020
2000,2020,Bucuresti,Colegiul Tehnic Ion Barbu,Rural,M,9.62,9.09,5.0,6.6,8.46,7.45,1,0,2020
2001,2020,Bacau,Colegiul Economic Mihai Eminescu,Rural,F,8.13,9.76,5.26,5.86,6.93,7.24,1,0,2020
2002,2020,Ilfov,Liceul Tehnologic Mihai Viteazul,Urban,M,9.04,8.26,9.25,7.66,5.68,8.16,1,0,2020
2003,2020,Sibiu,Liceul Tehnologic Alexandru Ioan Cuza,Rural,M,4.9,5.43,5.38,5.23,3.33,5.02,0,0,2020
2004,2020,Neamt,Liceul Tehnologic Onisifor Ghibu,Urban,F,8.01,9.09,7.22,7.18,7.18,7.85,1,0,2020
2005,2020,Ilfov,Liceul de Arte Octavian Goga,Urban,F,9.7,8.67,8.0,7.26,7.26,8.15,1,0,2020
2006,2020,Valcea,Scoala Nationala Mihai Viteazul,Urban,F,9.7,8.68,6.95,6.77,7.62,7.82,1,0,2020
2007,2020,Vaslui,Liceul Tehnologic Mihai Viteazul,Rural,M,6.83,8.34,8.66,7.93,8.33,8.22,1,0,2020
2008,2020,Salaj,Liceul Teoretic Gheorghe Sincai,Rural,M,8.13,1.26,2.48,7.29,2.31,3.38,0,0,2020
2009,2020,Gorj,Liceul de Arte Regina Maria,Urban,F,9.01,6.9,5.46,6.3,7.49,6.68,1,0,2020
2010,2020,Constanta,Scoala Nationala Bogdan Voda,Urban,F,7.83,8.68,8.33,7.83,8.93,8.4,1,0,2020
2011,2020,Galati,Liceul Tehnologic Emil Racovita,Urban,M,6.57,6.6,2.5,6.87,4.72,5.13,0,0,2020
2012,2020,Teleorman,Scoala Nationala Avram Iancu,Urban,F,6.29,7.66,6.77,8.18,6.02,7.09,1,0,2020
2013,2020,Gorj,Liceul de Arte Avram Iancu,Rural,F,5.85,7.2,8.94,6.52,7.25,7.49,1,0,2020
2014,2020,Ilfov,Liceul Sportiv Traian,Urban,F,7.58,8.1,8.23,9.83,8.68,8.43,1,0,2020
2015,2020,Galati,Scoala Nationala Tudor Vladimirescu,Rural,F,9.42,7.06,10.0,6.99,7.82,8.28,1,0,2020
2016,2020,Constanta,Scoala Nationala Unirea,Rural,F,5.82,2.59,5.16,3.73,6.08,4.38,0,0,2020
2017,2020,Mures,Liceul Sportiv Decebal,Urban,F,9.03,9.01,5.0,8.74,7.18,7.49,1,0,2020
2018,2020,Neamt,Liceul de Arte Onisifor Ghibu,Urban,F,3.77,9.66,5.01,8.27,4.26,6.66,0,0,2020
2019,2020,Giurgiu,Liceul Teoretic Regina Maria,Urban,M,8.54,4.39,5.77,8.42,1.72,5.42,0,0,2020
2020,2020,Arges,Liceul de Arte Decebal,Rural,M,9.24,4.3,7.18,5.72,2.95,5.67,0,1,2020
2021,2020,Dambovita,Scoala Nationala Marin Preda,Urban,M,7.48,7.06,8.48,8.5,3.73,7.24,0,0,2020
2022,2020,Vaslui,Colegiul Economic Stefan cel Mare,Urban,F,7.81,9.61,7.07,8.93,7.89,8.31,1,0,2020
2023,2020,Arad,Liceul Pedagogic Emil Racovita,Rural,F,8.63,7.58,9.71,8.0,8.1,8.46,1,0,2020
2024,2020,Botosani,Liceul Tehnologic Ana Ipatescu,Urban,F,9.23,8.65,5.85,10.0,7.33,7.87,1,0,2020
2025,2020,Dambovita,Colegiul Economic Unirea,Urban,F,8.06,5.64,3.85,6.39,6.82,5.63,0,0,2020
2026,2020,Olt,Liceul Sportiv Constantin Brancusi,Urban,F,9.26,10.0,9.13,8.66,8.25,9.2,1,0,2020
2027,2020,Maramures,Liceul Pedagogic Stefan cel Mare,Rural,M,7.96,8.45,3.61,8.27,5.01,6.41,0,1,2020
2028,2020,Suceava,Colegiul Economic Ion Barbu,Urban,F,8.17,7.96,8.75,8.03,7.04,8.09,1,0,2020
2029,2020,Covasna,Colegiul Economic Avram Iancu,Urban,M,7.71,7.02,3.28,6.83,8.01,6.09,0,0,2020
2030,2020,Iasi,Colegiul Tehnic Tudor Vladimirescu,Urban,F,10.0,7.15,10.0,7.8,7.73,8.47,1,0,2020
2031,2020,Satu Mare,Liceul Teoretic Constantin Brancusi,Rural,M,6.26,6.77,8.42,6.33,1.74,6.39,0,0,2020
2032,2020,Iasi,Liceul Sportiv Regina Maria,Urban,F,7.67,9.53,8.17,5.37,5.18,7.66,1,0,2020
2033,2020,Neamt,Liceul Pedagogic Mihai Viteazul,Urban,F,9.94,5.88,5.0,9.71,8.82,7.04,1,0,2020
2034,2020,Dambovita,Colegiul Tehnic Grigore Moisil,Rural,M,8.83,9.36,5.03,8.13,5.0,7.17,1,0,2020
2035,2020,Maramures,Liceul Tehnologic George Cosbuc,Urban,M,8.24,7.98,9.02,8.29,10.0,8.67,1,0,2020
2036,2020,Timis,Liceul Sportiv Ioan Slavici,Urban,F,7.88,8.03,10.0,9.67,10.0,9.15,1,0,2020
2037,2020,Neamt,Liceul Pedagogic Avram Iancu,Urban,M,6.12,9.14,8.21,9.71,10.0,8.77,1,0,2020
2038,2020,Dambovita,Liceul Tehnologic Octavian Goga,Rural,M,6.17,7.9,2.9,6.31,5.03,5.56,0,0,2020
2039,2020,Calarasi,Liceul Teoretic George Cosbuc,Urban,M,8.26,2.87,5.08,6.84,10.0,5.74,0,0,2020
2040,2020,Teleorman,Liceul Tehnologic Ioan Slavici,Urban,F,7.38,8.05,6.79,10.0,10.0,8.19,1,0,2020
2041,2020,Cluj,Liceul Pedagogic Ion Luca Caragiale,Urban,F,8.05,10.0,6.47,8.64,5.89,7.93,1,0,2020
2042,2020,Sibiu,Colegiul National Mihai Viteazul,Urban,F,8.13,8.86,9.22,8.43,7.52,8.63,1,0,2020
2043,2020,Braila,Liceul Pedagogic Constantin Brancusi,Urban,M,10.0,7.54,5.0,9.82,8.53,7.51,1,0,2020
2044,2020,Cluj,Colegiul National George Cosbuc,Rural,M,9.27,5.34,4.9,6.88,8.66,6.33,0,0,2020
2045,2020,Prahova,Scoala Nationala Traian,Urban,F,8.29,5.0,9.94,8.15,6.75,7.55,1,0,2020
2046,2020,Suceava,Colegiul Economic Onisifor Ghibu,Urban,M,7.94,8.87,6.42,8.28,6.95,7.67,1,0,2020
2047,2020,Mures,Colegiul National Stefan cel Mare,Urban,M,7.94,6.74,6.51,7.99,6.81,6.99,1,0,2020
2048,2020,Ilfov,Colegiul Economic Tudor Vladimirescu,Rural,F,8.42,7.74,10.0,6.74,7.48,8.3,1,0,2020
2049,2020,Arad,Colegiul Economic Onisifor Ghibu,Urban,F,7.69,6.44,6.72,8.99,3.48,6.59,0,1,2020
2050,2020,Braila,Colegiul National Ana Ipatescu,Rural,F,8.81,8.32,9.08,8.98,8.21,8.68,1,0,2020
2051,2020,Olt,Liceul de Arte Ana Ipatescu,Urban,F,8.22,8.57,6.26,8.6,8.13,7.78,1,0,2020
2052,2020,Braila,Liceul Teoretic Octavian Goga,Urban,F,9.15,8.18,6.5,6.77,6.48,7.31,1,0,2020
2053,2020,Iasi,Colegiul Economic George Cosbuc,Urban,F,7.75,7.82,6.52,6.94,5.64,6.96,1,0,2020
2054,2020,Iasi,Liceul Sportiv George Cosbuc,Rural,M,9.62,4.72,6.15,5.57,4.19,5.69,0,1,2020
2055,2020,Calarasi,Scoala Nationala Gheorghe Sincai,Urban,F,7.85,10.0,8.7,10.0,6.77,8.91,1,0,2020
2056,2020,Sibiu,Colegiul Economic Lucian Blaga,Urban,F,8.94,5.18,8.48,7.77,7.93,7.35,0,1,2020
2057,2020,Vrancea,Liceul Teoretic Ana Ipatescu,Urban,F,7.7,7.49,9.27,6.78,6.26,7.75,1,0,2020
2058,2020,Salaj,Scoala Nationala Spiru Haret,Urban,F,8.78,5.41,2.51,3.86,4.35,4.49,0,0,2020
2059,2020,Buzau,Liceul Sportiv Spiru Haret,Rural,F,9.28,3.39,6.7,7.52,6.51,6.06,0,0,2020
2060,2020,Constanta,Colegiul National Nicolae Balcescu,Urban,F,9.06,7.26,9.14,8.26,5.89,7.95,1,0,2020
2061,2020,Braila,Liceul Tehnologic Dimitrie Cantemir,Urban,M,8.05,6.83,6.82,10.0,8.64,7.7,1,0,2020
2062,2020,Galati,Liceul Tehnologic Grigore Moisil,Rural,F,10.0,10.0,8.87,8.88,7.39,9.1,1,0,2020
2063,2020,Satu Mare,Liceul Tehnologic Regina Maria,Rural,F,7.43,8.82,6.9,2.82,5.1,6.65,0,0,2020
2064,2020,Ialomita,Liceul Pedagogic Unirea,Rural,M,6.13,9.46,1.37,7.75,3.82,5.6,0,0,2020
2065,2020,Ialomita,Scoala Nationala Bogdan Voda,Rural,F,6.36,8.73,8.72,9.37,10.0,8.78,1,0,2020
2066,2020,Valcea,Colegiul Economic Mihai Viteazul,Rural,F,8.42,7.77,6.73,7.69,6.83,7.37,1,0,2020
2067,2020,Sibiu,Colegiul National Unirea,Urban,M,9.0,7.61,7.35,8.5,9.87,8.14,1,0,2020
2068,2020,Galati,Colegiul Tehnic Ana Ipatescu,Urban,F,7.93,7.12,4.3,7.94,8.2,6.64,0,0,2020
2069,2020,Buzau,Colegiul Economic Spiru Haret,Rural,M,8.88,7.49,5.0,7.77,8.23,7.03,1,0,2020
2070,2020,Tulcea,Liceul Sportiv Regina Maria,Urban,F,10.0,6.39,8.94,6.25,6.68,7.54,1,0,2020
2071,2020,Hunedoara,Colegiul Economic Ioan Slavici,Rural,F,7.09,6.05,8.63,7.66,10.0,7.76,1,0,2020
2072,2020,Arad,Liceul Sportiv Ana Ipatescu,Urban,F,4.92,6.94,5.54,8.81,7.64,6.7,0,0,2020
2073,2020,Mehedinti,Liceul Pedagogic Alexandru Ioan Cuza,Urban,F,8.9,9.1,7.25,9.62,8.44,8.5,1,0,2020
2074,2020,Calarasi,Liceul Teoretic Vasile Alecsandri,Urban,M,8.16,7.34,7.2,10.0,9.94,8.17,1,0,2020
2075,2020,Alba,Liceul Tehnologic Nicolae Balcescu,Urban,F,7.15,7.41,5.71,7.87,8.88,7.16,1,0,2020
2076,2020,Cluj,Liceul de Arte Bogdan Voda,Urban,F,8.55,8.59,8.48,8.5,7.65,8.4,1,0,2020
2077,2020,Arges,Liceul Teoretic Nicolae Balcescu,Urban,F,8.58,10.0,9.21,6.91,6.79,8.68,1,0,2020
2078,2020,Constanta,Liceul Sportiv Vasile Alecsandri,Rural,M,6.86,6.68,5.92,8.54,9.23,7.13,1,0,2020
2079,2020,Gorj,Liceul Pedagogic Ioan Slavici,Rural,F,10.0,7.93,9.51,8.65,7.55,8.66,1,0,2020
2080,2020,Valcea,Scoala Nationala Vasile Alecsandri,Rural,F,7.82,8.75,5.21,8.22,5.55,7.04,1,0,2020
2081,2020,Dambovita,Liceul Tehnologic Elena Cuza,Rural,F,9.15,7.08,5.68,7.63,7.38,6.99,1,0,2020
2082,2020,Olt,Colegiul Economic Dimitrie Cantemir,Urban,F,7.94,2.45,3.78,5.76,7.27,4.62,0,0,2020
2083,2020,Hunedoara,Colegiul National George Cosbuc,Urban,F,8.49,7.7,5.43,9.66,9.29,7.63,1,0,2020
2084,2020,Brasov,Liceul Teoretic Octavian Goga,Urban,M,10.0,8.35,6.82,6.62,7.92,7.73,1,0,2020
2085,2020,Hunedoara,Liceul Teoretic Regina Maria,Urban,M,7.95,6.67,8.35,9.13,6.76,7.68,1,0,2020
2086,2020,Timis,Liceul Sportiv Mircea cel Batran,Rural,F,8.38,8.27,5.94,8.16,6.7,7.33,1,0,2020
2087,2020,Calarasi,Liceul Pedagogic Tudor Vladimirescu,Urban,F,7.41,6.42,7.19,7.34,7.71,7.08,0,1,2020
2088,2020,Mehedinti,Liceul de Arte Spiru Haret,Rural,M,7.07,3.19,5.67,6.62,6.89,5.39,0,0,2020
2089,2020,Hunedoara,Liceul Tehnologic Mihai Eminescu,Rural,M,6.15,4.01,3.08,5.98,6.74,4.65,0,0,2020
2090,2020,Mures,Colegiul National Ana Ipatescu,Urban,M,8.0,7.82,5.44,8.01,10.0,7.48,1,0,2020
2091,2020,Sibiu,Liceul Tehnologic Dimitrie Cantemir,Rural,M,7.72,7.65,9.87,8.25,6.28,8.21,1,0,2020
2092,2020,Alba,Liceul de Arte Lucian Blaga,Rural,M,6.81,5.0,8.23,7.46,8.55,7.05,1,0,2020
2093,2020,Satu Mare,Liceul Tehnologic Lucian Blaga,Rural,M,6.48,5.93,7.17,7.89,8.0,6.96,1,0,2020
2094,2020,Sibiu,Colegiul Tehnic Dimitrie Cantemir,Urban,F,9.41,8.11,8.53,7.31,6.08,7.94,1,0,2020
2095,2020,Arges,Scoala Nationala Onisifor Ghibu,Urban,M,9.18,7.42,5.0,8.46,7.95,7.11,1,0,2020
2096,2020,Gorj,Liceul Teoretic Mihai Viteazul,Urban,F,7.54,7.04,7.24,7.15,3.63,6.66,0,0,2020
2097,2020,Prahova,Liceul de Arte Ion Barbu,Rural,M,10.0,8.8,2.77,5.84,5.93,6.24,0,0,2020
2098,2020,Harghita,Liceul Pedagogic Tudor Vladimirescu,Rural,M,8.83,7.32,5.41,6.27,8.09,6.86,1,0,2020
2099,2020,Suceava,Colegiul Tehnic Tudor Vladimirescu,Urban,F,8.4,7.99,7.21,7.86,7.2,7.66,1,0,2020
2100,2020,Bacau,Scoala Nationala Dimitrie Cantemir,Rural,M,7.43,7.23,7.14,9.9,6.73,7.55,1,0,2020
2101,2020,Bucuresti,Liceul Sportiv Unirea,Rural,M,9.81,9.75,7.81,10.0,6.28,8.69,1,0,2020
2102,2020,Timis,Colegiul Economic Traian,Urban,F,10.0,8.7,6.34,10.0,6.29,7.96,1,0,2020
2103,2020,Cluj,Liceul Teoretic Lucian Blaga,Urban,F,7.41,6.91,8.84,10.0,7.36,8.07,1,0,2020
2104,2020,Satu Mare,Liceul Pedagogic Avram Iancu,Urban,F,10.0,7.54,9.48,8.59,5.0,8.14,1,0,2020
2105,2020,Galati,Liceul Tehnologic Marin Preda,Urban,M,9.29,9.9,5.0,7.47,7.94,7.71,1,0,2020
2106,2020,Gorj,Liceul Teoretic George Cosbuc,Urban,M,5.44,8.59,7.17,7.68,7.77,7.59,1,0,2020
2107,2020,Alba,Liceul Pedagogic Avram Iancu,Rural,F,8.75,7.24,6.99,8.71,9.62,7.89,1,0,2020
2108,2020,Olt,Scoala Nationala Constantin Brancusi,Urban,F,7.63,7.09,5.94,9.98,8.77,7.48,1,0,2020
2109,2020,Satu Mare,Liceul Teoretic Marin Preda,Rural,F,8.14,10.0,8.85,8.91,7.75,8.97,1,0,2020
2110,2020,Constanta,Liceul Teoretic George Cosbuc,Urban,F,7.98,9.23,7.98,4.71,7.44,7.78,0,1,2020
2111,2020,Suceava,Liceul de Arte Mihai Eminescu,Rural,M,6.86,8.87,7.87,9.01,7.95,8.25,1,0,2020
2112,2020,Maramures,Colegiul Economic Stefan cel Mare,Rural,F,9.71,9.98,6.25,6.8,6.98,7.91,1,0,2020
2113,2020,Vrancea,Liceul Teoretic Spiru Haret,Rural,M,8.21,8.46,7.69,6.23,7.62,7.74,1,0,2020
2114,2020,Salaj,Liceul de Arte Stefan cel Mare,Urban,F,8.51,4.61,4.78,9.24,7.16,6.13,0,0,2020
2115,2020,Alba,Liceul de Arte Mircea cel Batran,Urban,F,9.74,9.01,8.55,7.78,8.43,8.67,1,0,2020
2116,2020,Alba,Liceul Teoretic Decebal,Rural,M,7.52,7.57,7.51,8.29,9.32,7.92,1,0,2020
2117,2020,Brasov,Scoala Nationala Spiru Haret,Urban,F,8.75,9.78,9.18,8.08,6.74,8.79,1,0,2020
2118,2020,Brasov,Liceul de Arte Alexandru Ioan Cuza,Rural,F,9.66,7.92,9.47,7.03,5.0,7.99,1,0,2020
2119,2020,Neamt,Liceul Pedagogic Bogdan Voda,Urban,M,9.16,8.54,3.33,9.38,9.61,7.33,0,0,2020
2120,2020,Maramures,Liceul Teoretic Ion Luca Caragiale,Rural,F,8.16,10.0,7.19,8.96,9.13,8.69,1,0,2020
2121,2020,Salaj,Liceul Pedagogic Lucian Blaga,Urban,F,7.2,3.4,5.13,9.83,9.55,6.19,0,1,2020
2122,2020,Suceava,Liceul Teoretic Gheorghe Sincai,Rural,M,6.19,5.83,10.0,10.0,6.65,7.87,1,0,2020
2123,2020,Brasov,Colegiul Tehnic Nicolae Balcescu,Urban,F,9.39,7.21,7.99,9.46,7.14,7.99,1,0,2020
2124,2020,Timis,Scoala Nationala Regina Maria,Rural,M,9.81,8.25,8.03,7.3,5.79,7.83,1,0,2020
2125,2020,Teleorman,Colegiul Economic Onisifor Ghibu,Urban,M,8.16,7.76,5.74,10.0,4.18,6.99,0,0,2020
2126,2020,Mures,Liceul Tehnologic George Cosbuc,Urban,F,8.94,7.89,7.69,8.57,6.42,7.82,1,0,2020
2127,2020,Vaslui,Liceul de Arte Tudor Vladimirescu,Urban,M,7.07,8.46,3.38,3.56,4.9,5.53,0,1,2020
2128,2020,Timis,Liceul Tehnologic Mircea cel Batran,Rural,F,7.51,8.11,1.16,7.1,7.71,5.75,0,0,2020
2129,2020,Botosani,Liceul Tehnologic Avram Iancu,Rural,F,4.94,8.12,5.35,10.0,2.05,6.34,0,0,2020
2130,2020,Sibiu,Liceul Pedagogic Unirea,Urban,F,9.52,9.78,9.06,6.3,8.91,8.89,1,0,2020
2131,2020,Constanta,Colegiul Economic Stefan cel Mare,Urban,F,8.15,2.41,5.75,5.99,7.07,5.22,0,0,2020
2132,2020,Mehedinti,Liceul Pedagogic Alexandru Ioan Cuza,Rural,F,5.46,7.36,6.98,6.14,9.14,7.14,1,0,2020
2133,2020,Mures,Liceul Teoretic Tudor Vladimirescu,Urban,M,7.24,6.46,7.59,6.97,7.15,7.06,0,1,2020
2134,2020,Braila,Colegiul Tehnic Ioan Slavici,Urban,M,4.07,1.94,2.36,5.12,4.6,3.16,0,0,2020
2135,2020,Arges,Colegiul Tehnic Gheorghe Sincai,Rural,M,6.22,5.43,7.06,6.92,2.6,5.8,0,0,2020
2136,2020,Covasna,Liceul Teoretic Lucian Blaga,Rural,M,4.65,7.04,4.88,6.38,6.78,6.02,0,1,2020
2137,2020,Ilfov,Liceul Pedagogic Constantin Brancusi,Urban,F,8.44,9.68,9.95,9.61,8.53,9.45,1,0,2020
2138,2020,Bucuresti,Colegiul Tehnic Mihai Viteazul,Urban,F,7.95,10.0,6.3,6.4,8.09,7.86,1,0,2020
2139,2020,Giurgiu,Liceul Tehnologic Nicolae Balcescu,Urban,F,9.31,6.31,5.92,6.92,7.33,6.74,1,0,2020
2140,2020,Prahova,Liceul Pedagogic Ioan Slavici,Urban,F,8.88,8.38,8.79,7.74,7.89,8.38,1,0,2020
2141,2020,Cluj,Scoala Nationala George Cosbuc,Urban,F,6.59,6.8,5.0,5.73,8.49,6.33,1,0,2020
2142,2020,Iasi,Liceul Pedagogic Ion Barbu,Urban,F,10.0,7.34,6.14,8.02,8.36,7.5,1,0,2020
2143,2020,Maramures,Liceul Tehnologic Mihai Eminescu,Urban,F,8.79,5.44,6.52,6.31,9.19,6.79,1,0,2020
2144,2020,Maramures,Liceul Tehnologic Vasile Alecsandri,Urban,M,6.65,6.37,8.19,5.91,7.12,6.99,1,0,2020
2145,2020,Ilfov,Scoala Nationala Emil Racovita,Urban,M,9.29,7.68,9.27,8.77,7.78,8.5,1,0,2020
2146,2020,Mehedinti,Colegiul Tehnic Ana Ipatescu,Urban,M,9.41,9.93,8.46,8.18,9.0,9.04,1,0,2020
2147,2020,Dolj,Scoala Nationala Regina Maria,Rural,M,7.94,8.28,7.13,9.94,6.74,7.92,1,0,2020
2148,2020,Salaj,Liceul de Arte Onisifor Ghibu,Rural,F,9.43,6.31,7.81,7.19,7.09,7.32,1,0,2020
2149,2020,Tulcea,Liceul Pedagogic Spiru Haret,Urban,F,8.38,8.46,3.49,8.96,5.05,6.52,0,0,2020
2150,2020,Vaslui,Liceul de Arte Vasile Alecsandri,Urban,F,8.77,9.83,7.17,6.53,8.61,8.25,1,0,2020
2151,2020,Vrancea,Liceul de Arte Marin Preda,Urban,F,7.66,7.25,1.91,5.43,7.07,5.39,0,1,2020
2152,2020,Salaj,Liceul Teoretic Vasile Alecsandri,Urban,M,6.91,10.0,3.81,3.46,7.71,6.51,0,1,2020
2153,2020,Arges,Liceul Teoretic Vasile Alecsandri,Urban,F,10.0,6.6,9.68,10.0,7.08,8.45,1,0,2020
2154,2020,Timis,Colegiul Tehnic Marin Preda,Urban,F,6.46,8.62,10.0,6.66,7.58,8.37,1,0,2020
2155,2020,Galati,Liceul Pedagogic Mircea cel Batran,Urban,M,8.06,6.68,10.0,7.93,7.44,8.12,1,0,2020
2156,2020,Olt,Liceul Teoretic George Cosbuc,Rural,F,7.28,8.42,8.03,6.44,6.98,7.68,1,0,2020
2157,2020,Teleorman,Liceul Sportiv Elena Cuza,Rural,M,7.63,8.32,6.5,7.08,5.28,7.06,1,0,2020
2158,2020,Calarasi,Liceul Sportiv Ion Barbu,Rural,M,7.03,1.15,5.24,6.62,6.88,4.64,0,1,2020
2159,2020,Ialomita,Liceul Pedagogic Mihai Eminescu,Urban,F,10.0,7.4,5.03,7.68,8.6,7.17,1,0,2020
2160,2020,Iasi,Liceul Tehnologic Mihai Eminescu,Rural,M,8.09,10.0,4.03,6.98,9.5,7.49,0,0,2020
2161,2020,Tulcea,Liceul Tehnologic Alexandru Ioan Cuza,Urban,F,9.68,3.49,6.19,9.72,10.0,6.83,0,0,2020
2162,2020,Constanta,Colegiul National Bogdan Voda,Rural,F,8.23,6.9,7.06,10.0,7.86,7.69,1,0,2020
2163,2020,Vrancea,Colegiul Tehnic Marin Preda,Urban,F,9.51,7.53,8.38,7.69,7.84,8.05,1,0,2020
2164,2020,Harghita,Liceul Tehnologic Mihai Viteazul,Rural,F,9.09,9.5,7.16,8.49,8.86,8.51,1,0,2020
2165,2020,Calarasi,Colegiul Economic Vasile Alecsandri,Urban,M,8.48,8.72,9.4,9.18,9.23,9.05,1,0,2020
2166,2020,Calarasi,Colegiul Tehnic Elena Cuza,Urban,F,7.77,7.46,3.69,8.89,4.35,6.11,0,0,2020
2167,2020,Timis,Liceul de Arte Ana Ipatescu,Rural,M,9.8,7.94,5.91,9.36,5.0,7.29,1,0,2020
2168,2020,Valcea,Colegiul Economic Avram Iancu,Urban,M,9.17,8.77,6.4,9.14,6.11,7.76,1,0,2020
2169,2020,Olt,Colegiul National Stefan cel Mare,Urban,F,8.59,6.93,6.69,9.3,8.6,7.63,1,0,2020
2170,2020,Maramures,Liceul Teoretic Emil Racovita,Rural,F,9.05,7.84,6.33,4.17,6.7,6.79,0,0,2020
2171,2020,Dambovita,Scoala Nationala Mihai Viteazul,Rural,M,8.05,9.31,8.59,8.86,6.97,8.55,1,0,2020
2172,2020,Vaslui,Liceul Tehnologic Traian,Rural,M,8.2,4.15,9.14,4.83,2.56,5.92,0,0,2020
2173,2020,Dolj,Liceul Teoretic Alexandru Ioan Cuza,Rural,F,7.12,9.8,6.89,7.93,3.27,7.4,0,0,2020
2174,2020,Teleorman,Liceul Tehnologic Nicolae Balcescu,Urban,F,8.55,9.58,7.09,9.43,7.62,8.41,1,0,2020
2175,2020,Covasna,Liceul Teoretic Ion Luca Caragiale,Urban,M,10.0,9.98,5.0,9.53,9.26,8.31,1,0,2020
2176,2020,Olt,Liceul de Arte Constantin Brancusi,Urban,M,7.77,7.47,10.0,8.4,7.01,8.33,1,0,2020
2177,2020,Giurgiu,Colegiul National Onisifor Ghibu,Rural,F,6.18,6.42,7.2,9.34,8.22,7.34,0,1,2020
2178,2020,Arad,Liceul Tehnologic Onisifor Ghibu,Rural,M,5.95,7.14,5.74,3.97,7.2,6.13,0,0,2020
2179,2020,Bistrita-Nasaud,Liceul Teoretic Constantin Brancusi,Urban,F,10.0,7.06,2.85,7.25,4.82,5.78,0,0,2020
2180,2020,Ilfov,Colegiul National Spiru Haret,Urban,M,8.81,7.94,5.84,9.11,6.62,7.37,1,0,2020
2181,2020,Iasi,Scoala Nationala Mircea cel Batran,Urban,M,7.83,7.79,6.88,6.87,10.0,7.71,1,0,2020
2182,2020,Gorj,Scoala Nationala Mihai Viteazul,Urban,F,9.2,7.28,10.0,7.69,6.05,8.17,1,0,2020
2183,2020,Suceava,Liceul Pedagogic Ion Luca Caragiale,Rural,F,5.47,6.17,3.38,4.78,7.11,5.2,0,0,2020
2184,2020,Satu Mare,Colegiul National Mihai Eminescu,Urban,F,9.18,6.27,7.25,8.04,7.59,7.32,0,1,2020
2185,2020,Maramures,Scoala Nationala Gheorghe Sincai,Urban,F,6.93,5.2,7.25,9.05,8.2,7.02,1,0,2020
2186,2020,Mehedinti,Liceul Pedagogic Ion Luca Caragiale,Urban,F,7.55,8.31,8.06,7.95,7.55,7.99,1,0,2020
2187,2020,Hunedoara,Liceul Tehnologic Emil Racovita,Urban,F,8.22,7.5,8.91,6.9,8.5,8.06,1,0,2020
2188,2020,Arges,Colegiul Economic Stefan cel Mare,Urban,F,6.78,6.87,6.75,9.8,9.98,7.73,1,0,2020
2189,2020,Valcea,Colegiul National Onisifor Ghibu,Rural,M,3.86,7.49,7.49,7.53,5.08,6.77,0,0,2020
2190,2020,Suceava,Colegiul National Regina Maria,Urban,F,7.26,6.9,5.32,7.71,6.79,6.57,1,0,2020
2191,2020,Mehedinti,Scoala Nationala Spiru Haret,Urban,F,8.01,8.95,9.54,5.93,7.31,8.33,1,0,2020
2192,2020,Bucuresti,Scoala Nationala Mihai Viteazul,Rural,M,7.87,8.2,6.58,9.72,6.79,7.7,1,0,2020
2193,2020,Dolj,Scoala Nationala Mircea cel Batran,Urban,F,8.75,8.69,7.61,6.95,6.95,7.85,1,0,2020
2194,2020,Giurgiu,Colegiul Economic Decebal,Urban,M,7.05,5.14,4.33,7.94,7.24,5.82,0,0,2020
2195,2020,Suceava,Colegiul Economic Octavian Goga,Urban,M,8.29,7.39,7.68,8.69,8.56,7.94,1,0,2020
2196,2020,Dolj,Scoala Nationala Dimitrie Cantemir,Rural,M,10.0,8.67,5.79,8.11,6.8,7.57,1,0,2020
2197,2020,Harghita,Colegiul National Ion Barbu,Rural,F,7.69,8.56,10.0,8.13,5.71,8.41,1,0,2020
2198,2020,Bucuresti,Liceul Pedagogic Grigore Moisil,Urban,F,9.68,2.19,8.4,7.82,8.48,6.59,0,0,2020
2199,2020,Ilfov,Colegiul National Bogdan Voda,Urban,M,7.28,9.42,9.48,9.11,7.82,8.94,1,0,2020
2200,2020,Maramures,Scoala Nationala Unirea,Urban,M,7.15,7.93,5.44,7.9,9.51,7.34,1,0,2020
2201,2020,Arad,Scoala Nationala Elena Cuza,Rural,M,6.34,8.24,7.16,8.83,5.13,7.35,1,0,2020
2202,2020,Cluj,Liceul Tehnologic Constantin Brancusi,Rural,F,8.31,9.44,6.23,7.6,10.0,8.17,1,0,2020
2203,2020,Bacau,Colegiul National Grigore Moisil,Rural,F,8.14,8.78,8.47,9.1,8.98,8.7,1,0,2020
2204,2020,Covasna,Liceul de Arte Stefan cel Mare,Rural,F,7.17,4.97,2.86,8.29,8.45,5.58,0,0,2020
2205,2020,Brasov,Liceul Teoretic George Cosbuc,Urban,F,8.04,8.75,8.27,6.23,8.41,8.11,1,0,2020
2206,2020,Valcea,Liceul Teoretic Traian,Urban,F,7.28,9.25,8.12,9.84,9.75,8.88,1,0,2020
2207,2020,Constanta,Liceul Sportiv Stefan cel Mare,Urban,F,7.78,6.66,6.44,10.0,6.29,7.15,1,0,2020
2208,2020,Hunedoara,Colegiul National Spiru Haret,Rural,F,7.52,8.21,8.02,7.06,8.65,7.98,1,0,2020
2209,2020,Bistrita-Nasaud,Liceul de Arte Tudor Vladimirescu,Rural,M,8.91,8.33,7.8,5.0,7.56,7.61,1,0,2020
2210,2020,Sibiu,Scoala Nationala Ana Ipatescu,Rural,M,9.17,6.64,6.82,7.3,9.28,7.44,1,0,2020
2211,2020,Cluj,Liceul Teoretic Lucian Blaga,Urban,F,9.25,7.82,8.65,6.54,6.11,7.76,1,0,2020
2212,2020,Brasov,Colegiul National Alexandru Ioan Cuza,Urban,M,8.79,8.77,8.68,8.55,8.02,8.6,1,0,2020
2213,2020,Ialomita,Liceul Pedagogic Ion Barbu,Urban,M,6.47,5.81,5.7,1.48,8.44,5.59,0,0,2020
2214,2020,Alba,Liceul de Arte Ioan Slavici,Rural,M,7.26,6.67,1.62,5.66,4.14,4.68,0,0,2020
2215,2020,Bihor,Liceul Pedagogic Vasile Alecsandri,Rural,M,8.91,7.75,5.62,6.53,6.9,6.92,1,0,2020
2216,2020,Dambovita,Colegiul National Unirea,Urban,F,9.6,8.03,8.92,6.48,8.63,8.31,1,0,2020
2217,2020,Mures,Colegiul Tehnic Decebal,Urban,M,9.36,6.89,7.15,9.5,8.41,7.83,1,0,2020
2218,2020,Buzau,Colegiul Economic George Cosbuc,Urban,F,8.63,6.96,7.13,10.0,9.84,8.07,1,0,2020
2219,2020,Arges,Scoala Nationala Traian,Rural,M,8.34,6.76,10.0,9.02,8.94,8.56,1,0,2020
2220,2020,Arges,Liceul de Arte Alexandru Ioan Cuza,Rural,M,9.49,6.4,9.71,7.39,10.0,8.39,1,0,2020
2221,2020,Mehedinti,Scoala Nationala Elena Cuza,Urban,M,7.8,8.04,9.14,9.37,7.92,8.53,1,0,2020
2222,2020,Braila,Colegiul Tehnic Grigore Moisil,Urban,M,5.11,7.09,8.85,8.77,6.85,7.64,1,0,2020
2223,2020,Covasna,Colegiul National Tudor Vladimirescu,Urban,F,10.0,6.25,7.33,9.87,5.34,7.36,1,0,2020
2224,2020,Prahova,Liceul Tehnologic Onisifor Ghibu,Urban,M,8.27,10.0,7.44,9.5,9.27,8.87,1,0,2020
2225,2020,Ialomita,Liceul Tehnologic Dimitrie Cantemir,Urban,M,7.05,9.25,6.98,6.66,8.18,7.8,1,0,2020
2226,2020,Salaj,Liceul Tehnologic Decebal,Rural,F,7.36,8.47,6.1,7.38,7.18,7.29,1,0,2020
2227,2020,Suceava,Liceul Teoretic Alexandru Ioan Cuza,Rural,F,8.67,7.3,7.05,8.49,9.46,7.86,1,0,2020
2228,2020,Timis,Colegiul Tehnic Lucian Blaga,Urban,F,9.34,9.02,7.86,7.98,7.75,8.36,1,0,2020
2229,2020,Satu Mare,Scoala Nationala Ioan Slavici,Rural,M,8.12,8.19,8.11,8.66,8.26,8.24,1,0,2020
2230,2020,Covasna,Colegiul National Vasile Alecsandri,Urban,F,9.82,8.64,9.67,9.03,6.53,8.81,1,0,2020
2231,2020,Olt,Scoala Nationala Marin Preda,Rural,F,7.41,5.01,5.44,5.1,5.0,5.39,1,0,2020
2232,2020,Bihor,Colegiul National Elena Cuza,Rural,F,7.88,4.6,3.91,3.89,5.39,4.73,0,0,2020
2233,2020,Vaslui,Colegiul Economic Onisifor Ghibu,Rural,F,9.2,4.71,3.99,6.87,5.66,5.41,0,0,2020
2234,2020,Gorj,Liceul Sportiv George Cosbuc,Rural,M,10.0,6.07,6.34,8.29,3.85,6.54,0,0,2020
2235,2020,Ilfov,Liceul Tehnologic Lucian Blaga,Urban,M,7.37,10.0,5.99,7.39,6.77,7.66,1,0,2020
2236,2020,Gorj,Colegiul Tehnic Avram Iancu,Urban,F,10.0,2.68,4.31,6.97,6.64,5.14,0,0,2020
2237,2020,Gorj,Scoala Nationala Nicolae Balcescu,Rural,M,7.08,8.72,9.66,6.9,9.33,8.66,1,0,2020
2238,2020,Arad,Liceul Teoretic Constantin Brancusi,Rural,F,6.59,4.47,9.44,7.49,6.41,6.92,0,0,2020
2239,2020,Arad,Scoala Nationala Spiru Haret,Rural,F,8.55,7.02,8.12,7.98,5.86,7.47,1,0,2020
2240,2020,Valcea,Liceul de Arte Mircea cel Batran,Urban,M,7.06,8.78,6.77,7.77,7.13,7.61,1,0,2020
2241,2020,Suceava,Liceul Pedagogic Ion Barbu,Urban,M,10.0,7.53,7.45,7.66,8.85,7.97,1,0,2020
2242,2020,Iasi,Liceul Tehnologic Ana Ipatescu,Rural,M,6.95,4.29,5.36,7.64,5.59,5.57,0,0,2020
2243,2020,Ialomita,Colegiul Economic Unirea,Urban,M,8.45,9.1,6.7,7.15,8.49,7.93,1,0,2020
2244,2020,Buzau,Colegiul Economic Unirea,Urban,F,10.0,10.0,5.86,7.54,6.8,7.91,1,0,2020
2245,2020,Mures,Scoala Nationala Mihai Viteazul,Rural,M,8.87,4.9,1.69,7.4,3.79,4.54,0,0,2020
2246,2020,Constanta,Liceul Teoretic Gheorghe Sincai,Rural,F,7.8,4.75,5.07,5.95,7.45,5.74,0,0,2020
2247,2020,Mehedinti,Liceul Pedagogic Grigore Moisil,Urban,F,9.06,9.77,10.0,9.93,8.4,9.59,1,0,2020
2248,2020,Bucuresti,Liceul Tehnologic Mihai Viteazul,Rural,M,10.0,6.61,4.21,6.83,2.71,5.68,0,0,2020
2249,2020,Neamt,Colegiul National Vasile Alecsandri,Rural,M,7.81,3.89,4.14,7.94,2.89,4.81,0,0,2020
2250,2020,Sibiu,Liceul de Arte Ion Barbu,Urban,F,8.86,3.38,2.56,6.35,7.52,4.75,0,0,2020
2251,2020,Bacau,Liceul Pedagogic George Cosbuc,Rural,F,9.22,6.52,6.65,7.6,5.81,6.88,1,0,2020
2252,2020,Valcea,Colegiul Economic Onisifor Ghibu,Urban,M,7.83,8.5,8.67,8.16,6.86,8.19,1,0,2020
2253,2020,Bucuresti,Colegiul Economic Mircea cel Batran,Urban,M,8.84,5.0,8.88,7.6,6.94,7.23,1,0,2020
2254,2020,Ilfov,Liceul Sportiv Constantin Brancusi,Urban,F,7.74,2.88,7.46,9.07,4.54,5.92,0,1,2020
2255,2020,Bacau,Colegiul Economic Onisifor Ghibu,Rural,F,5.62,9.84,7.01,10.0,5.46,7.94,1,0,2020
2256,2020,Valcea,Liceul Sportiv Spiru Haret,Urban,F,7.92,7.26,9.09,7.19,7.22,7.86,1,0,2020
2257,2020,Satu Mare,Liceul Teoretic Onisifor Ghibu,Rural,M,7.09,8.29,9.47,4.9,2.26,7.11,0,0,2020
2258,2020,Teleorman,Liceul Sportiv Alexandru Ioan Cuza,Urban,M,8.39,6.51,7.33,9.08,9.01,7.7,1,0,2020
2259,2020,Braila,Liceul Tehnologic Stefan cel Mare,Rural,F,8.7,7.54,9.1,6.91,7.9,8.08,1,0,2020
2260,2020,Mehedinti,Colegiul National Stefan cel Mare,Urban,M,10.0,5.73,6.34,8.99,8.71,7.28,1,0,2020
2261,2020,Calarasi,Colegiul Economic Vasile Alecsandri,Rural,F,7.89,6.56,7.77,9.25,5.84,7.35,1,0,2020
2262,2020,Neamt,Liceul Tehnologic Constantin Brancusi,Urban,F,8.62,8.03,6.27,8.56,9.38,7.84,1,0,2020
2263,2020,Tulcea,Liceul Sportiv George Cosbuc,Rural,F,9.99,6.2,8.55,8.16,7.87,7.83,1,0,2020
2264,2020,Harghita,Liceul de Arte Nicolae Balcescu,Urban,F,7.79,8.67,5.93,6.45,7.88,7.31,1,0,2020
2265,2020,Mehedinti,Colegiul Economic Gheorghe Sincai,Urban,F,8.82,7.34,9.84,9.1,6.9,8.44,1,0,2020
2266,2020,Bacau,Liceul Teoretic Tudor Vladimirescu,Urban,F,8.78,7.8,6.28,7.16,8.6,7.47,1,0,2020
2267,2020,Botosani,Liceul Sportiv Bogdan Voda,Rural,M,7.84,6.55,5.52,7.16,5.46,6.3,1,0,2020
2268,2020,Bihor,Liceul Sportiv Ana Ipatescu,Urban,F,8.75,7.29,5.34,8.24,8.31,7.15,1,0,2020
2269,2020,Teleorman,Scoala Nationala Regina Maria,Rural,F,6.77,8.97,2.95,6.32,1.74,5.46,0,0,2020
2270,2020,Ialomita,Liceul Sportiv Alexandru Ioan Cuza,Rural,F,8.75,7.42,2.06,6.43,7.17,5.76,0,0,2020
2271,2020,Dambovita,Scoala Nationala Avram Iancu,Rural,M,6.16,3.44,6.21,10.0,5.63,5.86,0,0,2020
2272,2020,Mures,Colegiul National Mihai Viteazul,Urban,F,9.8,8.29,9.9,8.51,6.98,8.76,1,0,2020
2273,2020,Vaslui,Liceul Teoretic Constantin Brancusi,Urban,M,7.33,10.0,7.68,6.8,7.08,8.12,1,0,2020
2274,2020,Bacau,Colegiul Economic Ion Luca Caragiale,Urban,M,2.24,7.24,7.21,6.29,10.0,7.0,0,0,2020
2275,2020,Ilfov,Liceul Tehnologic Avram Iancu,Rural,F,9.43,8.1,7.47,8.41,6.09,7.79,1,0,2020
2276,2020,Iasi,Liceul de Arte Mihai Eminescu,Urban,F,7.32,9.4,3.85,10.0,5.66,7.06,0,0,2020
2277,2020,Olt,Liceul Tehnologic Spiru Haret,Rural,M,8.37,7.25,10.0,6.32,6.14,7.88,1,0,2020
2278,2020,Cluj,Colegiul Economic Constantin Brancusi,Urban,M,8.18,5.0,6.11,10.0,6.15,6.57,1,0,2020
2279,2020,Arges,Colegiul Tehnic Dimitrie Cantemir,Urban,M,9.54,7.1,6.35,8.92,7.65,7.47,1,0,2020
2280,2020,Teleorman,Liceul Tehnologic Ioan Slavici,Urban,M,5.4,7.18,4.08,7.14,2.07,5.3,0,1,2020
2281,2020,Arges,Scoala Nationala Dimitrie Cantemir,Rural,M,6.78,2.74,1.91,8.35,4.94,4.07,0,0,2020
2282,2020,Galati,Liceul de Arte Grigore Moisil,Urban,F,6.36,6.94,7.3,7.46,6.97,7.07,1,0,2020
2283,2020,Sibiu,Liceul de Arte Constantin Brancusi,Urban,F,10.0,8.37,7.99,7.73,7.4,8.18,1,0,2020
2284,2020,Sibiu,Liceul Sportiv George Cosbuc,Urban,M,7.57,10.0,5.0,8.14,8.25,7.72,1,0,2020
2285,2020,Cluj,Liceul Sportiv Stefan cel Mare,Urban,M,7.16,8.29,5.95,8.44,9.15,7.63,1,0,2020
2286,2020,Cluj,Liceul Teoretic Decebal,Urban,M,6.83,8.32,7.54,9.27,6.62,7.82,1,0,2020
2287,2020,Bucuresti,Liceul Sportiv Tudor Vladimirescu,Rural,F,7.82,8.6,7.15,7.28,7.19,7.68,1,0,2020
2288,2020,Vrancea,Liceul Tehnologic Ion Barbu,Urban,F,7.37,5.59,4.35,8.52,5.05,5.75,0,0,2020
2289,2020,Tulcea,Scoala Nationala Lucian Blaga,Urban,M,7.15,1.92,5.46,8.61,5.94,5.11,0,1,2020
2290,2020,Bucuresti,Colegiul National Bogdan Voda,Rural,F,4.55,9.03,3.1,7.92,4.4,5.94,0,0,2020
2291,2020,Maramures,Colegiul National Mihai Eminescu,Urban,M,9.44,10.0,2.66,5.36,4.27,6.19,0,0,2020
2292,2020,Cluj,Liceul Pedagogic Avram Iancu,Rural,F,8.34,5.25,9.97,6.72,3.97,7.0,0,0,2020
2293,2020,Vaslui,Liceul Pedagogic Avram Iancu,Urban,F,7.25,4.83,9.54,6.08,7.89,7.13,0,0,2020
2294,2020,Braila,Colegiul Economic Ion Barbu,Rural,M,6.35,5.17,1.4,7.64,9.0,5.1,0,0,2020
2295,2020,Constanta,Liceul Teoretic Lucian Blaga,Urban,M,6.71,5.55,7.89,5.84,9.2,6.96,1,0,2020
2296,2020,Galati,Scoala Nationala Onisifor Ghibu,Urban,M,8.1,8.69,9.65,9.48,6.01,8.64,1,0,2020
2297,2020,Satu Mare,Liceul Tehnologic Tudor Vladimirescu,Urban,M,8.02,3.33,7.66,9.12,5.71,6.32,0,0,2020
2298,2020,Ialomita,Colegiul Tehnic Grigore Moisil,Urban,M,6.75,6.91,7.67,4.39,9.0,7.06,0,0,2020
2299,2020,Timis,Liceul Sportiv Ion Luca Caragiale,Rural,F,5.28,5.79,8.34,7.12,7.08,6.9,0,1,2020
2300,2020,Timis,Liceul Pedagogic Ion Barbu,Urban,M,8.96,5.63,8.18,7.46,7.1,7.22,1,0,2020
2301,2020,Alba,Scoala Nationala Ion Barbu,Urban,M,8.96,6.86,5.0,8.02,6.44,6.62,1,0,2020
2302,2020,Brasov,Colegiul Tehnic Ion Luca Caragiale,Rural,M,8.71,5.66,4.99,9.18,7.42,6.56,0,0,2020
2303,2020,Dolj,Colegiul Tehnic Tudor Vladimirescu,Urban,F,9.93,9.27,8.24,8.88,9.75,9.04,1,0,2020
2304,2020,Hunedoara,Colegiul Tehnic Vasile Alecsandri,Urban,F,7.11,8.82,9.02,6.72,9.7,8.53,1,0,2020
2305,2020,Cluj,Liceul Sportiv Spiru Haret,Urban,M,9.15,7.38,6.27,7.95,7.35,7.3,1,0,2020
2306,2020,Dolj,Colegiul National Decebal,Rural,F,8.37,6.69,9.91,10.0,9.53,8.75,1,0,2020
2307,2020,Buzau,Liceul Teoretic Nicolae Balcescu,Rural,M,10.0,10.0,7.24,3.14,8.19,7.87,0,0,2020
2308,2020,Vrancea,Scoala Nationala Mihai Viteazul,Urban,M,7.2,7.52,6.35,5.83,9.53,7.18,1,0,2020
2309,2020,Valcea,Liceul Pedagogic Marin Preda,Rural,F,8.12,8.05,6.99,7.75,9.32,7.88,1,0,2020
2310,2020,Sibiu,Liceul Tehnologic Ana Ipatescu,Urban,M,8.31,6.55,10.0,10.0,8.1,8.51,1,0,2020
2311,2020,Ialomita,Colegiul Economic Nicolae Balcescu,Urban,M,5.63,6.43,6.13,9.02,5.06,6.44,1,0,2020
2312,2020,Vaslui,Liceul Sportiv Gheorghe Sincai,Urban,M,8.77,7.03,8.47,8.83,6.76,7.87,1,0,2020
2313,2020,Calarasi,Liceul Pedagogic Traian,Urban,M,6.77,8.48,8.85,6.29,4.96,7.56,0,0,2020
2314,2020,Neamt,Liceul Pedagogic Avram Iancu,Rural,M,8.21,5.0,5.0,8.36,5.57,5.91,1,0,2020
2315,2020,Harghita,Colegiul Economic Lucian Blaga,Rural,M,10.0,10.0,6.09,9.38,6.81,8.26,1,0,2020
2316,2020,Alba,Liceul de Arte Mircea cel Batran,Rural,F,7.18,6.05,5.4,7.2,7.51,6.36,1,0,2020
2317,2020,Dambovita,Liceul Teoretic Emil Racovita,Urban,F,8.02,8.69,8.03,8.29,7.07,8.12,1,0,2020
2318,2020,Hunedoara,Colegiul National Ion Luca Caragiale,Urban,F,5.96,7.28,6.21,7.35,6.39,6.7,1,0,2020
2319,2020,Bucuresti,Liceul Pedagogic Octavian Goga,Urban,M,7.88,6.63,6.8,8.72,8.44,7.39,1,0,2020
2320,2020,Suceava,Liceul Sportiv Ioan Slavici,Urban,F,9.4,8.51,7.76,6.46,7.04,7.85,1,0,2020
2321,2020,Dambovita,Liceul Pedagogic Mircea cel Batran,Urban,M,8.4,7.38,5.73,7.79,6.44,6.91,1,0,2020
2322,2020,Alba,Liceul Tehnologic Regina Maria,Urban,M,9.18,8.32,7.88,8.58,7.15,8.14,1,0,2020
2323,2020,Covasna,Liceul Tehnologic Elena Cuza,Rural,F,5.69,4.8,8.97,9.23,6.65,7.08,0,0,2020
2324,2020,Braila,Liceul Tehnologic Ana Ipatescu,Urban,F,6.88,9.46,2.25,7.59,9.43,6.75,0,0,2020
2325,2020,Vrancea,Liceul Teoretic Ion Luca Caragiale,Urban,F,8.76,3.93,6.12,5.51,5.7,5.57,0,1,2020
2326,2020,Covasna,Liceul Tehnologic Onisifor Ghibu,Rural,F,4.82,6.66,6.79,8.37,3.6,6.31,0,1,2020
2327,2020,Bistrita-Nasaud,Liceul de Arte Mihai Viteazul,Rural,F,9.21,9.79,6.54,7.82,6.95,8.04,1,0,2020
2328,2020,Galati,Liceul Sportiv Ioan Slavici,Rural,F,9.56,8.03,8.89,8.6,10.0,8.82,1,0,2020
2329,2020,Tulcea,Scoala Nationala Ion Barbu,Rural,F,4.69,5.88,4.86,4.35,3.43,4.86,0,0,2020
2330,2020,Prahova,Liceul Teoretic Tudor Vladimirescu,Urban,M,8.29,7.58,6.16,8.16,9.09,7.54,1,0,2020
2331,2020,Cluj,Liceul Tehnologic George Cosbuc,Rural,M,10.0,10.0,6.11,6.65,8.05,8.04,1,0,2020
2332,2020,Covasna,Liceul Tehnologic Ion Barbu,Urban,M,7.86,8.91,6.8,7.3,9.03,7.95,1,0,2020
2333,2020,Cluj,Colegiul Tehnic Spiru Haret,Urban,M,9.38,7.85,8.29,9.98,8.03,8.48,1,0,2020
2334,2020,Calarasi,Liceul Teoretic Mircea cel Batran,Rural,M,10.0,6.51,7.19,10.0,7.18,7.69,1,0,2020
2335,2020,Timis,Liceul de Arte Elena Cuza,Urban,F,7.8,5.3,6.37,5.87,8.88,6.49,1,0,2020
2336,2020,Teleorman,Colegiul Economic Vasile Alecsandri,Urban,M,7.81,7.75,7.97,7.51,8.72,7.93,1,0,2020
2337,2020,Prahova,Colegiul Economic Octavian Goga,Rural,M,7.28,8.86,8.08,7.24,5.89,7.78,1,0,2020
2338,2020,Arad,Liceul Sportiv Decebal,Urban,F,9.15,7.25,7.54,5.0,9.65,7.55,1,0,2020
2339,2020,Brasov,Liceul Sportiv Mihai Eminescu,Urban,F,8.78,9.45,7.35,9.05,7.15,8.35,1,0,2020
2340,2020,Cluj,Liceul Sportiv Onisifor Ghibu,Urban,F,7.94,8.52,7.68,10.0,6.47,8.12,1,0,2020
2341,2020,Salaj,Liceul de Arte Ioan Slavici,Rural,F,6.41,6.23,5.69,4.26,6.27,5.8,0,0,2020
2342,2020,Suceava,Liceul Teoretic Ioan Slavici,Urban,F,9.8,6.25,3.6,6.94,5.71,5.83,0,0,2020
2343,2020,Bacau,Liceul Pedagogic Onisifor Ghibu,Urban,F,5.96,7.25,7.71,6.14,7.28,7.1,1,0,2020
2344,2020,Valcea,Scoala Nationala Ion Luca Caragiale,Rural,M,4.22,5.43,6.54,6.71,10.0,6.52,0,0,2020
2345,2020,Covasna,Scoala Nationala Marin Preda,Rural,M,8.84,7.31,6.99,10.0,8.53,7.95,1,0,2020
2346,2020,Bucuresti,Colegiul National Stefan cel Mare,Urban,M,10.0,5.37,5.56,9.78,6.77,6.76,1,0,2020
2347,2020,Harghita,Liceul de Arte Vasile Alecsandri,Urban,F,9.57,7.57,6.76,7.81,7.43,7.54,1,0,2020
2348,2020,Iasi,Liceul Teoretic Mihai Eminescu,Rural,F,6.58,6.7,3.06,7.94,4.41,5.44,0,0,2020
2349,2020,Calarasi,Liceul de Arte Bogdan Voda,Rural,M,7.41,7.7,9.03,9.51,8.51,8.46,1,0,2020
2350,2020,Harghita,Scoala Nationala Stefan cel Mare,Urban,F,8.89,9.9,9.35,8.01,10.0,9.37,1,0,2020
2351,2020,Constanta,Liceul Teoretic Stefan cel Mare,Rural,M,8.45,8.2,10.0,7.42,7.85,8.6,1,0,2020
2352,2020,Valcea,Liceul Tehnologic Spiru Haret,Rural,F,2.97,7.48,4.76,6.72,6.75,5.99,0,1,2020
2353,2020,Prahova,Liceul Teoretic Decebal,Urban,M,7.69,6.32,5.4,9.03,7.32,6.74,1,0,2020
2354,2020,Brasov,Liceul Tehnologic Nicolae Balcescu,Urban,F,10.0,5.0,7.91,8.47,7.97,7.34,1,0,2020
2355,2020,Arges,Scoala Nationala Onisifor Ghibu,Urban,M,7.85,7.99,8.02,6.55,7.54,7.7,1,0,2020
2356,2020,Dolj,Colegiul National Octavian Goga,Urban,M,7.0,8.51,10.0,7.93,9.49,8.87,1,0,2020
2357,2020,Neamt,Liceul Tehnologic Constantin Brancusi,Urban,F,8.57,4.44,7.43,7.72,6.53,6.56,0,1,2020
2358,2020,Harghita,Liceul Pedagogic Avram Iancu,Rural,F,6.33,7.79,6.0,10.0,6.63,7.26,1,0,2020
2359,2020,Gorj,Scoala Nationala Ioan Slavici,Urban,M,7.44,6.03,7.25,6.31,4.95,6.42,0,0,2020
2360,2020,Tulcea,Liceul Pedagogic Tudor Vladimirescu,Rural,M,7.42,5.8,5.67,7.48,8.77,6.62,1,0,2020
2361,2020,Vaslui,Liceul de Arte Spiru Haret,Urban,M,9.88,8.56,9.2,7.87,9.31,8.89,1,0,2020
2362,2020,Bihor,Colegiul Tehnic Elena Cuza,Rural,M,8.79,8.21,4.91,5.88,7.09,6.76,0,1,2020
2363,2020,Braila,Liceul Teoretic Alexandru Ioan Cuza,Rural,M,6.89,8.18,3.69,7.62,1.35,5.6,0,0,2020
2364,2020,Constanta,Liceul de Arte Tudor Vladimirescu,Urban,F,7.45,8.06,5.29,9.52,8.7,7.48,1,0,2020
2365,2020,Braila,Liceul Tehnologic Mihai Eminescu,Urban,F,9.05,9.34,7.99,7.87,7.43,8.4,1,0,2020
2366,2020,Satu Mare,Liceul Tehnologic Mihai Viteazul,Rural,F,9.15,7.41,7.12,9.13,6.9,7.68,1,0,2020
2367,2020,Salaj,Liceul Sportiv Spiru Haret,Urban,F,10.0,6.19,10.0,2.54,7.93,7.43,0,0,2020
2368,2020,Vaslui,Liceul Pedagogic Ion Luca Caragiale,Urban,F,9.17,6.14,6.81,6.09,8.69,7.02,1,0,2020
2369,2020,Ialomita,Colegiul National Alexandru Ioan Cuza,Urban,M,6.68,10.0,4.11,4.91,8.71,6.94,0,0,2020
2370,2020,Arges,Colegiul Economic Mihai Viteazul,Urban,F,9.32,8.7,6.92,9.07,6.86,8.01,1,0,2020
2371,2020,Bucuresti,Liceul Teoretic Marin Preda,Urban,F,7.14,8.43,6.94,8.75,6.4,7.6,1,0,2020
2372,2020,Iasi,Colegiul Tehnic Gheorghe Sincai,Urban,F,6.6,7.01,7.99,9.24,8.44,7.81,1,0,2020
2373,2020,Botosani,Colegiul National Vasile Alecsandri,Urban,M,10.0,9.73,6.52,7.5,8.12,8.22,1,0,2020
2374,2020,Bacau,Colegiul National Stefan cel Mare,Rural,M,8.94,10.0,7.91,8.36,7.14,8.59,1,0,2020
2375,2020,Mures,Liceul Teoretic Mihai Viteazul,Urban,F,9.96,8.58,10.0,8.39,8.98,9.18,1,0,2020
2376,2020,Suceava,Liceul de Arte Constantin Brancusi,Urban,F,7.53,7.17,7.73,7.19,5.58,7.14,1,0,2020
2377,2020,Vaslui,Colegiul National Constantin Brancusi,Urban,M,8.52,5.9,8.33,6.5,6.21,7.03,1,0,2020
2378,2020,Sibiu,Liceul Sportiv Elena Cuza,Urban,F,8.17,7.69,6.6,8.31,7.26,7.44,1,0,2020
2379,2020,Bistrita-Nasaud,Scoala Nationala Gheorghe Sincai,Rural,M,3.89,2.9,9.84,2.98,8.3,5.9,0,0,2020
2380,2020,Cluj,Colegiul Economic Avram Iancu,Urban,F,7.52,6.18,10.0,7.63,6.04,7.66,0,1,2020
2381,2020,Iasi,Liceul Sportiv Mihai Eminescu,Urban,M,7.24,10.0,5.86,8.47,8.96,8.1,1,0,2020
2382,2020,Timis,Colegiul Tehnic Decebal,Urban,F,7.38,7.93,7.06,8.28,9.0,7.83,1,0,2020
2383,2020,Olt,Colegiul Economic Ion Barbu,Rural,M,9.25,9.93,8.17,8.83,9.03,9.03,1,0,2020
2384,2020,Iasi,Liceul Sportiv Mihai Eminescu,Urban,F,8.35,7.14,8.67,6.71,7.75,7.75,1,0,2020
2385,2020,Giurgiu,Liceul de Arte Mircea cel Batran,Urban,F,8.83,7.87,5.64,7.46,5.95,6.95,1,0,2020
2386,2020,Bihor,Liceul Sportiv Vasile Alecsandri,Rural,F,7.1,10.0,2.03,6.6,6.72,6.32,0,0,2020
2387,2020,Vaslui,Liceul Pedagogic Unirea,Urban,M,8.2,7.65,5.1,8.74,9.83,7.43,1,0,2020
2388,2020,Dolj,Liceul Tehnologic Nicolae Balcescu,Rural,M,6.96,8.32,7.87,5.61,8.19,7.62,1,0,2020
2389,2020,Valcea,Liceul Sportiv Regina Maria,Urban,M,8.15,8.01,4.2,5.17,7.1,6.32,0,0,2020
2390,2020,Suceava,Colegiul Tehnic Constantin Brancusi,Rural,M,7.2,6.11,4.96,9.75,7.25,6.59,0,0,2020
2391,2020,Mures,Colegiul Economic Regina Maria,Urban,M,10.0,9.28,9.78,6.96,8.07,8.97,1,0,2020
2392,2020,Botosani,Liceul Sportiv Mihai Viteazul,Urban,F,7.02,9.69,8.03,7.99,10.0,8.72,1,0,2020
2393,2020,Dolj,Liceul Tehnologic Stefan cel Mare,Urban,F,7.62,9.31,7.39,4.37,7.53,7.56,0,0,2020
2394,2020,Vaslui,Liceul Sportiv Emil Racovita,Urban,M,8.7,6.48,7.7,6.16,6.03,6.95,1,0,2020
2395,2020,Galati,Liceul Tehnologic Mihai Eminescu,Urban,F,9.16,6.49,6.33,7.89,7.49,7.07,1,0,2020
2396,2020,Bacau,Liceul Tehnologic Vasile Alecsandri,Urban,M,8.31,8.99,7.77,8.8,7.38,8.29,1,0,2020
2397,2020,Bacau,Liceul Pedagogic Vasile Alecsandri,Rural,M,5.6,4.78,6.3,8.29,10.0,6.63,0,0,2020
2398,2020,Teleorman,Scoala Nationala Decebal,Rural,M,8.67,4.06,3.91,10.0,5.97,5.65,0,0,2020
2399,2020,Vaslui,Liceul Sportiv Mihai Eminescu,Urban,F,7.67,5.27,9.49,8.05,5.61,7.24,1,0,2020
2400,2020,Bucuresti,Colegiul National Ion Barbu,Urban,F,7.48,7.55,6.29,8.61,7.98,7.39,1,0,2020
2401,2020,Bihor,Liceul Pedagogic Traian,Rural,M,7.38,7.56,6.99,8.03,8.54,7.59,1,0,2020
2402,2020,Brasov,Scoala Nationala Spiru Haret,Urban,M,9.43,7.51,3.95,6.74,5.19,6.17,0,0,2020
2403,2020,Olt,Scoala Nationala Avram Iancu,Rural,F,9.81,10.0,7.03,8.13,7.55,8.44,1,0,2020
2404,2020,Arad,Liceul Sportiv Bogdan Voda,Urban,F,9.81,10.0,8.12,7.68,6.52,8.55,1,0,2020
2405,2020,Cluj,Colegiul Economic George Cosbuc,Rural,F,7.16,2.48,2.2,7.16,9.54,4.62,0,0,2020
2406,2020,Calarasi,Liceul Pedagogic Emil Racovita,Urban,F,8.57,7.78,7.36,8.53,7.71,7.84,1,0,2020
2407,2020,Neamt,Colegiul Economic Unirea,Urban,F,7.43,5.86,4.18,3.15,6.67,5.23,0,0,2020
2408,2020,Satu Mare,Liceul de Arte Alexandru Ioan Cuza,Rural,F,3.32,7.86,6.1,5.11,8.39,6.54,0,1,2020
2409,2020,Vaslui,Scoala Nationala Mircea cel Batran,Urban,F,9.8,5.23,4.63,5.76,4.33,5.45,0,1,2020
2410,2020,Timis,Liceul Teoretic Onisifor Ghibu,Urban,F,6.29,7.19,4.7,1.0,8.93,5.69,0,0,2020
2411,2020,Mehedinti,Colegiul Economic Elena Cuza,Urban,M,5.24,8.06,6.27,10.0,8.79,7.64,1,0,2020
2412,2020,Maramures,Colegiul Economic Mihai Eminescu,Urban,F,7.64,6.69,9.36,7.68,7.83,7.91,1,0,2020
2413,2020,Sibiu,Scoala Nationala Lucian Blaga,Urban,F,7.79,7.75,2.43,6.08,7.01,5.8,0,1,2020
2414,2020,Vaslui,Scoala Nationala Traian,Rural,M,7.2,7.5,6.71,6.57,8.23,7.2,1,0,2020
2415,2020,Sibiu,Liceul Pedagogic Traian,Rural,M,8.7,6.77,8.05,7.23,10.0,7.9,1,0,2020
2416,2020,Sibiu,Liceul Pedagogic Tudor Vladimirescu,Urban,F,8.12,10.0,6.94,8.13,8.49,8.39,1,0,2020
2417,2020,Suceava,Liceul Teoretic George Cosbuc,Urban,M,8.3,7.19,8.64,6.57,10.0,8.06,1,0,2020
2418,2020,Covasna,Colegiul Tehnic Marin Preda,Rural,F,8.5,2.84,5.11,6.18,7.18,5.24,0,0,2020
2419,2020,Bucuresti,Colegiul Economic Vasile Alecsandri,Rural,M,8.9,6.46,7.36,8.6,6.75,7.34,1,0,2020
2420,2020,Satu Mare,Colegiul Tehnic Nicolae Balcescu,Rural,M,7.18,8.73,4.05,5.36,5.41,6.17,0,0,2020
2421,2020,Sibiu,Colegiul National Regina Maria,Urban,F,9.66,9.33,6.42,9.12,8.47,8.33,1,0,2020
2422,2020,Giurgiu,Liceul Teoretic Dimitrie Cantemir,Rural,F,10.0,8.32,8.17,7.39,8.73,8.36,1,0,2020
2423,2020,Arges,Colegiul Economic Tudor Vladimirescu,Rural,M,7.64,5.59,5.79,7.4,6.68,6.29,1,0,2020
2424,2020,Satu Mare,Scoala Nationala Ioan Slavici,Rural,M,7.34,4.86,4.65,10.0,8.86,6.42,0,0,2020
2425,2020,Tulcea,Colegiul National Grigore Moisil,Rural,M,9.03,7.29,6.21,8.53,6.25,7.17,1,0,2020
2426,2020,Timis,Colegiul Economic Ion Luca Caragiale,Urban,F,8.55,8.21,8.07,10.0,8.25,8.48,1,0,2020
2427,2020,Botosani,Colegiul Economic Mircea cel Batran,Rural,M,8.72,8.48,6.24,10.0,10.0,8.29,1,0,2020
2428,2020,Galati,Colegiul Tehnic Elena Cuza,Urban,M,8.35,10.0,4.47,5.63,6.57,7.01,0,0,2020
2429,2020,Vrancea,Liceul Pedagogic Elena Cuza,Urban,F,8.75,8.0,2.24,8.49,4.84,5.95,0,0,2020
2430,2020,Vaslui,Liceul Teoretic Vasile Alecsandri,Urban,F,7.44,6.0,8.07,7.69,10.0,7.62,1,0,2020
2431,2020,Cluj,Liceul de Arte Alexandru Ioan Cuza,Urban,M,8.45,6.78,8.74,8.77,9.69,8.27,1,0,2020
2432,2020,Maramures,Liceul Sportiv George Cosbuc,Rural,F,7.79,7.15,7.49,8.25,9.88,7.89,1,0,2020
2433,2020,Bacau,Scoala Nationala Emil Racovita,Urban,M,6.7,6.74,8.51,9.51,8.25,7.91,1,0,2020
2434,2020,Mures,Liceul Tehnologic Vasile Alecsandri,Urban,F,8.94,9.27,7.72,7.5,9.56,8.55,1,0,2020
2435,2020,Galati,Colegiul National Nicolae Balcescu,Urban,M,7.56,6.97,9.52,8.44,9.27,8.36,1,0,2020
2436,2020,Tulcea,Liceul Pedagogic Avram Iancu,Urban,F,9.66,6.69,7.81,6.66,5.93,7.2,1,0,2020
2437,2020,Maramures,Scoala Nationala Decebal,Rural,M,9.05,8.77,6.72,6.93,6.14,7.51,1,0,2020
2438,2020,Salaj,Liceul Tehnologic Mihai Eminescu,Urban,F,7.95,7.95,2.89,5.1,7.45,5.93,0,0,2020
2439,2020,Hunedoara,Liceul de Arte Traian,Urban,F,8.07,5.22,4.99,4.08,9.48,5.9,0,0,2020
2440,2020,Harghita,Scoala Nationala Emil Racovita,Rural,M,5.02,7.48,5.52,8.95,4.82,6.47,0,0,2020
2441,2020,Dolj,Colegiul Economic Emil Racovita,Rural,F,7.53,8.72,7.84,7.63,5.0,7.62,1,0,2020
2442,2020,Bucuresti,Colegiul National Vasile Alecsandri,Urban,F,8.49,9.42,5.0,5.83,10.0,7.55,1,0,2020
2443,2020,Ialomita,Colegiul National Elena Cuza,Rural,F,6.82,6.91,4.08,7.43,8.32,6.34,0,0,2020
2444,2020,Cluj,Liceul Sportiv Dimitrie Cantemir,Urban,F,8.02,10.0,5.51,6.75,7.42,7.58,1,0,2020
2445,2020,Satu Mare,Liceul Teoretic Tudor Vladimirescu,Urban,F,8.25,7.41,5.0,7.73,6.33,6.66,1,0,2020
2446,2020,Bistrita-Nasaud,Liceul de Arte Regina Maria,Urban,M,10.0,8.0,5.95,6.07,1.82,6.37,0,0,2020
2447,2020,Galati,Colegiul National Mihai Eminescu,Urban,F,6.58,8.29,8.18,8.29,7.29,7.94,1,0,2020
2448,2020,Alba,Liceul Sportiv Elena Cuza,Urban,M,9.43,6.41,8.48,6.55,5.45,7.21,1,0,2020
2449,2020,Timis,Liceul de Arte Constantin Brancusi,Urban,M,8.6,7.59,8.22,8.07,5.64,7.66,1,0,2020
2450,2020,Giurgiu,Liceul Pedagogic Grigore Moisil,Urban,M,10.0,7.23,8.72,6.7,8.52,8.07,1,0,2020
2451,2020,Neamt,Colegiul National Stefan cel Mare,Urban,M,9.86,8.71,7.13,9.54,7.68,8.32,1,0,2020
2452,2020,Dambovita,Colegiul Economic Marin Preda,Rural,M,8.03,3.42,4.16,2.7,9.52,4.91,0,0,2020
2453,2020,Teleorman,Liceul Tehnologic Marin Preda,Urban,M,7.28,10.0,7.89,7.96,5.94,8.18,1,0,2020
2454,2020,Cluj,Colegiul Tehnic Ion Luca Caragiale,Urban,F,6.65,9.93,10.0,7.71,7.34,8.9,1,0,2020
2455,2020,Galati,Colegiul National Nicolae Balcescu,Urban,M,7.13,5.32,9.09,10.0,5.39,7.34,1,0,2020
2456,2020,Harghita,Liceul Tehnologic Grigore Moisil,Rural,F,8.36,8.29,6.24,8.75,7.34,7.61,1,0,2020
2457,2020,Bihor,Liceul Sportiv Octavian Goga,Urban,M,9.3,4.26,5.47,7.08,2.19,5.24,0,0,2020
2458,2020,Salaj,Liceul Teoretic Constantin Brancusi,Rural,M,8.78,5.0,7.69,6.86,5.0,6.46,1,0,2020
2459,2020,Mehedinti,Liceul Tehnologic Mihai Viteazul,Rural,F,9.29,7.55,7.53,8.0,8.62,7.95,1,0,2020
2460,2020,Constanta,Liceul Tehnologic Ion Barbu,Rural,M,8.0,5.88,7.84,8.42,7.38,7.29,1,0,2020
2461,2020,Satu Mare,Liceul Teoretic Decebal,Urban,F,5.95,6.23,7.96,9.46,6.41,7.23,1,0,2020
2462,2020,Arges,Colegiul Economic Decebal,Urban,M,7.25,6.71,6.78,6.21,1.79,5.97,0,0,2020
2463,2020,Hunedoara,Colegiul Tehnic Lucian Blaga,Rural,F,9.01,9.99,4.25,4.47,6.13,6.76,0,0,2020
2464,2020,Alba,Liceul Teoretic Ion Luca Caragiale,Urban,M,8.84,8.79,8.41,5.95,10.0,8.44,1,0,2020
2465,2020,Mehedinti,Liceul Teoretic Ion Barbu,Urban,F,8.8,8.28,5.57,7.55,9.81,7.64,1,0,2020
2466,2020,Cluj,Liceul de Arte Gheorghe Sincai,Urban,F,9.35,7.65,6.12,7.86,6.18,7.17,1,0,2020
2467,2020,Bacau,Liceul de Arte Elena Cuza,Rural,F,8.74,8.82,9.05,10.0,9.88,9.22,1,0,2020
2468,2020,Valcea,Liceul Teoretic Mihai Eminescu,Rural,F,9.37,8.43,7.79,9.87,5.56,8.12,1,0,2020
2469,2020,Hunedoara,Liceul Sportiv Ion Luca Caragiale,Urban,M,7.23,7.58,6.81,7.74,9.81,7.67,1,0,2020
2470,2020,Galati,Colegiul Economic Unirea,Rural,M,6.17,7.77,8.76,4.31,4.08,6.83,0,0,2020
2471,2020,Valcea,Liceul Tehnologic Ion Barbu,Urban,M,7.64,9.68,8.5,6.43,9.46,8.6,1,0,2020
2472,2020,Giurgiu,Colegiul Tehnic Nicolae Balcescu,Rural,M,6.79,6.19,6.36,5.02,7.89,6.38,1,0,2020
2473,2020,Valcea,Liceul Tehnologic Gheorghe Sincai,Urban,M,7.97,7.33,6.97,10.0,6.89,7.62,1,0,2020
2474,2020,Covasna,Liceul Tehnologic Ion Luca Caragiale,Rural,M,8.71,6.86,5.08,8.38,8.54,6.99,1,0,2020
2475,2020,Tulcea,Scoala Nationala Mihai Viteazul,Rural,F,8.29,6.71,7.29,7.86,7.98,7.4,1,0,2020
2476,2020,Calarasi,Scoala Nationala Grigore Moisil,Rural,M,4.1,9.84,5.0,6.83,1.0,6.04,0,0,2020
2477,2020,Timis,Liceul Teoretic Mihai Eminescu,Rural,F,8.61,8.64,6.58,6.17,9.29,7.75,1,0,2020
2478,2020,Cluj,Colegiul Economic Constantin Brancusi,Rural,F,10.0,7.12,8.17,7.4,7.0,7.75,1,0,2020
2479,2020,Brasov,Scoala Nationala Regina Maria,Urban,F,9.25,9.63,5.7,8.56,7.66,7.96,1,0,2020
2480,2020,Satu Mare,Liceul Pedagogic Stefan cel Mare,Rural,F,8.54,7.26,6.25,10.0,8.02,7.61,1,0,2020
2481,2020,Bistrita-Nasaud,Scoala Nationala Octavian Goga,Urban,M,8.34,4.04,5.43,6.37,5.59,5.47,0,0,2020
2482,2020,Bistrita-Nasaud,Liceul Pedagogic Dimitrie Cantemir,Urban,M,6.48,3.75,3.52,8.69,6.74,5.14,0,0,2020
2483,2020,Timis,Liceul de Arte Ion Barbu,Rural,F,2.23,6.39,8.17,6.51,7.48,6.69,0,0,2020
2484,2020,Constanta,Colegiul Economic Regina Maria,Rural,M,7.98,9.3,9.76,9.22,7.57,9.03,1,0,2020
2485,2020,Ilfov,Colegiul Economic Constantin Brancusi,Rural,F,7.64,2.83,3.63,5.17,5.89,4.36,0,0,2020
2486,2020,Arges,Colegiul Economic Gheorghe Sincai,Urban,M,7.2,8.74,7.93,6.75,7.44,7.85,1,0,2020
2487,2020,Alba,Liceul Teoretic Elena Cuza,Rural,F,7.71,8.13,6.17,6.11,10.0,7.48,1,0,2020
2488,2020,Dambovita,Liceul de Arte Vasile Alecsandri,Rural,F,7.04,8.87,10.0,7.6,8.6,8.8,1,0,2020
2489,2020,Vaslui,Colegiul National Marin Preda,Urban,M,8.08,8.36,3.75,6.37,7.71,6.55,0,1,2020
2490,2020,Neamt,Colegiul Economic Traian,Urban,F,9.3,5.53,6.78,7.23,8.82,7.03,1,0,2020
2491,2020,Tulcea,Colegiul National Ion Luca Caragiale,Rural,F,6.52,8.47,8.23,5.68,9.35,7.92,1,0,2020
2492,2020,Neamt,Liceul Teoretic Mihai Viteazul,Urban,F,8.36,6.99,8.55,9.64,8.0,8.14,1,0,2020
2493,2020,Salaj,Colegiul Economic Avram Iancu,Rural,F,6.23,6.38,8.69,10.0,6.92,7.68,0,1,2020
2494,2020,Tulcea,Colegiul Tehnic Ioan Slavici,Urban,F,8.23,7.54,8.16,7.58,8.8,7.99,1,0,2020
2495,2020,Bistrita-Nasaud,Liceul de Arte Constantin Brancusi,Urban,M,6.53,7.82,6.84,9.9,6.92,7.57,1,0,2020
2496,2020,Tulcea,Liceul Pedagogic George Cosbuc,Urban,M,6.5,8.16,10.0,8.41,6.04,8.27,1,0,2020
2497,2020,Alba,Liceul Tehnologic George Cosbuc,Rural,M,6.85,5.77,9.05,4.57,8.76,7.13,0,0,2020
2498,2020,Sibiu,Liceul Sportiv Octavian Goga,Urban,M,7.88,9.17,9.52,9.73,7.49,8.98,1,0,2020
2499,2020,Braila,Liceul Teoretic Vasile Alecsandri,Urban,F,7.25,7.93,5.57,8.51,7.25,7.14,1,0,2020
2500,2020,Timis,Colegiul Economic Ioan Slavici,Urban,F,9.25,10.0,7.68,9.64,8.25,8.91,1,0,2020
2501,2020,Cluj,Scoala Nationala Unirea,Urban,M,6.85,7.36,10.0,9.91,7.45,8.5,1,0,2020
2502,2020,Bacau,Liceul Pedagogic Spiru Haret,Rural,M,8.65,4.02,3.09,4.01,4.58,4.29,0,0,2020
2503,2020,Botosani,Liceul Sportiv Ion Barbu,Rural,F,7.93,7.61,2.32,6.5,4.35,5.4,0,0,2020
2504,2020,Sibiu,Liceul de Arte Mihai Viteazul,Urban,M,8.16,7.86,3.74,8.85,10.0,7.12,0,0,2020
2505,2020,Arad,Colegiul Tehnic Regina Maria,Rural,F,8.44,6.07,4.9,6.1,4.88,5.78,0,0,2020
2506,2020,Giurgiu,Liceul Tehnologic Gheorghe Sincai,Rural,F,7.5,4.12,1.44,6.92,6.44,4.42,0,0,2020
2507,2020,Cluj,Liceul Pedagogic Mihai Eminescu,Urban,M,9.92,8.18,6.81,5.52,7.34,7.42,1,0,2020
2508,2020,Salaj,Liceul Tehnologic Avram Iancu,Urban,M,5.67,3.4,7.32,7.75,7.81,6.12,0,0,2020
2509,2020,Dolj,Scoala Nationala Regina Maria,Urban,M,7.97,6.88,4.81,8.08,9.75,6.98,0,0,2020
2510,2020,Alba,Scoala Nationala Mircea cel Batran,Urban,F,6.9,7.86,7.66,5.73,7.36,7.31,1,0,2020
2511,2020,Bacau,Liceul Tehnologic Grigore Moisil,Urban,M,7.71,6.74,7.29,8.5,9.28,7.65,1,0,2020
2512,2020,Botosani,Colegiul Economic George Cosbuc,Rural,M,8.11,7.63,2.28,4.33,4.36,5.09,0,0,2020
2513,2020,Dambovita,Liceul Tehnologic Stefan cel Mare,Rural,M,6.95,8.4,8.24,8.61,8.38,8.24,1,0,2020
2514,2020,Prahova,Colegiul National Mihai Eminescu,Urban,F,3.04,6.73,9.11,6.46,9.05,7.38,0,0,2020
2515,2020,Sibiu,Liceul Pedagogic Alexandru Ioan Cuza,Urban,F,7.84,5.36,6.58,9.29,9.89,7.24,1,0,2020
2516,2020,Buzau,Scoala Nationala Unirea,Rural,F,8.14,5.87,7.45,9.36,8.29,7.46,1,0,2020
2517,2020,Mures,Liceul Sportiv Onisifor Ghibu,Urban,M,6.45,9.53,5.0,10.0,9.86,7.98,1,0,2020
2518,2020,Bistrita-Nasaud,Liceul Tehnologic Mihai Viteazul,Rural,M,8.15,5.96,5.48,7.09,6.18,6.24,1,0,2020
2519,2020,Harghita,Liceul Teoretic Nicolae Balcescu,Rural,F,10.0,8.52,6.98,7.74,7.19,7.89,1,0,2020
2520,2020,Arges,Colegiul Economic Alexandru Ioan Cuza,Urban,M,8.02,6.85,6.4,7.61,7.72,7.08,1,0,2020
2521,2020,Bihor,Liceul de Arte Constantin Brancusi,Urban,F,7.84,10.0,8.3,8.44,8.07,8.75,1,0,2020
2522,2020,Dolj,Colegiul National Tudor Vladimirescu,Urban,M,5.66,6.06,8.05,6.46,3.0,6.22,0,0,2020
2523,2020,Neamt,Scoala Nationala Alexandru Ioan Cuza,Urban,F,7.56,5.03,6.48,9.84,8.39,6.94,1,0,2020
2524,2020,Harghita,Liceul Tehnologic Lucian Blaga,Rural,F,9.56,5.28,5.29,4.52,5.03,5.56,0,0,2020
2525,2020,Bucuresti,Scoala Nationala Nicolae Balcescu,Rural,F,9.3,7.95,8.6,5.03,9.14,8.02,1,0,2020
2526,2020,Bacau,Colegiul National Tudor Vladimirescu,Urban,F,8.48,7.36,5.0,9.15,10.0,7.43,1,0,2020
2527,2020,Vrancea,Liceul Tehnologic Stefan cel Mare,Urban,F,8.31,6.09,6.37,7.92,6.5,6.73,1,0,2020
2528,2020,Alba,Liceul de Arte Vasile Alecsandri,Urban,M,6.93,8.18,5.98,10.0,7.23,7.53,1,0,2020
2529,2020,Bucuresti,Liceul Teoretic Ana Ipatescu,Rural,M,8.51,5.99,8.97,6.72,5.66,7.2,1,0,2020
2530,2020,Bistrita-Nasaud,Colegiul Economic Vasile Alecsandri,Rural,F,8.08,9.62,6.52,8.89,9.75,8.45,1,0,2020
2531,2020,Buzau,Colegiul Economic Nicolae Balcescu,Urban,F,9.29,8.96,7.53,7.92,7.91,8.25,1,0,2020
2532,2020,Cluj,Liceul de Arte Regina Maria,Urban,F,8.09,7.32,9.23,9.86,9.66,8.7,1,0,2020
2533,2020,Giurgiu,Colegiul National Ana Ipatescu,Rural,F,6.7,10.0,9.09,7.26,8.8,8.81,1,0,2020
2534,2020,Braila,Liceul de Arte Grigore Moisil,Urban,M,5.67,4.84,10.0,4.9,6.03,6.66,0,0,2020
2535,2020,Bacau,Liceul Tehnologic Regina Maria,Urban,F,9.34,8.66,5.0,6.71,7.56,7.17,1,0,2020
2536,2020,Vaslui,Colegiul National Constantin Brancusi,Urban,M,8.71,6.08,6.56,7.65,9.32,7.21,1,0,2020
2537,2020,Salaj,Liceul Tehnologic Constantin Brancusi,Urban,F,8.89,7.18,5.64,9.3,7.89,7.31,1,0,2020
2538,2020,Bacau,Liceul de Arte Mircea cel Batran,Rural,M,8.15,8.93,7.15,6.8,7.17,7.73,1,0,2020
2539,2020,Dambovita,Colegiul Economic Octavian Goga,Rural,M,6.57,1.52,4.3,5.16,7.51,4.3,0,1,2020
2540,2020,Harghita,Liceul Teoretic Mihai Eminescu,Rural,F,7.43,8.47,5.0,8.5,7.51,7.19,1,0,2020
2541,2020,Braila,Scoala Nationala Decebal,Rural,M,5.92,8.38,8.16,8.47,10.0,8.32,1,0,2020
2542,2020,Bihor,Liceul Teoretic Alexandru Ioan Cuza,Urban,F,9.37,5.57,6.5,6.59,10.0,7.05,1,0,2020
2543,2020,Vrancea,Liceul de Arte Onisifor Ghibu,Rural,F,8.87,6.02,7.53,4.16,6.9,6.61,0,0,2020
2544,2020,Tulcea,Colegiul National Nicolae Balcescu,Urban,F,7.58,5.3,7.85,8.74,7.82,7.19,1,0,2020
2545,2020,Salaj,Colegiul Economic Unirea,Urban,M,9.11,8.91,6.06,7.23,9.25,7.87,1,0,2020
2546,2020,Timis,Liceul Sportiv Gheorghe Sincai,Urban,M,8.63,6.98,7.4,9.0,7.53,7.66,1,0,2020
2547,2020,Dolj,Liceul Tehnologic Elena Cuza,Rural,F,6.19,1.37,10.0,9.53,3.75,6.02,0,0,2020
2548,2020,Tulcea,Liceul de Arte Grigore Moisil,Rural,F,8.98,6.67,5.72,8.25,9.21,7.23,1,0,2020
2549,2020,Alba,Liceul Tehnologic Lucian Blaga,Urban,F,7.44,6.58,7.66,8.12,8.21,7.47,1,0,2020
2550,2020,Covasna,Liceul Sportiv Stefan cel Mare,Urban,F,6.52,3.43,7.18,6.07,5.4,5.56,0,1,2020
2551,2020,Braila,Scoala Nationala Gheorghe Sincai,Rural,F,8.58,7.46,9.07,8.39,10.0,8.58,1,0,2020
2552,2020,Bacau,Liceul Tehnologic Alexandru Ioan Cuza,Rural,M,2.94,3.93,1.0,6.36,8.38,3.98,0,0,2020
2553,2020,Botosani,Colegiul National Mircea cel Batran,Urban,M,7.75,9.51,7.94,10.0,9.09,8.87,0,1,2020
2554,2020,Arges,Scoala Nationala Traian,Urban,F,7.04,7.12,4.38,6.81,7.11,6.24,0,0,2020
2555,2020,Dolj,Colegiul Economic Tudor Vladimirescu,Urban,M,8.59,9.42,6.14,9.39,7.57,8.07,1,0,2020
2556,2020,Braila,Liceul de Arte Regina Maria,Rural,F,6.98,6.33,3.33,4.87,6.01,5.23,0,0,2020
2557,2020,Tulcea,Liceul Tehnologic George Cosbuc,Urban,M,8.75,9.04,6.39,9.5,9.89,8.41,1,0,2020
2558,2020,Vaslui,Colegiul Tehnic Ion Barbu,Rural,F,7.02,7.68,7.3,9.19,7.09,7.64,1,0,2020
2559,2020,Cluj,Liceul de Arte Marin Preda,Rural,M,7.06,7.71,8.11,8.59,6.68,7.74,1,0,2020
2560,2020,Bihor,Liceul Tehnologic Mihai Eminescu,Urban,M,6.46,8.34,3.46,7.57,10.0,6.82,0,0,2020
2561,2020,Calarasi,Colegiul Tehnic Dimitrie Cantemir,Urban,M,7.24,6.28,2.92,8.32,4.26,5.37,0,1,2020
2562,2020,Calarasi,Liceul Teoretic Ion Luca Caragiale,Urban,M,10.0,7.8,7.91,8.02,7.3,8.01,1,0,2020
2563,2020,Salaj,Colegiul Economic Vasile Alecsandri,Rural,M,9.46,4.96,5.75,1.51,3.44,4.9,0,0,2020
2564,2020,Covasna,Liceul de Arte Unirea,Urban,F,7.82,9.21,3.34,7.33,6.32,6.59,0,0,2020
2565,2020,Satu Mare,Scoala Nationala Nicolae Balcescu,Urban,M,8.93,4.81,7.1,6.09,7.4,6.49,0,0,2020
2566,2020,Ialomita,Colegiul Tehnic George Cosbuc,Rural,F,7.21,5.9,6.65,6.58,6.13,6.39,1,0,2020
2567,2020,Buzau,Scoala Nationala Gheorghe Sincai,Urban,M,7.1,7.14,6.67,8.56,8.18,7.36,1,0,2020
2568,2020,Harghita,Liceul Tehnologic Avram Iancu,Rural,M,5.62,6.4,7.0,6.17,4.94,6.25,0,0,2020
2569,2020,Alba,Scoala Nationala Ioan Slavici,Urban,M,6.07,9.19,8.1,7.61,8.38,8.19,1,0,2020
2570,2020,Dambovita,Liceul Teoretic Gheorghe Sincai,Urban,M,9.55,5.24,9.3,7.87,9.28,7.89,1,0,2020
2571,2020,Giurgiu,Scoala Nationala Spiru Haret,Rural,M,6.9,8.42,8.65,10.0,6.69,8.31,1,0,2020
2572,2020,Mures,Colegiul Tehnic Elena Cuza,Rural,M,9.6,8.31,8.15,8.24,6.93,8.17,1,0,2020
2573,2020,Braila,Colegiul Tehnic Nicolae Balcescu,Rural,M,7.53,8.2,7.64,8.48,5.86,7.66,1,0,2020
2574,2020,Buzau,Liceul Sportiv Marin Preda,Urban,F,3.5,8.62,3.1,10.0,9.14,6.74,0,0,2020
2575,2020,Dolj,Liceul Tehnologic Ion Luca Caragiale,Urban,F,7.23,8.04,6.38,7.95,9.7,7.7,1,0,2020
2576,2020,Ialomita,Colegiul National Bogdan Voda,Rural,F,8.21,4.89,4.63,9.28,3.81,5.64,0,0,2020
2577,2020,Dambovita,Colegiul Economic Ana Ipatescu,Rural,F,3.52,10.0,5.56,5.91,5.36,6.71,0,0,2020
2578,2020,Dambovita,Liceul Tehnologic Decebal,Urban,F,8.13,7.7,8.2,5.63,6.44,7.39,0,1,2020
2579,2020,Bihor,Liceul Tehnologic Unirea,Urban,F,10.0,8.51,6.03,7.94,9.77,8.02,1,0,2020
2580,2020,Suceava,Colegiul Tehnic Ion Barbu,Urban,M,9.1,5.59,1.0,7.7,8.44,5.31,0,1,2020
2581,2020,Giurgiu,Liceul Teoretic Emil Racovita,Urban,F,6.08,6.98,5.65,7.38,6.02,6.41,1,0,2020
2582,2020,Mures,Scoala Nationala Ana Ipatescu,Urban,F,9.41,8.69,9.0,8.76,6.31,8.51,1,0,2020
2583,2020,Mures,Colegiul National Tudor Vladimirescu,Rural,M,7.23,8.22,6.41,6.94,5.67,7.0,1,0,2020
2584,2020,Mehedinti,Colegiul Economic Marin Preda,Rural,F,5.24,10.0,7.73,7.66,7.05,8.05,1,0,2020
2585,2020,Harghita,Liceul Pedagogic Mircea cel Batran,Urban,M,7.9,10.0,9.72,6.8,7.71,8.88,1,0,2020
2586,2020,Neamt,Colegiul Tehnic Elena Cuza,Urban,F,9.7,9.02,10.0,9.52,9.52,9.53,1,0,2020
2587,2020,Mures,Liceul Tehnologic Constantin Brancusi,Urban,F,8.21,10.0,5.73,9.79,9.31,8.4,1,0,2020
2588,2020,Calarasi,Liceul Teoretic Octavian Goga,Urban,F,4.36,4.77,4.68,4.9,9.72,5.46,0,0,2020
2589,2020,Braila,Scoala Nationala Elena Cuza,Rural,M,8.05,6.81,8.54,5.79,10.0,7.78,1,0,2020
2590,2020,Buzau,Colegiul National Traian,Urban,F,8.7,9.19,3.63,7.51,7.94,7.03,0,0,2020
2591,2020,Valcea,Colegiul Economic Ioan Slavici,Rural,M,7.53,4.08,7.97,6.73,4.49,6.05,0,0,2020
2592,2020,Bistrita-Nasaud,Colegiul Tehnic Stefan cel Mare,Rural,M,4.13,7.61,10.0,4.57,6.74,7.39,0,0,2020
2593,2020,Braila,Liceul Sportiv Avram Iancu,Rural,M,8.88,3.86,4.54,4.87,8.37,5.39,0,0,2020
2594,2020,Ilfov,Colegiul Tehnic Ion Barbu,Urban,F,9.46,7.29,7.53,8.14,7.09,7.68,1,0,2020
2595,2020,Dolj,Scoala Nationala Mihai Viteazul,Urban,M,7.68,7.76,5.4,7.74,8.46,7.15,1,0,2020
2596,2020,Ilfov,Colegiul Economic Regina Maria,Rural,F,5.58,6.58,1.62,9.41,3.68,4.98,0,0,2020
2597,2020,Salaj,Liceul Pedagogic Spiru Haret,Urban,F,6.88,9.41,5.71,5.16,8.28,7.24,1,0,2020
2598,2020,Bucuresti,Colegiul Economic Marin Preda,Urban,F,8.57,6.93,9.71,6.46,6.63,7.81,1,0,2020
2599,2020,Giurgiu,Scoala Nationala Tudor Vladimirescu,Urban,M,5.94,4.25,8.73,9.21,4.75,6.58,0,0,2020
2600,2020,Giurgiu,Colegiul National Traian,Urban,F,9.61,7.92,4.9,6.4,7.4,6.88,0,0,2020
2601,2020,Vrancea,Liceul de Arte Avram Iancu,Rural,F,7.63,3.9,4.6,8.8,7.05,5.69,0,0,2020
2602,2020,Hunedoara,Liceul Pedagogic Grigore Moisil,Rural,F,9.53,6.66,8.21,9.66,8.93,8.2,1,0,2020
2603,2020,Brasov,Liceul Pedagogic Ioan Slavici,Rural,F,9.39,8.73,6.78,10.0,5.37,7.9,1,0,2020
2604,2020,Vaslui,Liceul Pedagogic Nicolae Balcescu,Rural,F,5.17,5.07,4.05,7.5,5.56,5.21,0,0,2020
2605,2020,Teleorman,Colegiul Economic Ion Barbu,Urban,F,8.05,8.6,9.95,8.77,9.41,9.1,1,0,2020
2606,2020,Hunedoara,Liceul Sportiv Unirea,Rural,F,7.56,7.93,5.88,7.63,7.81,7.22,1,0,2020
2607,2020,Prahova,Colegiul National Mihai Eminescu,Urban,M,7.63,7.31,6.94,8.73,8.36,7.6,1,0,2020
2608,2020,Brasov,Liceul Tehnologic Ioan Slavici,Urban,M,8.43,9.05,6.03,6.33,3.96,6.91,0,0,2020
2609,2020,Olt,Liceul Tehnologic Stefan cel Mare,Urban,M,7.07,7.65,7.72,6.53,10.0,7.8,1,0,2020
2610,2020,Giurgiu,Scoala Nationala Emil Racovita,Rural,F,7.49,5.68,5.0,6.62,7.3,6.04,1,0,2020
2611,2020,Giurgiu,Colegiul National Vasile Alecsandri,Rural,M,5.28,4.93,7.05,9.63,7.91,6.75,0,0,2020
2612,2020,Calarasi,Scoala Nationala Dimitrie Cantemir,Rural,M,9.19,8.35,7.43,5.86,6.68,7.53,1,0,2020
2613,2020,Buzau,Colegiul Economic Tudor Vladimirescu,Urban,F,7.61,7.28,7.28,8.41,7.76,7.55,1,0,2020
2614,2020,Mures,Colegiul National Mircea cel Batran,Urban,F,6.09,8.99,6.07,6.48,6.53,7.08,1,0,2020
2615,2020,Bucuresti,Scoala Nationala George Cosbuc,Rural,M,8.28,7.53,7.43,6.55,6.89,7.33,1,0,2020
2616,2020,Ilfov,Colegiul National Mihai Eminescu,Urban,F,10.0,6.46,5.81,8.35,9.87,7.41,1,0,2020
2617,2020,Cluj,Liceul Sportiv Bogdan Voda,Rural,F,6.23,4.4,2.87,3.46,4.32,3.97,0,0,2020
2618,2020,Arad,Liceul Teoretic Onisifor Ghibu,Rural,F,5.54,3.5,4.96,4.72,5.02,4.55,0,0,2020
2619,2020,Suceava,Liceul Tehnologic Regina Maria,Rural,M,10.0,7.57,7.65,8.07,7.31,7.87,1,0,2020
2620,2020,Brasov,Liceul Tehnologic Ion Luca Caragiale,Urban,M,6.67,9.91,5.94,8.56,5.0,7.46,1,0,2020
2621,2020,Cluj,Liceul Sportiv Emil Racovita,Rural,F,9.83,6.82,8.96,10.0,7.32,8.32,1,0,2020
2622,2020,Braila,Colegiul Tehnic Regina Maria,Rural,M,6.25,7.29,5.0,6.76,10.0,6.83,1,0,2020
2623,2020,Calarasi,Colegiul Tehnic Elena Cuza,Urban,M,8.32,8.06,7.03,8.19,7.08,7.65,1,0,2020
2624,2020,Valcea,Liceul Sportiv Elena Cuza,Rural,F,5.42,2.7,4.4,6.24,8.91,4.94,0,0,2020
2625,2020,Dambovita,Colegiul Economic George Cosbuc,Rural,F,10.0,10.0,6.67,7.91,9.63,8.63,1,0,2020
2626,2020,Arges,Liceul Sportiv Nicolae Balcescu,Urban,F,7.39,8.22,3.82,6.67,9.08,6.71,0,1,2020
2627,2020,Salaj,Liceul Tehnologic Ion Barbu,Rural,F,5.95,6.14,2.14,10.0,8.93,5.92,0,0,2020
2628,2020,Botosani,Liceul de Arte Mircea cel Batran,Urban,F,7.86,7.91,7.03,9.55,6.07,7.61,1,0,2020
2629,2020,Timis,Liceul Tehnologic Elena Cuza,Urban,M,8.63,8.94,8.75,5.0,10.0,8.42,1,0,2020
2630,2020,Salaj,Liceul Pedagogic Traian,Rural,M,8.09,6.64,6.4,6.78,8.39,7.0,1,0,2020
2631,2020,Satu Mare,Liceul Tehnologic Stefan cel Mare,Urban,F,6.71,7.34,6.68,5.42,9.3,7.09,1,0,2020
2632,2020,Buzau,Colegiul National Mircea cel Batran,Urban,F,6.98,8.83,6.74,9.98,9.65,8.31,1,0,2020
2633,2020,Valcea,Liceul Tehnologic Elena Cuza,Urban,M,4.37,7.45,1.0,8.55,9.01,5.61,0,0,2020
2634,2020,Bucuresti,Colegiul Economic Nicolae Balcescu,Rural,F,7.52,8.6,6.3,6.11,7.26,7.23,1,0,2020
2635,2020,Vrancea,Colegiul National Ana Ipatescu,Rural,F,7.12,9.03,6.26,7.44,10.0,7.91,1,0,2020
2636,2020,Bucuresti,Liceul Teoretic Grigore Moisil,Rural,F,9.61,7.64,8.79,6.16,7.0,7.86,1,0,2020
2637,2020,Giurgiu,Colegiul Tehnic Mihai Eminescu,Urban,M,7.8,5.0,8.73,8.1,7.03,7.17,1,0,2020
2638,2020,Hunedoara,Liceul Teoretic Mircea cel Batran,Urban,M,7.62,8.13,5.0,7.36,7.55,6.94,1,0,2020
2639,2020,Buzau,Colegiul Economic Avram Iancu,Urban,M,6.21,9.56,5.39,7.05,8.06,7.37,1,0,2020
2640,2020,Bacau,Liceul Sportiv Bogdan Voda,Urban,F,9.65,5.62,5.82,9.55,7.83,7.0,1,0,2020
2641,2020,Bihor,Liceul de Arte Lucian Blaga,Urban,F,8.01,6.08,9.04,7.72,9.47,7.92,1,0,2020
2642,2020,Bihor,Liceul de Arte George Cosbuc,Rural,M,7.74,8.48,7.95,8.3,8.72,8.26,1,0,2020
2643,2020,Giurgiu,Liceul de Arte Lucian Blaga,Urban,M,6.69,8.73,8.94,7.4,8.41,8.34,1,0,2020
2644,2020,Arad,Colegiul Economic Unirea,Urban,M,6.53,6.02,5.34,9.65,6.87,6.54,1,0,2020
2645,2020,Olt,Liceul Sportiv Emil Racovita,Urban,F,8.73,7.46,7.94,7.74,9.64,8.1,1,0,2020
2646,2020,Braila,Colegiul National George Cosbuc,Urban,F,8.07,7.46,8.35,8.74,7.91,8.05,1,0,2020
2647,2020,Salaj,Liceul Pedagogic George Cosbuc,Urban,M,8.58,7.08,9.25,8.5,8.19,8.26,1,0,2020
2648,2020,Neamt,Liceul Sportiv Tudor Vladimirescu,Rural,M,7.35,8.79,7.36,8.91,5.01,7.67,1,0,2020
2649,2020,Suceava,Liceul Sportiv Alexandru Ioan Cuza,Urban,F,9.04,8.74,9.36,5.08,6.37,8.05,1,0,2020
2650,2020,Valcea,Colegiul Economic Bogdan Voda,Rural,F,4.4,6.52,7.57,4.1,6.92,6.32,0,0,2020
2651,2020,Ialomita,Liceul Sportiv Mircea cel Batran,Rural,M,8.45,6.39,2.06,7.23,6.29,5.41,0,0,2020
2652,2020,Bucuresti,Liceul Pedagogic Stefan cel Mare,Rural,M,7.93,9.47,7.14,7.47,10.0,8.4,1,0,2020
2653,2020,Bistrita-Nasaud,Colegiul National Ion Luca Caragiale,Rural,F,5.15,7.01,1.22,4.86,6.62,4.71,0,0,2020
2654,2020,Bucuresti,Liceul Tehnologic Vasile Alecsandri,Urban,F,9.27,9.58,5.7,7.46,8.77,7.95,1,0,2020
2655,2020,Iasi,Colegiul Economic Gheorghe Sincai,Rural,M,7.8,7.5,7.56,7.16,6.74,7.38,1,0,2020
2656,2020,Prahova,Colegiul National Mihai Eminescu,Rural,F,10.0,3.35,9.33,5.95,7.54,6.83,0,1,2020
2657,2020,Prahova,Colegiul Economic Mihai Viteazul,Urban,F,7.15,10.0,8.66,8.97,7.85,8.84,1,0,2020
2658,2020,Tulcea,Liceul Teoretic Dimitrie Cantemir,Urban,F,6.72,6.5,8.47,5.52,5.08,6.75,1,0,2020
2659,2020,Iasi,Liceul de Arte Nicolae Balcescu,Urban,M,8.36,7.57,5.0,6.86,9.59,7.07,1,0,2020
2660,2020,Dolj,Colegiul National Unirea,Urban,M,8.43,9.04,3.07,7.58,9.57,7.05,0,0,2020
2661,2020,Tulcea,Liceul Teoretic Vasile Alecsandri,Urban,F,9.47,7.65,10.0,8.24,8.88,8.81,1,0,2020
2662,2020,Iasi,Colegiul Tehnic Nicolae Balcescu,Urban,M,7.66,5.66,5.93,8.49,7.07,6.58,1,0,2020
2663,2020,Vaslui,Liceul Teoretic Avram Iancu,Urban,F,7.5,5.32,7.56,9.44,7.28,7.12,1,0,2020
2664,2020,Prahova,Liceul Teoretic Grigore Moisil,Urban,F,8.91,7.91,7.59,6.88,9.87,8.05,1,0,2020
2665,2020,Gorj,Liceul de Arte Decebal,Rural,M,9.14,7.84,6.17,8.21,5.99,7.25,1,0,2020
2666,2020,Gorj,Liceul de Arte Onisifor Ghibu,Urban,F,8.7,8.77,9.66,10.0,5.58,8.74,1,0,2020
2667,2020,Gorj,Liceul Teoretic Emil Racovita,Rural,F,8.35,5.29,6.26,6.89,9.89,6.82,1,0,2020
2668,2020,Mehedinti,Colegiul Tehnic Ion Barbu,Urban,M,10.0,5.92,8.42,7.8,4.46,7.14,0,0,2020
2669,2020,Giurgiu,Liceul Pedagogic Ana Ipatescu,Urban,F,7.15,10.0,6.95,8.9,6.62,8.13,1,0,2020
2670,2020,Arad,Scoala Nationala Avram Iancu,Urban,M,9.18,6.31,7.53,8.53,8.68,7.65,1,0,2020
2671,2020,Bacau,Liceul Sportiv Spiru Haret,Urban,F,5.62,7.46,9.8,7.03,7.87,7.98,1,0,2020
2672,2020,Teleorman,Liceul Pedagogic Vasile Alecsandri,Rural,M,8.35,8.39,9.63,9.84,7.44,8.83,1,0,2020
2673,2020,Botosani,Liceul Sportiv Ioan Slavici,Rural,M,9.39,6.91,5.79,5.0,8.98,6.85,1,0,2020
2674,2020,Cluj,Liceul de Arte Octavian Goga,Urban,F,9.91,5.85,5.95,7.94,10.0,7.22,0,1,2020
2675,2020,Constanta,Liceul de Arte Mihai Viteazul,Urban,M,7.88,2.29,6.58,4.78,4.4,4.83,0,0,2020
2676,2020,Arges,Colegiul Economic Grigore Moisil,Urban,F,9.84,6.97,5.09,7.44,9.91,7.2,1,0,2020
2677,2020,Bihor,Colegiul National Ioan Slavici,Urban,M,6.9,4.87,5.15,7.42,8.24,6.05,0,0,2020
2678,2020,Botosani,Liceul Sportiv Lucian Blaga,Urban,F,9.01,5.12,4.2,6.65,8.23,5.93,0,0,2020
2679,2020,Suceava,Liceul de Arte Mircea cel Batran,Rural,F,5.08,5.19,4.3,8.29,7.46,5.72,0,0,2020
2680,2020,Alba,Colegiul Tehnic George Cosbuc,Urban,F,8.87,9.41,5.81,8.58,7.13,7.81,1,0,2020
2681,2020,Ilfov,Colegiul Economic Tudor Vladimirescu,Urban,F,6.91,8.43,7.53,8.94,8.47,8.09,1,0,2020
2682,2020,Bihor,Colegiul Tehnic Octavian Goga,Urban,M,6.56,6.33,6.59,3.43,7.8,6.22,0,0,2020
2683,2020,Calarasi,Colegiul Tehnic Stefan cel Mare,Rural,M,6.42,7.22,2.11,9.93,7.57,6.07,0,1,2020
2684,2020,Mures,Liceul Sportiv Elena Cuza,Urban,F,6.93,7.09,8.93,10.0,7.96,8.19,1,0,2020
2685,2020,Sibiu,Scoala Nationala Ion Barbu,Rural,M,8.24,8.22,8.47,8.19,5.62,7.9,1,0,2020
2686,2020,Timis,Liceul Tehnologic Unirea,Rural,M,5.41,6.08,5.92,8.14,6.49,6.34,1,0,2020
2687,2020,Vaslui,Liceul Teoretic Mircea cel Batran,Rural,F,7.18,6.88,5.04,6.67,8.65,6.59,1,0,2020
2688,2020,Gorj,Liceul Pedagogic Stefan cel Mare,Urban,F,7.48,4.9,6.13,9.41,5.01,6.22,0,0,2020
2689,2020,Teleorman,Liceul Tehnologic Avram Iancu,Rural,M,5.22,5.09,7.24,8.46,3.59,6.03,0,0,2020
2690,2020,Giurgiu,Liceul de Arte Spiru Haret,Urban,F,6.07,7.5,10.0,9.32,6.55,8.24,1,0,2020
2691,2020,Calarasi,Colegiul Tehnic Mihai Eminescu,Urban,F,7.99,7.15,9.87,9.68,8.15,8.58,1,0,2020
2692,2020,Braila,Colegiul Tehnic Ana Ipatescu,Urban,M,8.04,8.59,7.48,9.99,8.67,8.42,1,0,2020
2693,2020,Arad,Liceul Teoretic Spiru Haret,Urban,F,8.32,8.55,6.54,6.77,6.29,7.32,1,0,2020
2694,2020,Neamt,Liceul Sportiv Grigore Moisil,Rural,F,9.6,6.87,6.31,9.1,9.58,7.72,1,0,2020
2695,2020,Satu Mare,Colegiul Tehnic Ana Ipatescu,Rural,F,7.86,8.87,4.23,6.17,8.76,6.96,0,0,2020
2696,2020,Covasna,Colegiul Tehnic Spiru Haret,Urban,M,7.69,8.8,7.69,6.64,8.61,8.0,1,0,2020
2697,2020,Galati,Liceul Pedagogic Elena Cuza,Rural,F,9.26,4.49,6.59,4.92,8.44,6.25,0,1,2020
2698,2020,Arges,Colegiul National George Cosbuc,Urban,F,9.02,8.68,10.0,9.08,8.27,9.11,1,0,2020
2699,2020,Calarasi,Colegiul National Ana Ipatescu,Rural,M,6.82,7.33,8.31,7.36,7.18,7.56,1,0,2020
2700,2020,Olt,Liceul Pedagogic Bogdan Voda,Rural,M,5.52,6.03,8.01,6.5,6.46,6.71,1,0,2020
2701,2020,Botosani,Liceul Sportiv Lucian Blaga,Rural,F,7.43,3.93,6.97,4.12,4.52,5.31,0,0,2020
2702,2020,Vrancea,Liceul Pedagogic Nicolae Balcescu,Rural,M,9.01,8.45,6.19,6.68,6.17,7.22,1,0,2020
2703,2020,Bucuresti,Liceul Tehnologic Emil Racovita,Urban,M,9.76,6.75,5.85,8.66,7.54,7.19,1,0,2020
2704,2020,Bucuresti,Liceul Tehnologic Ioan Slavici,Urban,F,10.0,8.95,7.5,8.54,10.0,8.72,1,0,2020
2705,2020,Arges,Colegiul Economic Tudor Vladimirescu,Rural,M,8.32,5.23,3.07,7.69,4.41,5.14,0,0,2020
2706,2020,Sibiu,Colegiul Tehnic Mircea cel Batran,Rural,F,8.86,7.01,8.58,7.5,8.6,7.98,1,0,2020
2707,2020,Tulcea,Liceul Tehnologic George Cosbuc,Rural,F,6.84,9.55,7.47,8.8,6.33,8.06,1,0,2020
2708,2020,Bacau,Colegiul Tehnic Elena Cuza,Urban,F,7.6,8.69,5.0,8.25,7.16,7.18,1,0,2020
2709,2020,Timis,Liceul Teoretic Constantin Brancusi,Urban,M,7.11,5.08,10.0,4.92,6.78,6.99,0,0,2020
2710,2020,Salaj,Colegiul Tehnic Decebal,Urban,F,7.98,9.88,7.04,8.25,9.65,8.56,1,0,2020
2711,2020,Botosani,Liceul de Arte Avram Iancu,Urban,M,9.6,8.46,8.28,7.66,5.03,7.89,1,0,2020
2712,2020,Brasov,Liceul Sportiv Tudor Vladimirescu,Urban,F,9.35,7.46,9.0,6.89,8.27,8.15,1,0,2020
2713,2020,Dolj,Liceul de Arte Grigore Moisil,Urban,F,9.02,8.55,5.0,8.7,9.36,7.68,1,0,2020
2714,2020,Buzau,Liceul Pedagogic Unirea,Urban,F,6.23,6.0,9.21,5.27,7.84,7.15,1,0,2020
2715,2020,Constanta,Scoala Nationala Ion Barbu,Rural,M,7.45,5.69,7.02,9.6,5.81,6.87,0,1,2020
2716,2020,Gorj,Liceul Pedagogic Ion Luca Caragiale,Urban,M,7.26,8.12,8.13,6.98,6.45,7.62,1,0,2020
2717,2020,Valcea,Colegiul National Emil Racovita,Urban,F,7.46,7.19,5.0,9.73,9.18,7.24,1,0,2020
2718,2020,Ilfov,Liceul de Arte George Cosbuc,Rural,F,9.69,7.77,7.44,9.57,6.85,8.0,1,0,2020
2719,2020,Hunedoara,Liceul Tehnologic Tudor Vladimirescu,Urban,M,9.22,7.87,7.0,6.6,9.19,7.75,1,0,2020
2720,2020,Covasna,Colegiul Economic Alexandru Ioan Cuza,Urban,M,9.68,8.11,7.75,7.28,7.1,7.88,1,0,2020
2721,2020,Olt,Liceul Tehnologic Regina Maria,Rural,F,8.56,6.71,9.12,6.11,8.12,7.74,1,0,2020
2722,2020,Buzau,Scoala Nationala George Cosbuc,Urban,F,6.72,7.86,8.11,9.09,7.28,7.92,1,0,2020
2723,2020,Valcea,Liceul Tehnologic Ioan Slavici,Urban,M,6.01,9.62,5.69,8.75,7.65,7.65,1,0,2020
2724,2020,Brasov,Colegiul Economic Stefan cel Mare,Urban,M,9.16,9.07,8.87,7.58,6.79,8.45,1,0,2020
2725,2020,Vaslui,Colegiul Economic Alexandru Ioan Cuza,Urban,M,8.98,5.28,10.0,7.39,5.12,7.36,1,0,2020
2726,2020,Prahova,Liceul Tehnologic Ion Barbu,Rural,M,6.53,1.57,6.9,6.4,5.64,5.0,0,0,2020
2727,2020,Arges,Scoala Nationala Mihai Eminescu,Urban,F,7.22,6.25,8.28,7.48,8.43,7.47,1,0,2020
2728,2020,Timis,Colegiul Tehnic Mircea cel Batran,Urban,F,9.5,7.54,5.09,6.28,6.7,6.69,1,0,2020
2729,2020,Arges,Colegiul Tehnic Elena Cuza,Urban,M,4.6,7.87,6.46,5.77,6.24,6.56,0,0,2020
2730,2020,Cluj,Liceul Teoretic Marin Preda,Rural,F,5.27,5.47,6.91,8.16,6.01,6.37,1,0,2020
2731,2020,Brasov,Scoala Nationala Dimitrie Cantemir,Rural,M,8.26,7.12,6.76,9.01,10.0,7.84,1,0,2020
2732,2020,Mehedinti,Liceul Teoretic Ion Luca Caragiale,Urban,F,10.0,9.29,8.54,7.62,7.65,8.64,1,0,2020
2733,2020,Timis,Liceul Tehnologic Ion Barbu,Urban,F,7.1,6.88,6.23,6.44,7.33,6.71,1,0,2020
2734,2020,Alba,Scoala Nationala Regina Maria,Urban,F,5.35,5.52,7.39,4.8,10.0,6.63,0,0,2020
2735,2020,Suceava,Colegiul Economic Mircea cel Batran,Urban,M,9.29,6.51,6.26,7.54,6.12,6.81,1,0,2020
2736,2020,Mehedinti,Colegiul Economic Spiru Haret,Rural,M,9.14,7.39,5.0,7.42,5.98,6.64,1,0,2020
2737,2020,Gorj,Colegiul Economic Emil Racovita,Rural,F,7.19,6.89,6.23,7.69,6.06,6.72,1,0,2020
2738,2020,Bihor,Colegiul National Octavian Goga,Urban,F,9.34,5.99,5.72,8.62,7.86,6.92,1,0,2020
2739,2020,Galati,Liceul Sportiv Ion Luca Caragiale,Urban,M,7.96,7.48,10.0,7.73,5.54,8.03,1,0,2020
2740,2020,Brasov,Colegiul Economic Unirea,Urban,M,8.16,6.5,8.24,5.06,8.18,7.22,1,0,2020
2741,2020,Vrancea,Liceul Tehnologic Ion Luca Caragiale,Urban,M,8.88,8.72,2.91,7.73,1.39,5.74,0,0,2020
2742,2020,Arad,Colegiul National Spiru Haret,Urban,M,7.02,6.63,8.13,8.91,8.21,7.7,1,0,2020
2743,2020,Calarasi,Colegiul Tehnic Spiru Haret,Rural,F,9.67,7.49,10.0,8.95,5.51,8.38,1,0,2020
2744,2020,Ialomita,Colegiul National Lucian Blaga,Urban,F,7.81,7.56,5.0,10.0,7.2,7.13,1,0,2020
2745,2020,Hunedoara,Colegiul Tehnic Traian,Rural,F,5.79,3.14,5.73,6.01,7.97,5.34,0,0,2020
2746,2020,Timis,Liceul Tehnologic Bogdan Voda,Rural,M,6.87,4.01,9.28,7.33,5.89,6.66,0,0,2020
2747,2020,Bacau,Liceul Tehnologic Ion Barbu,Urban,F,8.41,7.85,5.41,9.89,9.07,7.66,1,0,2020
2748,2020,Neamt,Scoala Nationala Ana Ipatescu,Rural,M,6.66,8.71,5.44,5.37,5.44,6.53,1,0,2020
2749,2020,Sibiu,Colegiul Tehnic Stefan cel Mare,Rural,F,7.62,6.5,6.82,6.37,3.79,6.28,0,0,2020
2750,2020,Bistrita-Nasaud,Scoala Nationala Regina Maria,Urban,M,8.29,5.19,7.56,5.22,5.76,6.3,1,0,2020
2751,2020,Mehedinti,Scoala Nationala Octavian Goga,Urban,F,1.0,8.21,6.57,7.23,10.0,7.12,0,0,2020
2752,2020,Constanta,Colegiul Tehnic Elena Cuza,Urban,F,7.09,6.7,5.0,6.21,8.24,6.39,1,0,2020
2753,2020,Botosani,Colegiul Tehnic Marin Preda,Rural,M,8.13,3.05,4.6,8.56,5.51,5.22,0,0,2020
2754,2020,Valcea,Colegiul National Tudor Vladimirescu,Rural,F,3.72,8.96,7.22,8.15,2.91,6.88,0,0,2020
2755,2020,Maramures,Liceul de Arte Ion Barbu,Urban,F,9.72,7.92,6.64,7.26,8.7,7.73,1,0,2020
2756,2020,Alba,Liceul Pedagogic Alexandru Ioan Cuza,Rural,M,10.0,3.47,6.51,7.22,8.71,6.38,0,0,2020
2757,2020,Prahova,Scoala Nationala Elena Cuza,Rural,M,9.32,6.62,6.77,9.85,8.8,7.75,1,0,2020
2758,2020,Vaslui,Scoala Nationala Elena Cuza,Urban,M,7.59,7.58,8.35,7.3,9.92,8.12,1,0,2020
2759,2020,Salaj,Liceul Tehnologic Elena Cuza,Urban,M,10.0,8.86,7.85,7.66,6.69,8.17,1,0,2020
2760,2020,Ilfov,Liceul Tehnologic Decebal,Rural,M,5.83,5.43,8.75,6.24,3.74,6.33,0,0,2020
2761,2020,Botosani,Scoala Nationala Unirea,Urban,F,8.19,10.0,5.73,8.09,5.61,7.59,1,0,2020
2762,2020,Calarasi,Colegiul Economic Mircea cel Batran,Urban,F,10.0,7.48,6.32,7.19,7.88,7.4,1,0,2020
2763,2020,Olt,Colegiul National Constantin Brancusi,Rural,M,6.26,8.88,7.73,6.01,8.16,7.73,1,0,2020
2764,2020,Satu Mare,Liceul Pedagogic George Cosbuc,Urban,M,7.76,5.18,1.95,7.74,5.57,4.91,0,0,2020
2765,2020,Mehedinti,Liceul Sportiv Octavian Goga,Urban,M,9.13,7.03,4.73,10.0,8.04,7.15,0,0,2020
2766,2020,Timis,Colegiul Economic Gheorghe Sincai,Urban,M,8.22,7.59,8.44,8.35,8.02,8.09,1,0,2020
2767,2020,Sibiu,Liceul Pedagogic Vasile Alecsandri,Urban,M,9.07,9.32,10.0,6.79,7.24,8.81,1,0,2020
2768,2020,Dolj,Liceul de Arte Stefan cel Mare,Urban,F,9.21,5.84,6.99,9.58,6.45,7.17,1,0,2020
2769,2020,Vaslui,Liceul Pedagogic Onisifor Ghibu,Urban,M,7.18,10.0,2.65,6.34,8.44,6.73,0,0,2020
2770,2020,Hunedoara,Scoala Nationala Emil Racovita,Urban,M,10.0,9.47,8.35,10.0,8.44,9.11,1,0,2020
2771,2020,Alba,Colegiul National Avram Iancu,Urban,F,8.96,7.62,7.09,7.11,7.73,7.54,1,0,2020
2772,2020,Prahova,Colegiul National Mihai Eminescu,Urban,F,7.23,5.74,7.85,5.88,3.61,6.22,0,0,2020
2773,2020,Galati,Scoala Nationala Ana Ipatescu,Urban,F,9.52,7.64,7.31,9.41,6.86,7.88,1,0,2020
2774,2020,Timis,Liceul Sportiv Octavian Goga,Urban,M,5.21,10.0,5.51,9.43,9.53,8.02,0,1,2020
2775,2020,Dolj,Liceul Teoretic Traian,Rural,M,8.61,6.82,6.68,7.24,10.0,7.5,1,0,2020
2776,2020,Dolj,Liceul de Arte Regina Maria,Urban,M,9.55,9.56,6.88,9.24,8.92,8.61,1,0,2020
2777,2020,Alba,Colegiul Economic Vasile Alecsandri,Urban,M,8.51,9.21,10.0,9.85,8.58,9.38,1,0,2020
2778,2020,Valcea,Liceul de Arte Tudor Vladimirescu,Urban,F,8.23,5.19,6.28,8.95,7.1,6.67,1,0,2020
2779,2020,Timis,Scoala Nationala Bogdan Voda,Urban,M,8.08,6.02,6.24,3.29,8.52,6.26,0,0,2020
2780,2020,Neamt,Colegiul National Mircea cel Batran,Urban,F,10.0,5.36,6.12,7.95,9.65,7.08,1,0,2020
2781,2020,Satu Mare,Colegiul National Vasile Alecsandri,Urban,M,7.17,7.79,5.81,8.48,8.35,7.32,1,0,2020
2782,2020,Covasna,Colegiul Tehnic Gheorghe Sincai,Urban,M,6.84,8.11,4.44,9.45,5.56,6.7,0,0,2020
2783,2020,Galati,Liceul Sportiv Gheorghe Sincai,Urban,M,8.09,6.66,4.06,8.73,5.89,6.22,0,1,2020
2784,2020,Timis,Liceul Tehnologic Octavian Goga,Rural,F,4.38,1.0,3.67,9.11,8.92,4.54,0,0,2020
2785,2020,Braila,Colegiul Economic Grigore Moisil,Urban,M,8.98,7.96,6.99,5.4,7.26,7.28,1,0,2020
2786,2020,Hunedoara,Liceul Tehnologic Vasile Alecsandri,Rural,M,3.41,8.09,6.17,3.94,9.63,6.65,0,0,2020
2787,2020,Covasna,Colegiul National Gheorghe Sincai,Rural,M,4.23,7.46,6.82,4.14,6.32,6.28,0,0,2020
2788,2020,Maramures,Liceul de Arte Decebal,Urban,F,7.88,7.34,5.0,6.6,8.16,6.7,1,0,2020
2789,2020,Neamt,Colegiul Tehnic Traian,Urban,F,8.63,6.45,6.36,8.25,7.53,7.07,1,0,2020
2790,2020,Alba,Liceul de Arte Spiru Haret,Urban,F,8.06,8.13,8.24,7.61,10.0,8.36,1,0,2020
2791,2020,Botosani,Colegiul National Mihai Eminescu,Urban,M,7.84,9.47,4.08,9.48,9.11,7.64,0,0,2020
2792,2020,Cluj,Liceul Sportiv Alexandru Ioan Cuza,Rural,M,5.16,7.66,5.51,5.35,2.62,5.66,0,0,2020
2793,2020,Bucuresti,Liceul Pedagogic Traian,Rural,F,5.48,7.82,7.39,6.1,8.03,7.23,1,0,2020
2794,2020,Vrancea,Scoala Nationala Lucian Blaga,Urban,F,8.92,8.5,5.0,7.95,7.88,7.32,1,0,2020
2795,2020,Vaslui,Liceul Tehnologic Elena Cuza,Rural,F,1.71,5.98,6.55,3.7,9.2,5.86,0,0,2020
2796,2020,Sibiu,Liceul Teoretic Nicolae Balcescu,Urban,F,9.35,7.22,5.8,6.82,7.31,6.96,1,0,2020
2797,2020,Bacau,Liceul Teoretic Gheorghe Sincai,Urban,M,8.86,7.96,5.66,7.24,10.0,7.56,1,0,2020
2798,2020,Harghita,Colegiul Tehnic Marin Preda,Urban,F,7.32,8.36,7.71,5.19,4.73,7.04,0,0,2020
2799,2020,Gorj,Liceul de Arte Unirea,Urban,M,10.0,5.0,8.35,6.71,6.72,7.02,1,0,2020
2800,2020,Tulcea,Colegiul Tehnic Nicolae Balcescu,Urban,F,7.64,7.63,9.37,7.65,8.05,8.22,1,0,2020
2801,2020,Salaj,Scoala Nationala Stefan cel Mare,Urban,F,8.57,9.78,10.0,7.32,9.05,9.25,1,0,2020
2802,2020,Bihor,Liceul Tehnologic Dimitrie Cantemir,Rural,F,6.85,6.79,9.09,5.77,4.23,6.95,0,0,2020
2803,2020,Sibiu,Liceul Teoretic Marin Preda,Urban,F,10.0,7.95,10.0,8.67,5.0,8.44,1,0,2020
2804,2020,Satu Mare,Scoala Nationala Dimitrie Cantemir,Urban,F,7.32,10.0,8.28,6.9,10.0,8.75,1,0,2020
2805,2020,Bihor,Colegiul Economic Lucian Blaga,Urban,F,4.44,5.31,4.9,7.47,5.9,5.51,0,0,2020
2806,2020,Dambovita,Liceul Teoretic Ion Luca Caragiale,Urban,M,6.12,9.52,6.66,8.57,8.34,8.0,1,0,2020
2807,2020,Botosani,Liceul Pedagogic Grigore Moisil,Urban,M,10.0,6.29,7.74,9.85,10.0,8.19,1,0,2020
2808,2020,Bistrita-Nasaud,Liceul Tehnologic Unirea,Rural,F,5.92,2.76,6.83,9.56,8.03,6.11,0,0,2020
2809,2020,Bihor,Liceul Tehnologic Unirea,Rural,F,9.67,5.95,4.26,4.49,5.74,5.56,0,0,2020
2810,2020,Bucuresti,Colegiul National Decebal,Rural,F,8.65,8.5,6.72,7.72,7.99,7.79,1,0,2020
2811,2020,Vaslui,Scoala Nationala Decebal,Rural,M,7.79,5.25,8.08,7.4,6.7,6.89,1,0,2020
2812,2020,Tulcea,Liceul de Arte Avram Iancu,Urban,M,8.55,8.47,7.38,7.54,8.74,8.05,1,0,2020
2813,2020,Bistrita-Nasaud,Liceul Pedagogic Avram Iancu,Urban,F,10.0,8.33,10.0,7.22,6.69,8.59,1,0,2020
2814,2020,Maramures,Liceul Pedagogic Decebal,Urban,M,7.5,6.83,4.58,5.25,7.9,6.15,0,0,2020
2815,2020,Vrancea,Scoala Nationala Regina Maria,Rural,M,8.79,10.0,4.65,5.83,4.86,6.88,0,0,2020
2816,2020,Salaj,Scoala Nationala Ioan Slavici,Urban,M,9.18,8.47,4.36,5.67,8.71,6.92,0,0,2020
2817,2020,Vaslui,Liceul Sportiv Spiru Haret,Urban,F,8.63,10.0,5.73,10.0,8.43,8.35,1,0,2020
2818,2020,Bucuresti,Scoala Nationala Stefan cel Mare,Rural,M,4.87,6.83,7.5,1.89,7.69,6.22,0,0,2020
2819,2020,Olt,Scoala Nationala Octavian Goga,Rural,F,8.98,7.2,1.74,6.17,5.94,5.4,0,0,2020
2820,2020,Botosani,Liceul Sportiv Onisifor Ghibu,Rural,M,6.0,5.57,5.85,5.44,4.66,5.54,0,0,2020
2821,2020,Mehedinti,Colegiul Tehnic Mircea cel Batran,Rural,F,8.32,8.66,5.41,7.46,6.87,7.2,1,0,2020
2822,2020,Suceava,Liceul Teoretic Onisifor Ghibu,Urban,M,7.58,8.97,6.89,8.5,9.0,8.14,1,0,2020
2823,2020,Dolj,Liceul Teoretic Gheorghe Sincai,Rural,M,6.89,6.4,2.14,8.86,6.11,5.5,0,0,2020
2824,2020,Alba,Liceul Tehnologic Ion Barbu,Rural,F,7.27,7.88,5.75,5.68,8.24,6.9,1,0,2020
2825,2020,Prahova,Colegiul Economic Regina Maria,Urban,F,7.74,6.51,7.54,8.15,8.18,7.44,1,0,2020
2826,2020,Covasna,Liceul de Arte Spiru Haret,Urban,M,9.11,7.05,8.73,9.59,8.05,8.29,1,0,2020
2827,2020,Arad,Liceul de Arte Stefan cel Mare,Rural,F,8.53,6.96,7.52,7.22,7.8,7.45,1,0,2020
2828,2020,Mehedinti,Colegiul Tehnic Emil Racovita,Urban,M,8.91,8.45,7.34,9.89,10.0,8.61,1,0,2020
2829,2020,Alba,Liceul Sportiv Octavian Goga,Urban,M,8.08,6.61,8.25,8.63,6.96,7.6,1,0,2020
2830,2020,Hunedoara,Colegiul National Elena Cuza,Urban,F,7.82,8.32,9.68,5.76,6.24,7.98,1,0,2020
2831,2020,Teleorman,Colegiul National Octavian Goga,Rural,M,6.32,9.15,6.15,7.56,10.0,7.86,1,0,2020
2832,2020,Braila,Liceul Teoretic Ana Ipatescu,Urban,M,9.48,6.95,7.0,6.76,10.0,7.65,1,0,2020
2833,2020,Suceava,Liceul Sportiv George Cosbuc,Urban,F,8.14,8.87,6.71,8.92,8.74,8.14,1,0,2020
2834,2020,Iasi,Colegiul Tehnic Marin Preda,Urban,M,9.1,7.99,6.03,6.27,7.04,7.11,1,0,2020
2835,2020,Vrancea,Liceul de Arte Grigore Moisil,Urban,F,6.64,3.82,3.98,9.98,7.44,5.62,0,0,2020
2836,2020,Neamt,Colegiul Tehnic George Cosbuc,Urban,M,7.92,6.49,6.96,6.47,7.95,6.99,1,0,2020
2837,2020,Maramures,Liceul Tehnologic Marin Preda,Rural,F,9.6,6.21,8.26,7.6,7.56,7.57,1,0,2020
2838,2020,Brasov,Colegiul National Bogdan Voda,Urban,F,8.93,9.43,7.71,5.51,6.78,7.88,1,0,2020
2839,2020,Sibiu,Colegiul National Grigore Moisil,Rural,F,7.15,9.06,9.29,6.03,8.08,8.34,1,0,2020
2840,2020,Valcea,Colegiul National Lucian Blaga,Urban,M,8.17,4.86,5.17,9.07,4.9,5.92,0,0,2020
2841,2020,Bistrita-Nasaud,Colegiul Economic George Cosbuc,Urban,F,7.84,5.9,7.01,6.94,6.75,6.71,1,0,2020
2842,2020,Botosani,Liceul de Arte Mircea cel Batran,Rural,M,6.91,1.88,7.29,2.6,7.74,4.99,0,0,2020
2843,2020,Bucuresti,Liceul de Arte Vasile Alecsandri,Rural,F,5.42,8.63,6.74,10.0,7.99,7.85,1,0,2020
2844,2020,Timis,Colegiul National Gheorghe Sincai,Urban,F,5.85,9.09,7.31,9.28,8.31,8.14,1,0,2020
2845,2020,Mures,Liceul Teoretic Gheorghe Sincai,Urban,F,9.05,9.27,9.09,5.66,7.81,8.43,1,0,2020
2846,2020,Giurgiu,Liceul de Arte Emil Racovita,Urban,F,9.81,8.92,8.45,8.59,7.93,8.67,1,0,2020
2847,2020,Arad,Liceul Sportiv Tudor Vladimirescu,Urban,M,5.86,8.14,6.44,9.35,8.45,7.63,0,1,2020
2848,2020,Valcea,Liceul Tehnologic Avram Iancu,Rural,M,7.98,3.03,5.4,5.44,6.9,5.18,0,1,2020
2849,2020,Giurgiu,Liceul de Arte Onisifor Ghibu,Rural,F,6.44,1.22,6.61,5.68,6.64,4.84,0,0,2020
2850,2020,Ialomita,Liceul Sportiv Vasile Alecsandri,Urban,M,7.48,10.0,8.74,9.32,8.75,9.08,1,0,2020
2851,2020,Constanta,Scoala Nationala Vasile Alecsandri,Urban,M,7.69,5.6,3.95,8.89,5.92,5.86,0,0,2020
2852,2020,Giurgiu,Liceul Pedagogic Stefan cel Mare,Rural,M,6.94,4.56,3.95,6.26,7.18,5.26,0,1,2020
2853,2020,Bihor,Liceul de Arte Ion Luca Caragiale,Urban,F,7.37,7.03,6.71,9.58,10.0,7.8,1,0,2020
2854,2020,Dambovita,Colegiul National Ion Barbu,Urban,F,9.93,8.56,8.41,8.35,7.48,8.46,1,0,2020
2855,2020,Dambovita,Liceul Teoretic Marin Preda,Rural,M,6.54,5.0,9.78,6.11,7.98,7.2,1,0,2020
2856,2020,Bucuresti,Liceul Tehnologic Tudor Vladimirescu,Rural,M,8.92,10.0,5.0,9.52,5.97,7.72,1,0,2020
2857,2020,Galati,Liceul Teoretic Mircea cel Batran,Rural,M,7.64,3.86,5.33,6.29,5.77,5.33,0,0,2020
2858,2020,Dambovita,Liceul de Arte Constantin Brancusi,Rural,M,7.77,7.96,7.86,8.65,9.08,8.18,1,0,2020
2859,2020,Alba,Liceul Sportiv Elena Cuza,Urban,F,6.51,5.76,10.0,8.06,7.83,7.76,0,1,2020
2860,2020,Botosani,Colegiul Tehnic Ion Barbu,Urban,F,8.11,8.37,10.0,8.01,8.3,8.77,1,0,2020
2861,2020,Bihor,Liceul Teoretic Mircea cel Batran,Urban,F,5.83,4.69,4.9,6.54,7.6,5.58,0,0,2020
2862,2020,Teleorman,Scoala Nationala Mihai Viteazul,Rural,F,9.64,7.88,5.07,8.77,7.58,7.3,1,0,2020
2863,2020,Maramures,Colegiul Tehnic Avram Iancu,Rural,M,8.83,10.0,7.6,7.95,7.75,8.52,1,0,2020
2864,2020,Bistrita-Nasaud,Liceul Tehnologic Octavian Goga,Rural,M,9.22,8.82,6.41,10.0,5.78,7.86,1,0,2020
2865,2020,Covasna,Colegiul National Nicolae Balcescu,Urban,F,8.07,6.5,7.86,6.89,7.89,7.33,1,0,2020
2866,2020,Maramures,Colegiul National Mihai Viteazul,Urban,F,6.41,9.34,5.82,8.5,10.0,7.96,1,0,2020
2867,2020,Teleorman,Liceul Tehnologic Onisifor Ghibu,Urban,M,9.16,10.0,5.42,7.72,7.95,7.89,1,0,2020
2868,2020,Valcea,Colegiul Economic Spiru Haret,Urban,M,7.1,7.84,6.0,8.79,6.24,7.12,1,0,2020
2869,2020,Tulcea,Colegiul National Mihai Eminescu,Urban,F,9.68,10.0,9.08,9.4,8.33,9.35,1,0,2020
2870,2020,Satu Mare,Colegiul Tehnic Ioan Slavici,Rural,F,9.18,7.12,6.73,7.67,5.0,6.97,1,0,2020
2871,2020,Tulcea,Liceul Sportiv George Cosbuc,Rural,F,9.08,9.07,7.5,9.41,7.93,8.48,1,0,2020
2872,2020,Arges,Colegiul Tehnic Traian,Rural,F,7.14,4.88,4.55,8.04,3.4,5.26,0,0,2020
2873,2020,Sibiu,Liceul Tehnologic Avram Iancu,Urban,F,9.15,9.58,5.0,6.53,8.21,7.5,1,0,2020
2874,2020,Galati,Colegiul Economic Emil Racovita,Urban,M,6.55,7.71,6.87,8.05,9.71,7.69,1,0,2020
2875,2020,Salaj,Liceul Teoretic Mihai Viteazul,Urban,F,6.22,5.38,7.27,7.24,6.6,6.49,1,0,2020
2876,2020,Harghita,Colegiul Tehnic Onisifor Ghibu,Urban,F,8.52,8.32,6.68,9.23,6.53,7.72,1,0,2020
2877,2020,Braila,Colegiul National Ioan Slavici,Urban,F,8.19,10.0,9.77,7.53,7.48,9.0,1,0,2020
2878,2020,Covasna,Colegiul National Unirea,Rural,F,8.2,8.78,7.66,8.64,10.0,8.55,1,0,2020
2879,2020,Olt,Colegiul National Stefan cel Mare,Rural,F,5.22,8.68,4.87,8.28,6.32,6.78,0,0,2020
2880,2020,Bucuresti,Liceul Sportiv Dimitrie Cantemir,Urban,F,10.0,7.87,10.0,7.91,7.58,8.68,1,0,2020
2881,2020,Prahova,Liceul Tehnologic Gheorghe Sincai,Rural,F,6.13,6.57,6.11,7.03,6.53,6.45,1,0,2020
2882,2020,Iasi,Liceul Tehnologic Vasile Alecsandri,Urban,F,7.71,5.79,6.35,10.0,9.44,7.33,1,0,2020
2883,2020,Brasov,Liceul Teoretic Avram Iancu,Urban,M,8.37,8.73,9.44,5.24,6.29,8.02,1,0,2020
2884,2020,Mehedinti,Scoala Nationala Ana Ipatescu,Rural,M,9.45,7.57,7.75,9.19,8.88,8.25,1,0,2020
2885,2020,Satu Mare,Scoala Nationala Bogdan Voda,Urban,M,8.5,8.47,9.86,8.09,7.29,8.66,1,0,2020
2886,2020,Covasna,Scoala Nationala Ion Luca Caragiale,Urban,M,9.22,7.23,5.0,7.49,7.68,6.87,1,0,2020
2887,2020,Prahova,Scoala Nationala George Cosbuc,Urban,F,4.34,7.68,5.62,10.0,6.52,6.9,0,0,2020
2888,2020,Salaj,Colegiul Economic Octavian Goga,Urban,M,8.04,9.94,8.02,7.44,9.82,8.78,1,0,2020
2889,2020,Mehedinti,Colegiul Tehnic Tudor Vladimirescu,Urban,M,8.82,9.24,5.0,6.74,7.74,7.33,1,0,2020
2890,2020,Bucuresti,Colegiul Tehnic Gheorghe Sincai,Urban,F,6.83,5.87,6.97,8.51,9.76,7.28,1,0,2020
2891,2020,Sibiu,Scoala Nationala Avram Iancu,Urban,F,8.17,6.69,5.0,7.97,7.92,6.71,1,0,2020
2892,2020,Tulcea,Liceul Tehnologic Ioan Slavici,Rural,F,2.67,10.0,1.76,6.61,5.96,5.68,0,0,2020
2893,2020,Calarasi,Liceul Tehnologic Grigore Moisil,Urban,M,6.62,6.99,5.78,7.1,6.93,6.6,1,0,2020
2894,2020,Ialomita,Colegiul National Mihai Eminescu,Urban,F,7.35,6.62,5.17,9.79,6.94,6.78,1,0,2020
2895,2020,Suceava,Colegiul Economic Constantin Brancusi,Urban,M,6.96,7.79,6.58,8.4,10.0,7.77,1,0,2020
2896,2020,Brasov,Liceul Teoretic Vasile Alecsandri,Rural,F,7.43,6.32,8.49,7.55,8.53,7.6,1,0,2020
2897,2020,Mehedinti,Liceul Teoretic Tudor Vladimirescu,Rural,F,9.45,6.05,6.06,5.93,4.77,6.18,0,0,2020
2898,2020,Buzau,Liceul Sportiv Spiru Haret,Rural,F,5.58,8.09,6.06,10.0,8.34,7.55,1,0,2020
2899,2020,Tulcea,Colegiul Economic Mihai Eminescu,Rural,M,5.93,8.08,4.93,8.81,5.43,6.63,0,0,2020
2900,2020,Harghita,Scoala Nationala Dimitrie Cantemir,Urban,M,8.83,9.89,5.0,9.3,6.34,7.7,1,0,2020
2901,2020,Galati,Scoala Nationala Gheorghe Sincai,Urban,F,3.89,4.02,7.3,3.79,7.57,5.49,0,1,2020
2902,2020,Botosani,Liceul Teoretic Ion Luca Caragiale,Rural,F,7.41,4.93,6.81,7.24,5.98,6.25,0,0,2020
2903,2020,Valcea,Scoala Nationala Ioan Slavici,Urban,F,8.54,6.83,7.31,6.99,7.39,7.25,1,0,2020
2904,2020,Harghita,Colegiul National George Cosbuc,Urban,F,8.4,7.68,6.42,8.51,9.14,7.72,1,0,2020
2905,2020,Hunedoara,Liceul Sportiv Lucian Blaga,Rural,F,8.48,8.61,6.55,8.19,8.61,7.92,1,0,2020
2906,2020,Tulcea,Liceul Pedagogic Grigore Moisil,Rural,F,9.2,7.94,5.0,6.17,7.68,6.88,1,0,2020
2907,2020,Olt,Liceul Tehnologic Gheorghe Sincai,Urban,F,6.54,8.2,3.4,6.28,4.6,5.77,0,0,2020
2908,2020,Braila,Scoala Nationala Ioan Slavici,Rural,M,7.8,7.7,6.34,4.44,4.91,6.39,0,0,2020
2909,2020,Sibiu,Colegiul National Ioan Slavici,Urban,M,7.93,3.96,5.69,9.78,6.68,6.16,0,0,2020
2910,2020,Arges,Liceul Pedagogic Elena Cuza,Urban,F,8.68,6.69,8.66,10.0,10.0,8.47,1,0,2020
2911,2020,Braila,Colegiul Tehnic Dimitrie Cantemir,Urban,M,8.97,7.07,8.59,10.0,5.94,7.99,1,0,2020
2912,2020,Dambovita,Liceul Teoretic Avram Iancu,Urban,F,7.4,9.83,7.6,6.01,5.28,7.66,0,1,2020
2913,2020,Timis,Scoala Nationala Vasile Alecsandri,Rural,M,6.26,4.92,6.12,6.65,6.96,5.98,0,0,2020
2914,2020,Bucuresti,Colegiul National Octavian Goga,Urban,M,6.42,7.93,5.4,8.6,9.12,7.3,1,0,2020
2915,2020,Mehedinti,Liceul Tehnologic Alexandru Ioan Cuza,Urban,F,8.17,7.12,8.99,7.79,6.02,7.72,1,0,2020
2916,2020,Neamt,Colegiul Tehnic Ion Luca Caragiale,Urban,F,7.88,7.1,8.43,6.49,5.52,7.25,1,0,2020
2917,2020,Bistrita-Nasaud,Liceul Tehnologic Stefan cel Mare,Urban,M,7.09,9.78,3.95,4.9,8.04,6.77,0,0,2020
2918,2020,Bihor,Liceul Pedagogic Traian,Urban,F,8.82,8.97,8.02,6.2,8.34,8.16,1,0,2020
2919,2020,Alba,Colegiul Tehnic Ion Barbu,Urban,F,8.09,6.42,6.82,7.09,5.98,6.74,1,0,2020
2920,2020,Galati,Liceul Pedagogic Mircea cel Batran,Urban,M,8.17,6.06,8.41,7.41,7.82,7.44,1,0,2020
2921,2020,Buzau,Liceul Pedagogic Tudor Vladimirescu,Rural,F,6.84,7.15,5.13,7.25,4.72,6.16,0,0,2020
2922,2020,Bistrita-Nasaud,Colegiul Tehnic Spiru Haret,Urban,F,7.91,5.62,6.62,9.02,6.72,6.82,1,0,2020
2923,2020,Buzau,Liceul Teoretic Mihai Viteazul,Urban,F,7.04,7.8,7.36,8.18,4.14,7.1,0,0,2020
2924,2020,Calarasi,Liceul Tehnologic Ion Barbu,Rural,M,7.09,6.01,2.23,6.53,5.9,5.05,0,0,2020
2925,2020,Mehedinti,Colegiul Economic Elena Cuza,Urban,F,8.32,7.15,5.05,8.77,3.0,6.26,0,0,2020
2926,2020,Mehedinti,Liceul Teoretic Regina Maria,Rural,M,7.0,2.87,3.59,7.5,3.85,4.34,0,0,2020
2927,2020,Mures,Liceul Pedagogic Emil Racovita,Rural,F,4.82,10.0,2.61,9.64,6.06,6.62,0,0,2020
2928,2020,Bistrita-Nasaud,Liceul de Arte Mihai Eminescu,Rural,M,8.82,7.63,8.54,8.17,9.99,8.46,1,0,2020
2929,2020,Botosani,Liceul Pedagogic Ioan Slavici,Rural,F,8.08,8.38,8.2,8.04,8.1,8.2,1,0,2020
2930,2020,Hunedoara,Liceul Pedagogic Spiru Haret,Rural,M,7.12,7.24,7.46,9.2,7.86,7.68,1,0,2020
2931,2020,Maramures,Liceul de Arte Emil Racovita,Urban,M,9.81,9.84,6.55,9.37,8.4,8.56,1,0,2020
2932,2020,Galati,Liceul Pedagogic Unirea,Rural,M,7.19,3.97,7.58,3.03,7.12,5.71,0,0,2020
2933,2020,Giurgiu,Liceul Teoretic Vasile Alecsandri,Rural,M,8.04,7.19,3.41,4.72,6.34,5.64,0,0,2020
2934,2020,Constanta,Colegiul Tehnic Mihai Eminescu,Urban,F,8.52,10.0,6.84,8.91,4.1,7.86,0,0,2020
2935,2020,Harghita,Scoala Nationala Grigore Moisil,Urban,M,10.0,8.09,6.1,6.92,5.01,7.05,1,0,2020
2936,2020,Bihor,Scoala Nationala Mihai Eminescu,Urban,F,6.45,10.0,4.12,5.49,5.74,6.57,0,0,2020
2937,2020,Arad,Colegiul National Avram Iancu,Urban,F,8.15,7.12,8.49,6.72,6.68,7.51,1,0,2020
2938,2020,Ilfov,Liceul Tehnologic Alexandru Ioan Cuza,Urban,M,7.39,7.16,5.38,2.65,3.67,5.45,0,0,2020
2939,2020,Bacau,Colegiul National Ion Barbu,Urban,M,8.6,8.53,5.21,9.41,6.95,7.44,1,0,2020
2940,2020,Botosani,Colegiul National Nicolae Balcescu,Rural,M,5.09,6.61,8.28,6.35,5.41,6.74,1,0,2020
2941,2020,Bacau,Scoala Nationala Ion Barbu,Rural,F,6.22,8.89,2.54,5.28,8.82,6.17,0,0,2020
2942,2020,Bacau,Colegiul National Stefan cel Mare,Urban,M,8.29,7.32,4.84,7.25,6.03,6.47,0,1,2020
2943,2020,Brasov,Liceul Teoretic Unirea,Urban,M,6.4,5.06,7.85,7.1,7.57,6.71,1,0,2020
2944,2020,Timis,Colegiul Economic Ana Ipatescu,Urban,M,7.81,7.79,5.67,6.38,5.53,6.61,1,0,2020
2945,2020,Iasi,Colegiul National Spiru Haret,Rural,M,9.05,7.54,5.69,10.0,5.0,7.12,1,0,2020
2946,2020,Botosani,Liceul Sportiv Ion Barbu,Urban,F,8.97,7.7,7.85,10.0,7.6,8.2,1,0,2020
2947,2020,Ilfov,Liceul Sportiv Lucian Blaga,Rural,M,8.18,5.86,7.12,8.57,8.02,7.2,1,0,2020
2948,2020,Suceava,Liceul Tehnologic Traian,Urban,F,6.96,8.18,7.5,6.99,8.96,7.79,1,0,2020
2949,2020,Olt,Liceul Sportiv Decebal,Urban,F,7.71,8.98,9.97,6.79,8.16,8.7,1,0,2020
2950,2020,Prahova,Scoala Nationala Elena Cuza,Urban,F,8.51,6.43,7.78,7.85,10.0,7.79,1,0,2020
2951,2020,Vrancea,Colegiul Tehnic Bogdan Voda,Urban,M,8.6,9.01,7.04,8.21,9.1,8.27,1,0,2020
2952,2020,Vaslui,Liceul Teoretic Traian,Rural,F,9.17,9.25,9.7,8.74,6.71,8.92,1,0,2020
2953,2020,Ialomita,Scoala Nationala Grigore Moisil,Rural,F,7.63,7.43,6.87,7.1,8.88,7.45,1,0,2020
2954,2020,Alba,Scoala Nationala Marin Preda,Urban,F,6.65,9.4,7.52,5.61,10.0,8.08,0,1,2020
2955,2020,Sibiu,Liceul Pedagogic Stefan cel Mare,Urban,F,7.84,7.62,8.52,8.04,7.35,7.93,1,0,2020
2956,2020,Braila,Liceul Teoretic Tudor Vladimirescu,Urban,F,8.81,7.49,6.22,8.49,8.66,7.57,1,0,2020
2957,2020,Maramures,Liceul Sportiv Gheorghe Sincai,Rural,M,7.64,7.37,7.42,8.16,9.32,7.82,1,0,2020
2958,2020,Satu Mare,Liceul de Arte George Cosbuc,Urban,M,7.52,8.67,8.63,8.14,10.0,8.66,1,0,2020
2959,2020,Brasov,Liceul de Arte Elena Cuza,Urban,M,9.93,5.0,5.0,9.19,7.77,6.54,1,0,2020
2960,2020,Buzau,Colegiul Economic Ana Ipatescu,Urban,F,7.29,6.12,9.18,9.77,7.2,7.86,1,0,2020
2961,2020,Buzau,Colegiul Tehnic Stefan cel Mare,Urban,F,7.71,5.74,7.58,10.0,7.71,7.42,1,0,2020
2962,2020,Suceava,Colegiul Tehnic Elena Cuza,Rural,M,7.75,9.32,5.62,3.16,1.42,5.94,0,0,2020
2963,2020,Dambovita,Scoala Nationala George Cosbuc,Urban,F,8.75,8.05,8.51,8.2,6.77,8.09,1,0,2020
2964,2020,Alba,Liceul Teoretic Ion Barbu,Urban,F,7.9,8.46,9.55,7.62,7.0,8.39,1,0,2020
2965,2020,Dambovita,Colegiul Economic Mihai Viteazul,Urban,F,6.34,6.67,9.03,6.77,5.93,7.25,1,0,2020
2966,2020,Timis,Colegiul Tehnic Alexandru Ioan Cuza,Rural,M,4.28,9.43,6.85,8.01,8.32,7.76,0,0,2020
2967,2020,Ialomita,Liceul de Arte Mihai Eminescu,Urban,M,7.37,7.15,9.33,7.51,8.06,8.02,1,0,2020
2968,2020,Giurgiu,Liceul Tehnologic Mihai Viteazul,Rural,F,8.49,7.69,5.32,6.44,7.96,6.91,1,0,2020
2969,2020,Neamt,Scoala Nationala Lucian Blaga,Rural,F,8.34,8.74,6.81,7.63,9.31,8.04,1,0,2020
2970,2020,Brasov,Liceul Sportiv Lucian Blaga,Urban,M,9.31,7.54,5.58,6.99,3.45,6.43,0,0,2020
2971,2020,Ilfov,Liceul de Arte Gheorghe Sincai,Rural,F,8.97,8.83,6.14,7.03,7.82,7.62,1,0,2020
2972,2020,Bucuresti,Liceul Tehnologic Alexandru Ioan Cuza,Urban,M,8.48,7.0,6.79,9.88,10.0,7.97,1,0,2020
2973,2020,Arad,Liceul de Arte Onisifor Ghibu,Urban,M,9.49,8.77,5.87,8.98,8.72,8.0,1,0,2020
2974,2020,Prahova,Liceul Teoretic Mihai Eminescu,Urban,F,8.55,6.64,8.31,9.93,5.77,7.69,1,0,2020
2975,2020,Bacau,Liceul Pedagogic Onisifor Ghibu,Rural,F,4.58,4.84,3.34,5.27,3.75,4.26,0,0,2020
2976,2020,Dambovita,Liceul Sportiv Lucian Blaga,Urban,M,7.52,6.81,6.99,8.21,8.23,7.36,1,0,2020
2977,2020,Dambovita,Liceul Pedagogic Ion Barbu,Urban,M,7.81,7.71,5.52,8.22,6.95,7.03,1,0,2020
2978,2020,Harghita,Liceul Tehnologic Tudor Vladimirescu,Urban,F,8.32,7.33,7.38,8.8,7.4,7.68,1,0,2020
2979,2020,Tulcea,Scoala Nationala Tudor Vladimirescu,Urban,F,6.8,5.74,7.5,7.56,4.81,6.51,0,0,2020
2980,2020,Cluj,Liceul Sportiv Dimitrie Cantemir,Urban,M,7.98,10.0,5.0,8.1,9.72,7.97,1,0,2020
2981,2020,Braila,Colegiul Tehnic Ioan Slavici,Urban,M,9.63,7.26,5.76,8.39,9.92,7.62,1,0,2020
2982,2020,Bihor,Colegiul Tehnic Spiru Haret,Rural,M,8.07,8.59,3.58,8.58,7.68,6.9,0,0,2020
2983,2020,Satu Mare,Colegiul Tehnic Ana Ipatescu,Urban,F,8.45,7.97,6.3,6.9,10.0,7.66,1,0,2020
2984,2020,Sibiu,Colegiul National Emil Racovita,Rural,M,6.13,8.15,6.42,5.07,7.91,6.93,1,0,2020
2985,2020,Suceava,Colegiul National Elena Cuza,Rural,M,8.32,6.07,5.87,10.0,7.99,7.11,1,0,2020
2986,2020,Ilfov,Colegiul National Bogdan Voda,Rural,F,8.33,6.53,6.97,7.55,7.93,7.2,1,0,2020
2987,2020,Valcea,Liceul Teoretic Ana Ipatescu,Rural,F,7.66,7.42,6.15,9.51,8.32,7.51,1,0,2020
2988,2020,Olt,Colegiul Tehnic Bogdan Voda,Urban,F,9.79,7.94,6.78,6.44,5.81,7.23,0,1,2020
2989,2020,Olt,Liceul Sportiv Mihai Viteazul,Urban,F,8.96,8.71,3.94,8.43,8.17,7.18,0,0,2020
2990,2020,Calarasi,Colegiul National Alexandru Ioan Cuza,Urban,F,6.04,7.97,4.0,3.07,6.71,5.66,0,0,2020
2991,2020,Buzau,Liceul Tehnologic Constantin Brancusi,Rural,F,7.51,4.14,10.0,7.22,6.69,7.08,0,0,2020
2992,2020,Cluj,Liceul Teoretic Ion Barbu,Rural,F,6.39,8.26,7.01,7.1,7.57,7.42,1,0,2020
2993,2020,Ilfov,Liceul Sportiv Vasile Alecsandri,Rural,F,6.73,7.26,9.27,6.87,7.29,7.76,1,0,2020
2994,2020,Bacau,Liceul de Arte Vasile Alecsandri,Rural,F,9.17,10.0,5.83,5.3,8.51,7.74,1,0,2020
2995,2020,Timis,Liceul Tehnologic Vasile Alecsandri,Urban,M,9.22,8.52,2.83,8.23,3.99,6.16,0,1,2020
2996,2020,Alba,Colegiul National Ana Ipatescu,Urban,M,7.68,8.0,6.85,8.11,6.99,7.49,1,0,2020
2997,2020,Mures,Colegiul National Vasile Alecsandri,Rural,M,9.56,8.86,7.15,5.22,1.37,6.75,0,0,2020
2998,2020,Cluj,Colegiul National Dimitrie Cantemir,Rural,F,8.32,7.25,6.59,8.64,8.1,7.5,1,0,2020
2999,2020,Bihor,Colegiul Tehnic Emil Racovita,Urban,M,8.2,5.34,9.01,8.1,5.76,7.2,1,0,2020
3000,2020,Constanta,Colegiul National Nicolae Balcescu,Urban,M,9.67,7.43,9.36,9.96,8.25,8.74,1,0,2020
3001,2020,Constanta,Liceul Pedagogic Regina Maria,Urban,F,7.7,8.68,7.56,6.09,6.19,7.48,1,0,2020
3002,2020,Tulcea,Liceul Tehnologic Unirea,Urban,F,8.75,8.87,7.27,8.28,8.18,8.19,1,0,2020
3003,2020,Olt,Scoala Nationala Alexandru Ioan Cuza,Urban,F,7.35,7.99,3.85,4.07,7.91,6.08,0,0,2020
3004,2020,Hunedoara,Scoala Nationala Lucian Blaga,Urban,F,8.58,6.35,6.52,7.22,6.98,6.85,1,0,2020
3005,2020,Valcea,Liceul Tehnologic Onisifor Ghibu,Urban,M,9.26,6.31,7.91,9.18,8.64,7.86,1,0,2020
3006,2020,Teleorman,Colegiul Economic Alexandru Ioan Cuza,Rural,F,8.83,6.93,6.86,7.65,7.19,7.25,1,0,2020
3007,2020,Bacau,Colegiul National Ioan Slavici,Urban,M,7.73,6.45,9.18,8.49,7.03,7.79,1,0,2020
3008,2020,Olt,Liceul Tehnologic Traian,Urban,F,8.59,8.89,7.08,9.75,5.4,7.92,1,0,2020
3009,2020,Iasi,Liceul de Arte Mihai Eminescu,Rural,M,8.07,7.55,6.79,8.26,7.84,7.52,1,0,2020
3010,2020,Alba,Colegiul National Dimitrie Cantemir,Urban,M,9.98,4.78,2.58,4.13,3.26,4.31,0,0,2020
3011,2020,Mures,Colegiul National Bogdan Voda,Rural,F,8.18,3.59,8.26,4.49,7.89,6.23,0,1,2020
3012,2020,Valcea,Liceul de Arte Onisifor Ghibu,Urban,F,7.83,2.7,4.61,10.0,9.4,5.89,0,0,2020
3013,2020,Vrancea,Colegiul National Unirea,Urban,F,8.14,6.84,7.29,9.01,10.0,7.9,1,0,2020
3014,2020,Calarasi,Colegiul National Avram Iancu,Urban,F,8.1,9.47,5.0,7.7,7.82,7.48,1,0,2020
3015,2020,Bihor,Liceul de Arte Marin Preda,Urban,M,7.66,6.71,10.0,7.45,3.71,7.45,0,0,2020
3016,2020,Dambovita,Colegiul National Alexandru Ioan Cuza,Rural,F,5.34,7.5,4.16,6.33,7.01,6.03,0,0,2020
3017,2020,Timis,Colegiul Tehnic Onisifor Ghibu,Rural,F,3.99,3.75,7.6,5.24,5.17,5.37,0,0,2020
3018,2020,Gorj,Colegiul Economic Ioan Slavici,Rural,F,8.03,8.86,5.49,8.77,7.02,7.48,1,0,2020
3019,2020,Teleorman,Colegiul Tehnic Vasile Alecsandri,Urban,M,8.63,7.92,6.13,9.76,9.18,7.92,1,0,2020
3020,2020,Giurgiu,Colegiul National Constantin Brancusi,Rural,F,7.22,6.15,7.75,5.35,2.83,6.12,0,0,2020
3021,2020,Mehedinti,Liceul Tehnologic Nicolae Balcescu,Urban,M,8.42,9.14,9.54,7.27,8.72,8.84,1,0,2020
3022,2020,Dolj,Liceul Sportiv Octavian Goga,Rural,F,3.87,8.02,5.15,10.0,7.37,6.94,0,0,2020
3023,2020,Alba,Liceul Teoretic Unirea,Urban,M,7.6,7.28,6.44,7.2,6.5,6.93,1,0,2020
3024,2020,Olt,Liceul Tehnologic Avram Iancu,Urban,M,7.57,8.86,10.0,8.88,6.94,8.79,1,0,2020
3025,2020,Bihor,Colegiul Economic Ioan Slavici,Rural,F,6.52,9.9,5.73,4.57,9.35,7.43,0,0,2020
3026,2020,Giurgiu,Colegiul Economic Gheorghe Sincai,Urban,F,6.24,7.11,7.82,8.75,9.36,7.82,1,0,2020
3027,2020,Buzau,Liceul Sportiv Emil Racovita,Rural,M,5.43,7.03,8.23,7.22,4.35,6.86,0,0,2020
3028,2020,Vaslui,Liceul Pedagogic Lucian Blaga,Urban,M,8.2,4.9,7.49,6.54,4.66,6.22,0,0,2020
3029,2020,Calarasi,Liceul de Arte Marin Preda,Rural,F,8.96,6.9,6.46,6.25,7.65,6.99,1,0,2020
3030,2020,Botosani,Liceul Teoretic Octavian Goga,Urban,M,7.38,6.71,5.0,7.15,7.48,6.45,1,0,2020
3031,2020,Bacau,Liceul Sportiv Mircea cel Batran,Urban,F,8.62,8.5,9.4,6.84,6.9,8.29,1,0,2020
3032,2020,Prahova,Liceul Pedagogic Grigore Moisil,Rural,F,6.05,7.93,6.1,6.17,8.86,7.07,1,0,2020
3033,2020,Bistrita-Nasaud,Liceul de Arte Elena Cuza,Urban,F,6.65,6.07,4.49,10.0,5.89,6.22,0,0,2020
3034,2020,Vaslui,Scoala Nationala Mihai Viteazul,Urban,M,7.67,6.64,6.66,6.15,6.64,6.68,0,1,2020
3035,2020,Bucuresti,Colegiul Tehnic Onisifor Ghibu,Urban,M,8.15,5.45,8.49,9.22,8.09,7.59,1,0,2020
3036,2020,Vaslui,Colegiul National Avram Iancu,Rural,F,7.24,9.02,5.16,8.3,8.21,7.45,1,0,2020
3037,2020,Teleorman,Scoala Nationala Lucian Blaga,Rural,M,8.75,8.15,6.63,5.75,3.6,6.71,0,0,2020
3038,2020,Iasi,Scoala Nationala Avram Iancu,Rural,M,6.47,8.62,5.89,3.55,4.15,6.15,0,0,2020
3039,2020,Neamt,Liceul Tehnologic Mihai Eminescu,Rural,F,9.11,7.38,2.89,1.0,5.15,4.91,0,0,2020
3040,2020,Braila,Colegiul Tehnic Grigore Moisil,Rural,M,6.85,10.0,2.09,6.15,9.02,6.59,0,0,2020
3041,2020,Ilfov,Liceul Tehnologic Avram Iancu,Urban,M,8.65,8.86,5.89,7.12,6.52,7.34,1,0,2020
3042,2020,Iasi,Colegiul Economic Avram Iancu,Urban,F,7.92,8.72,7.52,5.21,7.26,7.53,1,0,2020
3043,2020,Harghita,Liceul Pedagogic Ana Ipatescu,Urban,M,8.24,7.44,8.25,6.21,7.3,7.56,1,0,2020
3044,2020,Alba,Colegiul Tehnic Regina Maria,Urban,M,7.68,8.7,8.49,8.53,7.64,8.35,1,0,2020
3045,2020,Gorj,Colegiul National Decebal,Urban,F,8.82,8.81,4.68,7.25,6.98,7.06,0,1,2020
3046,2020,Calarasi,Colegiul Economic Mihai Eminescu,Rural,F,6.84,8.21,8.21,8.08,7.87,8.0,1,0,2020
3047,2020,Ialomita,Colegiul Economic Stefan cel Mare,Rural,F,7.87,7.39,6.61,6.43,6.86,6.98,1,0,2020
3048,2020,Satu Mare,Colegiul Tehnic Decebal,Rural,M,7.52,6.59,7.7,7.68,4.66,6.89,0,1,2020
3049,2020,Bistrita-Nasaud,Scoala Nationala Decebal,Urban,F,8.01,9.05,6.93,7.19,8.1,7.89,1,0,2020
3050,2020,Calarasi,Colegiul Tehnic Tudor Vladimirescu,Urban,F,8.45,4.09,3.37,7.22,8.71,5.47,0,0,2020
3051,2020,Mures,Liceul Sportiv Bogdan Voda,Rural,M,9.19,6.27,8.15,7.36,5.06,7.11,1,0,2020
3052,2020,Mehedinti,Colegiul Economic Ion Barbu,Urban,F,5.5,6.96,1.12,6.32,7.42,5.04,0,0,2020
3053,2020,Neamt,Scoala Nationala Elena Cuza,Rural,F,5.41,8.39,8.22,4.57,4.9,6.94,0,0,2020
3054,2020,Hunedoara,Liceul Teoretic Constantin Brancusi,Urban,F,7.6,4.49,5.9,5.75,8.99,6.09,0,0,2020
3055,2020,Dambovita,Colegiul Tehnic Emil Racovita,Rural,F,9.66,7.28,8.17,7.75,9.2,8.14,1,0,2020
3056,2020,Alba,Liceul Teoretic Dimitrie Cantemir,Rural,M,7.79,6.39,9.22,8.32,9.05,8.07,1,0,2020
3057,2020,Constanta,Liceul Pedagogic Vasile Alecsandri,Rural,F,7.92,4.9,6.72,6.77,8.32,6.54,0,0,2020
3058,2020,Prahova,Liceul Sportiv Dimitrie Cantemir,Urban,M,6.11,7.49,2.7,7.43,8.09,6.0,0,0,2020
3059,2020,Neamt,Liceul Pedagogic Avram Iancu,Rural,F,5.0,5.57,1.74,6.94,5.84,4.61,0,0,2020
3060,2020,Neamt,Liceul Teoretic Ion Luca Caragiale,Rural,F,7.13,5.0,5.84,8.8,9.12,6.65,1,0,2020
3061,2020,Arad,Colegiul Tehnic Avram Iancu,Rural,M,10.0,9.78,10.0,5.78,6.35,8.75,1,0,2020
3062,2020,Cluj,Liceul Sportiv Octavian Goga,Urban,F,9.9,8.61,7.03,8.96,7.96,8.22,1,0,2020
3063,2020,Giurgiu,Liceul de Arte Dimitrie Cantemir,Urban,F,4.7,9.55,6.84,7.46,4.07,7.12,0,0,2020
3064,2020,Sibiu,Colegiul National Avram Iancu,Rural,M,7.37,6.86,7.38,7.8,7.98,7.38,1,0,2020
3065,2020,Gorj,Liceul Tehnologic Dimitrie Cantemir,Rural,F,8.1,1.76,4.61,1.0,5.71,3.73,0,0,2020
3066,2020,Cluj,Liceul Teoretic Mircea cel Batran,Urban,F,9.2,7.12,7.27,7.46,8.08,7.57,1,0,2020
3067,2020,Alba,Liceul de Arte Mihai Viteazul,Urban,F,9.55,8.75,7.84,9.67,9.44,8.8,1,0,2020
3068,2020,Giurgiu,Liceul de Arte Onisifor Ghibu,Urban,F,7.99,9.84,7.36,7.7,6.71,8.12,1,0,2020
3069,2020,Arad,Liceul Sportiv Traian,Rural,F,8.79,5.43,8.99,7.33,6.52,7.28,1,0,2020
3070,2020,Neamt,Colegiul Economic Spiru Haret,Urban,F,8.6,6.89,7.76,6.62,10.0,7.75,1,0,2020
3071,2020,Dambovita,Liceul Pedagogic Stefan cel Mare,Urban,M,9.99,6.74,7.7,8.28,6.71,7.58,1,0,2020
3072,2020,Mehedinti,Liceul de Arte Ana Ipatescu,Rural,F,9.84,6.02,10.0,8.73,9.94,8.59,1,0,2020
3073,2020,Mures,Colegiul Tehnic Tudor Vladimirescu,Rural,F,8.96,8.14,6.76,7.66,7.12,7.58,1,0,2020
3074,2020,Bihor,Scoala Nationala Marin Preda,Urban,F,7.0,7.0,7.23,6.99,9.16,7.39,1,0,2020
3075,2020,Valcea,Liceul Sportiv Regina Maria,Urban,M,8.62,5.06,7.12,6.54,5.77,6.36,1,0,2020
3076,2020,Brasov,Liceul Sportiv Mircea cel Batran,Urban,F,8.73,8.75,6.26,7.25,7.58,7.6,1,0,2020
3077,2020,Timis,Colegiul Economic Onisifor Ghibu,Urban,F,8.66,6.92,5.3,5.29,5.0,6.08,1,0,2020
3078,2020,Arges,Liceul Sportiv Gheorghe Sincai,Urban,F,6.62,8.6,5.03,7.88,5.91,6.82,1,0,2020
3079,2020,Dolj,Colegiul Tehnic Mihai Eminescu,Urban,F,8.49,6.37,3.61,6.74,10.0,6.35,0,0,2020
3080,2020,Brasov,Colegiul Economic Dimitrie Cantemir,Urban,F,10.0,7.88,5.91,7.72,7.57,7.43,1,0,2020
3081,2020,Tulcea,Scoala Nationala Constantin Brancusi,Rural,M,7.04,7.28,6.06,5.9,4.01,6.19,0,0,2020
3082,2020,Ialomita,Colegiul National Tudor Vladimirescu,Urban,M,6.96,8.44,6.13,7.71,9.03,7.58,1,0,2020
3083,2020,Covasna,Liceul Tehnologic Elena Cuza,Urban,F,8.31,6.85,9.6,8.59,6.58,8.04,1,0,2020
3084,2020,Vrancea,Colegiul Economic Mihai Eminescu,Rural,F,7.22,8.44,7.6,5.45,7.37,7.46,1,0,2020
3085,2020,Bucuresti,Liceul Pedagogic Unirea,Urban,F,10.0,7.81,8.25,7.84,7.91,8.18,1,0,2020
3086,2020,Brasov,Scoala Nationala Dimitrie Cantemir,Rural,F,8.02,6.51,4.51,6.77,6.93,6.16,0,0,2020
3087,2020,Teleorman,Colegiul Economic Tudor Vladimirescu,Rural,M,9.96,8.81,5.0,7.04,5.89,7.08,1,0,2020
3088,2020,Bacau,Colegiul National Mihai Viteazul,Rural,F,8.71,10.0,8.37,8.31,6.25,8.57,1,0,2020
3089,2020,Vaslui,Liceul Teoretic Bogdan Voda,Urban,M,8.31,7.57,6.38,4.88,7.18,6.82,0,0,2020
3090,2020,Calarasi,Liceul de Arte Ana Ipatescu,Urban,M,8.94,6.04,8.96,5.72,7.01,7.3,1,0,2020
3091,2020,Dambovita,Colegiul National Traian,Urban,F,9.75,6.04,8.85,10.0,9.42,8.36,1,0,2020
3092,2020,Harghita,Liceul Tehnologic Mihai Eminescu,Rural,F,9.76,8.48,5.49,7.46,8.65,7.58,1,0,2020
3093,2020,Vaslui,Liceul Teoretic Bogdan Voda,Urban,M,6.01,7.41,4.96,8.39,5.56,6.4,0,0,2020
3094,2020,Harghita,Liceul Teoretic Octavian Goga,Rural,M,8.33,7.71,5.0,6.62,5.0,6.39,1,0,2020
3095,2020,Tulcea,Colegiul Economic Decebal,Rural,F,9.22,6.25,4.43,8.3,5.59,6.21,0,1,2020
3096,2020,Teleorman,Scoala Nationala Avram Iancu,Urban,F,7.98,7.05,5.21,7.7,3.22,6.11,0,0,2020
3097,2020,Sibiu,Colegiul National Elena Cuza,Rural,F,8.56,7.06,6.69,8.45,5.62,7.09,1,0,2020
3098,2020,Bihor,Scoala Nationala Grigore Moisil,Urban,M,8.12,7.48,5.81,5.62,8.07,6.85,1,0,2020
3099,2020,Maramures,Liceul Teoretic Lucian Blaga,Rural,F,8.23,6.63,3.25,5.5,6.28,5.55,0,0,2020
3100,2020,Bacau,Liceul Tehnologic Ana Ipatescu,Urban,M,8.56,4.15,5.02,6.52,6.85,5.61,0,0,2020
3101,2020,Ialomita,Liceul Teoretic Mihai Viteazul,Urban,M,7.15,7.94,5.55,7.53,6.79,6.91,1,0,2020
3102,2020,Valcea,Liceul Sportiv Ana Ipatescu,Rural,F,6.14,9.3,7.74,8.38,5.86,7.86,1,0,2020
3103,2020,Arad,Liceul Teoretic Constantin Brancusi,Urban,M,10.0,6.4,6.71,9.38,9.62,7.78,1,0,2020
3104,2020,Buzau,Liceul Tehnologic Mircea cel Batran,Urban,M,6.81,3.64,3.93,7.17,5.69,4.88,0,0,2020
3105,2020,Suceava,Colegiul National Constantin Brancusi,Urban,M,9.74,8.05,7.13,9.96,8.66,8.32,1,0,2020
3106,2020,Sibiu,Liceul Tehnologic Mircea cel Batran,Rural,M,7.28,4.54,3.48,7.3,4.59,4.92,0,0,2020
3107,2020,Bistrita-Nasaud,Liceul Teoretic Spiru Haret,Urban,M,8.46,8.9,6.84,7.9,9.54,8.18,1,0,2020
3108,2020,Maramures,Colegiul Economic Ioan Slavici,Rural,F,9.82,8.13,8.25,9.62,8.17,8.56,1,0,2020
3109,2020,Arges,Liceul Teoretic Constantin Brancusi,Urban,M,7.96,6.61,7.91,10.0,7.97,7.85,1,0,2020
3110,2020,Cluj,Liceul Pedagogic Gheorghe Sincai,Rural,F,8.94,9.93,5.37,8.79,8.45,8.07,1,0,2020
3111,2020,Hunedoara,Liceul Pedagogic Lucian Blaga,Rural,F,5.08,4.4,4.94,4.86,9.85,5.52,0,0,2020
3112,2020,Salaj,Liceul Pedagogic Emil Racovita,Rural,F,6.78,8.18,6.73,7.0,6.48,7.17,0,1,2020
3113,2020,Harghita,Colegiul National Unirea,Urban,M,9.33,6.73,9.83,6.67,8.41,8.16,1,0,2020
3114,2020,Buzau,Liceul Tehnologic Traian,Rural,F,4.88,4.43,6.7,6.56,5.02,5.56,0,0,2020
3115,2020,Mehedinti,Colegiul Economic Mircea cel Batran,Rural,M,9.22,3.96,3.57,5.54,7.63,5.16,0,0,2020
3116,2020,Dolj,Liceul Pedagogic Nicolae Balcescu,Urban,F,7.45,5.84,9.2,6.83,7.21,7.36,1,0,2020
3117,2020,Dambovita,Liceul Teoretic Elena Cuza,Rural,F,9.47,7.68,4.88,8.87,7.29,7.14,0,0,2020
3118,2020,Ilfov,Colegiul Tehnic Grigore Moisil,Rural,F,7.47,6.85,6.62,7.46,10.0,7.41,0,1,2020
3119,2020,Sibiu,Liceul Sportiv Mihai Viteazul,Urban,F,8.98,6.7,6.55,7.11,10.0,7.44,1,0,2020
3120,2020,Ilfov,Colegiul Tehnic Ioan Slavici,Urban,M,7.81,6.11,5.47,8.03,6.85,6.49,1,0,2020
3121,2020,Arges,Scoala Nationala Dimitrie Cantemir,Urban,M,9.18,7.0,5.64,6.88,5.14,6.51,1,0,2020
3122,2020,Bihor,Liceul Sportiv Regina Maria,Urban,M,7.03,6.57,5.29,7.29,6.86,6.38,1,0,2020
3123,2020,Cluj,Scoala Nationala Tudor Vladimirescu,Urban,F,7.92,8.7,7.71,8.82,8.08,8.25,1,0,2020
3124,2020,Mures,Colegiul Economic George Cosbuc,Urban,F,6.28,7.87,6.14,4.85,6.22,6.49,0,0,2020
3125,2020,Tulcea,Colegiul Economic Decebal,Urban,F,10.0,7.37,10.0,4.75,8.35,8.18,0,0,2020
3126,2020,Valcea,Scoala Nationala Alexandru Ioan Cuza,Rural,F,9.05,6.4,6.99,8.09,5.28,6.93,1,0,2020
3127,2020,Timis,Scoala Nationala Constantin Brancusi,Rural,M,9.61,6.5,7.99,8.48,4.46,7.25,0,0,2020
3128,2020,Cluj,Liceul Teoretic Alexandru Ioan Cuza,Urban,M,9.3,7.91,4.01,7.96,4.9,6.44,0,1,2020
3129,2020,Galati,Colegiul Tehnic Decebal,Rural,M,8.4,6.26,8.38,3.49,3.12,6.22,0,0,2020
3130,2020,Bistrita-Nasaud,Colegiul National Ana Ipatescu,Urban,F,10.0,5.07,2.61,2.61,8.63,4.99,0,1,2020
3131,2020,Mehedinti,Liceul Teoretic Emil Racovita,Urban,M,7.38,8.37,6.94,8.7,7.96,7.83,1,0,2020
3132,2020,Dambovita,Liceul Teoretic Stefan cel Mare,Rural,M,7.12,7.95,8.04,7.48,10.0,8.13,1,0,2020
3133,2020,Arad,Liceul Tehnologic Ana Ipatescu,Urban,M,6.2,7.29,6.98,8.7,6.16,7.13,1,0,2020
3134,2020,Teleorman,Colegiul Economic Mircea cel Batran,Urban,F,10.0,7.94,9.32,8.37,7.96,8.63,1,0,2020
3135,2020,Maramures,Liceul Tehnologic Octavian Goga,Urban,M,6.64,5.11,6.38,6.59,9.66,6.55,1,0,2020
3136,2020,Buzau,Colegiul Tehnic Mihai Eminescu,Urban,F,8.64,7.18,7.09,9.35,6.6,7.54,1,0,2020
3137,2020,Salaj,Liceul Teoretic Decebal,Rural,F,6.58,7.17,8.09,5.59,10.0,7.57,1,0,2020
3138,2020,Vrancea,Scoala Nationala Regina Maria,Urban,M,10.0,9.39,7.51,10.0,6.48,8.54,1,0,2020
3139,2020,Ilfov,Liceul Sportiv Bogdan Voda,Urban,F,6.43,6.05,4.09,7.41,7.54,5.93,0,1,2020
3140,2020,Alba,Scoala Nationala Dimitrie Cantemir,Urban,F,8.91,7.49,6.48,10.0,10.0,8.08,1,0,2020
3141,2020,Satu Mare,Liceul Pedagogic Grigore Moisil,Urban,M,6.86,5.89,6.72,8.14,8.22,6.92,1,0,2020
3142,2020,Harghita,Colegiul Tehnic George Cosbuc,Urban,F,10.0,9.7,5.0,8.85,6.31,7.68,1,0,2020
3143,2020,Satu Mare,Colegiul National Nicolae Balcescu,Rural,F,8.58,7.47,7.06,9.1,8.49,7.86,1,0,2020
3144,2020,Salaj,Liceul de Arte Nicolae Balcescu,Urban,F,8.1,7.89,6.9,5.5,6.72,7.08,1,0,2020
3145,2020,Bistrita-Nasaud,Colegiul National Ioan Slavici,Rural,M,10.0,4.76,8.18,9.51,6.49,7.28,0,0,2020
3146,2020,Vaslui,Liceul Sportiv Stefan cel Mare,Urban,F,8.34,8.6,6.61,7.3,8.17,7.72,1,0,2020
3147,2020,Arges,Liceul Pedagogic Gheorghe Sincai,Urban,M,7.36,6.46,4.61,5.89,3.21,5.42,0,0,2020
3148,2020,Alba,Scoala Nationala Dimitrie Cantemir,Rural,F,9.28,9.77,5.2,7.2,6.6,7.49,0,1,2020
3149,2020,Hunedoara,Liceul Sportiv Dimitrie Cantemir,Rural,M,7.52,10.0,5.71,10.0,10.0,8.46,1,0,2020
3150,2020,Valcea,Scoala Nationala Grigore Moisil,Urban,F,8.39,6.08,7.41,10.0,6.74,7.4,0,1,2020
3151,2020,Satu Mare,Scoala Nationala Unirea,Rural,M,8.18,7.26,9.16,9.01,9.3,8.49,1,0,2020
3152,2020,Giurgiu,Liceul Teoretic Traian,Urban,F,9.52,7.66,1.15,8.7,4.71,5.61,0,0,2020
3153,2020,Iasi,Liceul Teoretic Lucian Blaga,Urban,M,8.8,8.62,6.89,8.12,8.98,8.1,1,0,2020
3154,2020,Giurgiu,Colegiul Tehnic Decebal,Rural,M,6.31,7.99,8.16,9.84,4.19,7.58,0,0,2020
3155,2020,Bacau,Liceul Pedagogic Mihai Eminescu,Rural,M,7.75,4.48,3.39,7.18,6.55,5.2,0,1,2020
3156,2020,Alba,Scoala Nationala Gheorghe Sincai,Rural,F,8.93,5.71,5.31,6.9,4.68,5.94,0,0,2020
3157,2020,Dolj,Liceul Tehnologic George Cosbuc,Rural,M,5.94,1.18,4.39,8.75,7.61,4.72,0,0,2020
3158,2020,Vaslui,Colegiul National Alexandru Ioan Cuza,Urban,M,9.42,7.94,7.09,8.09,5.91,7.55,1,0,2020
3159,2020,Teleorman,Colegiul National Bogdan Voda,Urban,M,7.66,9.08,5.0,5.65,8.45,7.1,1,0,2020
3160,2020,Teleorman,Liceul de Arte George Cosbuc,Urban,F,10.0,7.96,10.0,7.76,7.42,8.66,1,0,2020
3161,2020,Neamt,Colegiul Tehnic Lucian Blaga,Rural,F,3.4,7.26,5.97,5.73,6.13,6.09,0,0,2020
3162,2020,Constanta,Colegiul National Ion Luca Caragiale,Rural,F,6.81,10.0,4.78,6.82,5.59,6.98,0,0,2020
3163,2020,Neamt,Scoala Nationala Mihai Viteazul,Urban,F,8.7,3.04,5.61,3.93,7.44,5.17,0,0,2020
3164,2020,Arges,Liceul Teoretic Traian,Rural,M,7.0,4.04,8.75,8.13,9.26,7.15,0,0,2020
3165,2020,Bucuresti,Liceul Teoretic Stefan cel Mare,Rural,F,8.94,7.58,3.09,10.0,4.54,6.28,0,0,2020
3166,2020,Maramures,Scoala Nationala Lucian Blaga,Urban,F,7.22,10.0,7.79,8.17,6.28,8.23,1,0,2020
3167,2020,Ialomita,Liceul Teoretic Vasile Alecsandri,Urban,F,7.94,7.36,6.17,7.85,10.0,7.53,1,0,2020
3168,2020,Mehedinti,Liceul Tehnologic Ioan Slavici,Urban,M,8.36,6.53,6.41,7.93,10.0,7.41,1,0,2020
3169,2020,Dambovita,Liceul Sportiv Gheorghe Sincai,Rural,F,10.0,6.98,4.32,2.59,4.69,5.48,0,1,2020
3170,2020,Bacau,Liceul Tehnologic Regina Maria,Rural,M,9.21,6.34,2.42,2.61,4.12,4.56,0,0,2020
3171,2020,Bihor,Liceul de Arte Spiru Haret,Urban,M,9.43,7.75,6.84,7.18,7.04,7.45,1,0,2020
3172,2020,Giurgiu,Colegiul Economic Ioan Slavici,Urban,M,6.13,7.53,3.62,6.92,6.67,6.0,0,0,2020
3173,2020,Tulcea,Colegiul National Ioan Slavici,Urban,F,9.17,5.39,9.25,7.92,4.9,7.23,0,0,2020
3174,2020,Harghita,Liceul Sportiv Mihai Eminescu,Urban,F,8.14,7.94,8.05,6.54,7.83,7.77,1,0,2020
3175,2020,Maramures,Colegiul National Tudor Vladimirescu,Urban,F,7.42,8.38,7.26,7.82,7.19,7.69,1,0,2020
3176,2020,Mehedinti,Colegiul National Ioan Slavici,Urban,F,7.08,10.0,6.58,8.48,7.51,8.08,0,1,2020
3177,2020,Bistrita-Nasaud,Scoala Nationala Unirea,Rural,F,8.07,6.36,8.81,8.57,10.0,8.14,1,0,2020
3178,2020,Covasna,Colegiul National Emil Racovita,Urban,M,6.78,1.5,10.0,6.23,5.96,5.96,0,0,2020
3179,2020,Buzau,Liceul Tehnologic Elena Cuza,Urban,F,9.94,8.58,8.59,7.95,8.06,8.55,1,0,2020
3180,2020,Prahova,Liceul de Arte Alexandru Ioan Cuza,Rural,M,5.13,6.62,3.56,3.86,7.22,5.23,0,0,2020
3181,2020,Cluj,Scoala Nationala Dimitrie Cantemir,Rural,F,8.95,8.39,7.48,6.47,6.41,7.59,1,0,2020
3182,2020,Prahova,Liceul Pedagogic Bogdan Voda,Urban,M,8.71,8.46,6.25,6.48,9.68,7.71,1,0,2020
3183,2020,Giurgiu,Liceul de Arte Octavian Goga,Rural,M,7.29,4.98,2.54,4.05,5.65,4.44,0,0,2020
3184,2020,Gorj,Liceul Teoretic Vasile Alecsandri,Rural,M,10.0,5.23,8.78,6.25,4.04,6.75,0,0,2020
3185,2020,Brasov,Liceul de Arte Ion Luca Caragiale,Rural,M,9.62,7.52,5.26,7.73,5.76,6.82,1,0,2020
3186,2020,Gorj,Liceul Tehnologic Decebal,Rural,F,2.83,10.0,6.02,5.38,2.53,6.28,0,0,2020
3187,2020,Brasov,Colegiul Economic Tudor Vladimirescu,Urban,F,9.61,9.98,9.35,8.48,5.0,8.78,1,0,2020
3188,2020,Mures,Scoala Nationala Dimitrie Cantemir,Urban,F,7.59,8.39,7.71,5.88,9.41,7.88,1,0,2020
3189,2020,Alba,Colegiul Economic Ana Ipatescu,Urban,M,5.97,3.8,5.04,7.48,7.41,5.48,0,0,2020
3190,2020,Iasi,Colegiul National George Cosbuc,Rural,F,8.18,7.18,7.32,7.38,7.39,7.38,1,0,2020
3191,2020,Constanta,Liceul Teoretic Dimitrie Cantemir,Rural,F,7.91,8.51,8.48,7.32,10.0,8.49,1,0,2020
3192,2020,Botosani,Colegiul National Marin Preda,Urban,F,6.84,9.62,7.79,8.58,9.59,8.63,1,0,2020
3193,2020,Galati,Liceul Pedagogic Constantin Brancusi,Urban,F,7.79,5.03,10.0,6.34,8.85,7.57,1,0,2020
3194,2020,Bacau,Liceul de Arte Stefan cel Mare,Rural,M,8.99,7.65,5.47,8.68,7.11,7.2,1,0,2020
3195,2020,Hunedoara,Colegiul National Lucian Blaga,Rural,M,2.37,3.47,5.44,7.11,9.07,5.34,0,0,2020
3196,2020,Suceava,Liceul Pedagogic Grigore Moisil,Rural,M,10.0,7.51,2.26,4.89,9.24,6.05,0,0,2020
3197,2020,Neamt,Colegiul Tehnic Ana Ipatescu,Urban,M,9.34,8.47,8.93,7.47,9.38,8.68,1,0,2020
3198,2020,Valcea,Colegiul Economic Traian,Urban,M,10.0,7.48,5.83,7.09,5.66,6.91,1,0,2020
3199,2020,Prahova,Liceul Sportiv Grigore Moisil,Urban,F,7.69,8.75,5.86,7.76,5.0,7.07,1,0,2020
3200,2020,Bistrita-Nasaud,Liceul Teoretic Unirea,Urban,F,5.77,8.45,4.3,10.0,7.78,7.07,0,1,2020
3201,2020,Neamt,Liceul Tehnologic Elena Cuza,Urban,F,8.84,7.8,5.01,7.9,8.2,7.14,1,0,2020
3202,2020,Satu Mare,Colegiul Economic Octavian Goga,Urban,M,9.45,5.53,8.54,7.4,7.37,7.38,1,0,2020
3203,2020,Cluj,Liceul Tehnologic Ion Barbu,Rural,M,9.04,9.05,9.9,7.52,9.51,9.14,1,0,2020
3204,2020,Prahova,Liceul Pedagogic Avram Iancu,Urban,M,7.46,6.83,7.49,8.83,6.44,7.33,1,0,2020
3205,2020,Dolj,Scoala Nationala Grigore Moisil,Rural,M,8.42,7.32,5.0,10.0,8.43,7.3,1,0,2020
3206,2020,Buzau,Liceul Teoretic Gheorghe Sincai,Urban,F,8.37,8.81,9.34,9.67,8.05,8.94,1,0,2020
3207,2020,Alba,Liceul Tehnologic Ion Luca Caragiale,Urban,M,9.38,8.25,8.27,9.47,8.3,8.56,1,0,2020
3208,2020,Braila,Scoala Nationala Ioan Slavici,Urban,F,8.88,6.3,9.35,4.9,7.23,7.4,0,0,2020
3209,2020,Ialomita,Liceul Pedagogic Elena Cuza,Rural,M,10.0,7.03,8.68,10.0,7.25,8.3,1,0,2020
3210,2020,Maramures,Liceul Teoretic Stefan cel Mare,Urban,M,8.72,10.0,7.74,9.28,9.92,9.07,1,0,2020
3211,2020,Dambovita,Liceul Pedagogic Alexandru Ioan Cuza,Urban,F,7.77,6.89,5.54,8.35,5.84,6.63,1,0,2020
3212,2020,Buzau,Liceul Tehnologic Regina Maria,Urban,M,7.73,7.94,7.78,9.06,10.0,8.35,1,0,2020
3213,2020,Olt,Colegiul Economic Ana Ipatescu,Urban,F,6.47,4.49,9.96,4.77,8.23,6.93,0,0,2020
3214,2020,Arges,Liceul Sportiv Mihai Eminescu,Rural,F,5.53,2.26,4.78,8.21,3.96,4.49,0,0,2020
3215,2020,Covasna,Colegiul National Lucian Blaga,Urban,F,8.58,8.37,7.25,6.81,9.84,8.04,1,0,2020
3216,2020,Calarasi,Liceul Pedagogic George Cosbuc,Rural,M,8.88,6.64,6.11,2.94,3.7,5.71,0,0,2020
3217,2020,Harghita,Colegiul National Bogdan Voda,Rural,F,6.96,8.53,7.63,6.85,8.78,7.89,1,0,2020
3218,2020,Ilfov,Liceul de Arte Unirea,Urban,F,6.28,8.94,4.54,9.31,6.98,7.12,0,0,2020
3219,2020,Neamt,Colegiul Economic Stefan cel Mare,Rural,F,3.9,7.86,7.38,5.63,5.66,6.66,0,1,2020
3220,2020,Iasi,Liceul Pedagogic Dimitrie Cantemir,Rural,M,6.84,2.55,1.0,4.9,4.75,3.2,0,0,2020
3221,2020,Giurgiu,Liceul Teoretic Ion Luca Caragiale,Urban,F,9.52,9.82,4.83,4.47,5.04,6.77,0,0,2020
3222,2020,Tulcea,Liceul Pedagogic Ion Barbu,Rural,M,6.39,1.65,4.55,6.12,3.81,3.99,0,0,2020
3223,2020,Galati,Liceul de Arte Ion Barbu,Urban,M,7.96,7.27,6.95,5.69,9.81,7.39,1,0,2020
3224,2020,Gorj,Colegiul Economic Onisifor Ghibu,Urban,M,8.48,1.0,6.02,6.92,7.88,5.17,0,0,2020
3225,2020,Braila,Colegiul Economic Vasile Alecsandri,Rural,M,7.9,9.29,10.0,5.51,7.34,8.5,1,0,2020
3226,2020,Calarasi,Scoala Nationala Emil Racovita,Rural,M,7.33,6.37,3.21,4.76,6.88,5.35,0,0,2020
3227,2020,Botosani,Colegiul Tehnic Gheorghe Sincai,Urban,F,7.99,7.29,6.79,9.41,7.52,7.56,1,0,2020
3228,2020,Bihor,Liceul Tehnologic Ioan Slavici,Urban,F,8.05,8.47,3.25,10.0,5.1,6.59,0,0,2020
3229,2020,Suceava,Liceul Tehnologic Ion Barbu,Rural,F,8.51,7.89,3.62,8.42,7.4,6.68,0,0,2020
3230,2020,Ialomita,Liceul Sportiv George Cosbuc,Urban,F,10.0,7.35,5.97,6.32,3.86,6.52,0,0,2020
3231,2020,Suceava,Scoala Nationala Mircea cel Batran,Urban,M,8.49,8.21,6.75,8.46,6.71,7.61,1,0,2020
3232,2020,Satu Mare,Liceul Pedagogic George Cosbuc,Urban,M,8.25,7.72,9.34,7.5,7.12,8.14,1,0,2020
3233,2020,Bacau,Liceul Pedagogic Unirea,Urban,F,6.7,9.6,9.97,6.72,6.88,8.58,1,0,2020
3234,2020,Mehedinti,Scoala Nationala Grigore Moisil,Urban,M,8.07,6.13,8.67,5.86,7.98,7.32,1,0,2020
3235,2020,Hunedoara,Colegiul Economic Stefan cel Mare,Urban,M,7.76,5.78,6.7,8.69,7.16,6.9,1,0,2020
3236,2020,Alba,Colegiul Tehnic Tudor Vladimirescu,Rural,M,7.26,4.65,8.12,8.48,3.31,6.33,0,0,2020
3237,2020,Bacau,Colegiul Economic Ioan Slavici,Urban,F,9.58,9.09,7.47,6.25,10.0,8.36,1,0,2020
3238,2020,Mures,Scoala Nationala Dimitrie Cantemir,Urban,M,7.97,6.08,7.79,6.84,3.25,6.47,0,0,2020
3239,2020,Suceava,Liceul de Arte Ana Ipatescu,Rural,F,7.98,8.07,5.51,9.45,9.95,7.78,1,0,2020
3240,2020,Botosani,Liceul Pedagogic Mihai Eminescu,Rural,F,7.28,6.59,7.45,5.23,8.58,7.01,1,0,2020
3241,2020,Maramures,Colegiul Economic Emil Racovita,Urban,F,7.04,8.78,8.91,8.29,6.14,8.18,1,0,2020
3242,2020,Braila,Colegiul Economic Marin Preda,Urban,F,8.02,8.95,7.84,7.95,8.31,8.28,1,0,2020
3243,2020,Botosani,Liceul Pedagogic George Cosbuc,Urban,M,8.11,5.41,7.31,7.62,8.1,6.98,1,0,2020
3244,2020,Satu Mare,Colegiul Tehnic Stefan cel Mare,Rural,F,7.34,8.1,5.9,10.0,8.01,7.64,1,0,2020
3245,2020,Teleorman,Liceul de Arte Ion Barbu,Rural,F,4.9,8.04,4.54,8.25,8.19,6.73,0,0,2020
3246,2020,Olt,Liceul Pedagogic Emil Racovita,Urban,F,6.98,4.9,4.92,6.72,10.0,6.15,0,0,2020
3247,2020,Sibiu,Liceul de Arte Spiru Haret,Rural,F,7.65,6.42,4.83,8.07,10.0,6.85,0,1,2020
3248,2020,Teleorman,Liceul Pedagogic Spiru Haret,Urban,M,10.0,9.05,8.56,8.61,6.91,8.61,1,0,2020
3249,2020,Giurgiu,Liceul Teoretic Ion Barbu,Rural,F,5.78,8.43,4.39,7.12,5.0,6.24,0,0,2020
3250,2020,Tulcea,Liceul Tehnologic Traian,Rural,F,9.66,7.58,6.91,7.63,6.07,7.37,1,0,2020
3251,2020,Covasna,Liceul Pedagogic Lucian Blaga,Urban,M,7.37,7.06,6.61,7.09,8.31,7.15,1,0,2020
3252,2020,Iasi,Liceul Pedagogic Ion Luca Caragiale,Rural,F,7.25,6.8,4.9,4.5,6.71,5.92,0,0,2020
3253,2020,Salaj,Colegiul National Ana Ipatescu,Rural,M,7.81,7.73,7.39,6.66,7.83,7.49,1,0,2020
3254,2020,Bucuresti,Colegiul Economic Mihai Eminescu,Rural,F,8.96,8.69,6.54,8.2,8.5,7.97,1,0,2020
3255,2020,Vrancea,Colegiul National Emil Racovita,Urban,F,6.94,6.47,8.45,5.0,7.65,7.07,1,0,2020
3256,2020,Bistrita-Nasaud,Liceul Tehnologic Lucian Blaga,Urban,M,9.0,6.47,5.0,8.24,7.18,6.65,1,0,2020
3257,2020,Vrancea,Liceul Pedagogic Ioan Slavici,Rural,F,9.64,7.94,6.64,8.21,10.0,8.07,1,0,2020
3258,2020,Botosani,Liceul Pedagogic Traian,Urban,F,8.19,6.83,9.95,7.85,10.0,8.53,1,0,2020
3259,2020,Ilfov,Liceul Pedagogic George Cosbuc,Rural,M,8.33,7.72,6.12,8.87,5.42,7.13,1,0,2020
3260,2020,Neamt,Liceul Tehnologic Stefan cel Mare,Rural,M,8.72,6.48,5.55,9.64,8.31,7.17,1,0,2020
3261,2020,Suceava,Scoala Nationala Grigore Moisil,Rural,F,7.21,8.54,5.84,6.18,6.42,6.92,1,0,2020
3262,2020,Sibiu,Liceul Tehnologic Alexandru Ioan Cuza,Rural,F,5.94,6.34,3.2,4.47,6.3,5.07,0,0,2020
3263,2020,Arad,Liceul Pedagogic Avram Iancu,Rural,F,10.0,7.41,9.75,7.54,8.06,8.49,1,0,2020
3264,2020,Satu Mare,Liceul Sportiv Stefan cel Mare,Urban,F,7.43,10.0,7.07,7.71,6.06,7.93,1,0,2020
3265,2020,Maramures,Liceul Teoretic Marin Preda,Urban,M,9.44,10.0,8.61,10.0,9.16,9.4,1,0,2020
3266,2020,Suceava,Scoala Nationala Ion Luca Caragiale,Rural,M,8.33,7.94,6.16,6.46,10.0,7.53,1,0,2020
3267,2020,Buzau,Liceul Pedagogic Dimitrie Cantemir,Rural,M,8.76,8.51,10.0,8.02,4.86,8.36,0,0,2020
3268,2020,Arad,Liceul Sportiv Spiru Haret,Rural,M,7.92,8.48,7.0,8.81,10.0,8.26,1,0,2020
3269,2020,Satu Mare,Colegiul National Ioan Slavici,Urban,M,7.4,10.0,6.65,8.81,4.9,7.79,0,0,2020
3270,2020,Bacau,Colegiul Economic Lucian Blaga,Urban,M,9.06,9.65,6.31,5.07,7.83,7.63,1,0,2020
3271,2020,Teleorman,Scoala Nationala Gheorghe Sincai,Rural,F,4.38,5.73,6.02,10.0,7.04,6.52,0,0,2020
3272,2020,Vaslui,Liceul Sportiv Dimitrie Cantemir,Urban,F,7.8,6.89,5.63,7.5,7.19,6.74,1,0,2020
3273,2020,Hunedoara,Scoala Nationala Traian,Urban,F,8.51,7.52,7.33,8.95,7.67,7.8,1,0,2020
3274,2020,Arges,Liceul Teoretic Marin Preda,Rural,M,6.91,3.26,3.96,10.0,3.38,4.86,0,0,2020
3275,2020,Valcea,Colegiul Economic Avram Iancu,Urban,M,7.25,7.35,6.87,6.1,8.44,7.17,1,0,2020
3276,2020,Timis,Colegiul Economic Stefan cel Mare,Urban,F,8.9,7.85,7.26,9.36,8.07,8.04,1,0,2020
3277,2020,Buzau,Liceul Tehnologic Alexandru Ioan Cuza,Rural,M,5.62,7.44,9.84,8.36,9.18,8.38,1,0,2020
3278,2020,Cluj,Colegiul National Mircea cel Batran,Urban,M,6.59,8.37,3.8,6.8,10.0,6.83,0,0,2020
3279,2020,Timis,Scoala Nationala Ion Luca Caragiale,Rural,M,6.13,8.62,7.83,8.54,3.87,7.41,0,0,2020
3280,2020,Botosani,Liceul Sportiv Mihai Eminescu,Urban,F,8.34,6.72,8.49,4.39,7.66,7.2,0,0,2020
3281,2020,Valcea,Liceul Tehnologic Alexandru Ioan Cuza,Urban,F,8.46,7.49,6.8,5.84,8.89,7.34,1,0,2020
3282,2020,Buzau,Colegiul Tehnic Alexandru Ioan Cuza,Urban,F,8.31,7.06,8.17,8.12,7.41,7.73,1,0,2020
3283,2020,Sibiu,Liceul Sportiv Regina Maria,Rural,M,8.59,7.45,7.33,9.17,8.64,7.96,1,0,2020
3284,2020,Hunedoara,Colegiul Economic Grigore Moisil,Urban,F,8.24,9.05,6.19,7.26,10.0,7.99,1,0,2020
3285,2020,Dambovita,Liceul Sportiv Mihai Eminescu,Rural,F,6.95,5.03,7.15,6.4,4.23,5.94,0,0,2020
3286,2020,Botosani,Colegiul Tehnic Vasile Alecsandri,Rural,M,7.93,8.55,9.07,10.0,8.92,8.92,1,0,2020
3287,2020,Ialomita,Liceul Sportiv Bogdan Voda,Rural,M,7.88,4.53,5.28,7.41,4.75,5.56,0,0,2020
3288,2020,Bistrita-Nasaud,Colegiul Tehnic Ion Luca Caragiale,Urban,M,9.41,5.25,8.46,6.73,8.34,7.31,1,0,2020
3289,2020,Giurgiu,Scoala Nationala Stefan cel Mare,Urban,F,6.54,10.0,5.0,8.83,7.26,7.57,1,0,2020
3290,2020,Bihor,Colegiul National Mircea cel Batran,Urban,F,10.0,4.08,4.4,9.81,8.9,6.35,0,0,2020
3291,2020,Dambovita,Colegiul Tehnic Tudor Vladimirescu,Rural,M,5.32,9.89,5.44,5.68,8.69,7.29,1,0,2020
3292,2020,Hunedoara,Scoala Nationala Decebal,Rural,F,7.06,6.41,5.69,8.26,5.86,6.45,1,0,2020
3293,2020,Arges,Liceul Sportiv Traian,Urban,F,9.28,5.92,9.66,8.25,8.36,8.09,1,0,2020
3294,2020,Buzau,Liceul Pedagogic Marin Preda,Urban,M,9.06,8.08,6.46,9.38,9.24,8.06,1,0,2020
3295,2020,Gorj,Liceul Pedagogic Mihai Eminescu,Urban,M,9.28,9.09,6.02,7.02,4.79,7.23,0,0,2020
3296,2020,Neamt,Colegiul National George Cosbuc,Rural,F,9.9,7.21,6.35,7.27,8.8,7.47,1,0,2020
3297,2020,Braila,Scoala Nationala Bogdan Voda,Rural,F,8.12,7.92,8.15,7.17,6.62,7.7,1,0,2020
3298,2020,Brasov,Liceul Tehnologic Decebal,Urban,M,7.28,5.35,9.24,9.14,4.82,7.2,0,0,2020
3299,2020,Olt,Colegiul Tehnic Elena Cuza,Urban,F,8.73,5.4,8.27,6.35,7.65,7.07,1,0,2020
3300,2020,Tulcea,Liceul Pedagogic Mircea cel Batran,Rural,F,9.33,10.0,7.66,10.0,9.93,9.22,1,0,2020
3301,2020,Dambovita,Liceul de Arte George Cosbuc,Urban,F,6.95,8.05,8.3,6.29,8.75,7.86,1,0,2020
3302,2020,Bucuresti,Colegiul Economic Mihai Eminescu,Rural,M,7.99,7.88,4.77,6.84,6.53,6.6,0,0,2020
3303,2020,Harghita,Liceul Pedagogic Tudor Vladimirescu,Urban,F,8.98,8.99,8.84,9.03,7.89,8.78,1,0,2020
3304,2020,Brasov,Liceul Pedagogic Mircea cel Batran,Urban,M,9.37,8.92,10.0,7.26,8.76,9.02,1,0,2020
3305,2020,Bucuresti,Liceul Teoretic Dimitrie Cantemir,Urban,M,8.05,6.89,7.82,7.1,8.22,7.52,1,0,2020
3306,2020,Alba,Liceul Teoretic Ion Luca Caragiale,Urban,M,7.29,8.99,5.7,5.89,7.41,7.13,1,0,2020
3307,2020,Mehedinti,Liceul Pedagogic Ana Ipatescu,Urban,F,6.14,4.47,2.96,6.05,2.98,4.2,0,0,2020
3308,2020,Giurgiu,Liceul Pedagogic Ion Barbu,Rural,F,5.3,4.63,7.16,5.65,4.09,5.53,0,0,2020
3309,2020,Olt,Liceul Tehnologic Traian,Urban,M,8.22,9.07,7.33,5.93,5.0,7.38,1,0,2020
3310,2020,Bucuresti,Colegiul National Emil Racovita,Rural,M,10.0,6.45,7.01,7.98,7.4,7.35,1,0,2020
3311,2020,Bucuresti,Colegiul Economic Elena Cuza,Urban,M,8.91,4.54,4.5,9.13,8.38,6.23,0,1,2020
3312,2020,Mures,Colegiul Economic Dimitrie Cantemir,Urban,F,10.0,10.0,7.71,8.16,8.95,8.88,1,0,2020
3313,2020,Bihor,Colegiul Tehnic Gheorghe Sincai,Urban,M,7.9,7.69,7.33,9.42,7.66,7.86,1,0,2020
3314,2020,Arges,Colegiul Tehnic Gheorghe Sincai,Urban,M,7.64,8.24,7.18,8.0,7.29,7.68,1,0,2020
3315,2020,Teleorman,Liceul Sportiv Dimitrie Cantemir,Urban,M,7.65,8.77,8.17,7.32,9.12,8.31,1,0,2020
3316,2020,Mures,Liceul Sportiv Grigore Moisil,Urban,M,4.78,2.84,7.65,7.37,5.4,5.54,0,1,2020
3317,2020,Bucuresti,Liceul Pedagogic Mihai Eminescu,Urban,M,8.45,8.35,7.6,9.62,7.15,8.15,1,0,2020
3318,2020,Covasna,Liceul Pedagogic Grigore Moisil,Urban,M,7.6,10.0,8.76,7.22,8.09,8.68,1,0,2020
3319,2020,Ilfov,Colegiul Economic Ion Barbu,Urban,F,9.19,7.31,8.65,5.42,5.8,7.39,1,0,2020
3320,2020,Timis,Colegiul Tehnic George Cosbuc,Urban,F,9.27,10.0,5.79,8.12,7.74,8.04,1,0,2020
3321,2020,Iasi,Liceul de Arte Marin Preda,Rural,M,7.32,3.8,6.65,5.6,9.03,6.06,0,0,2020
3322,2020,Salaj,Liceul Teoretic Octavian Goga,Rural,F,6.48,10.0,5.34,6.98,3.31,6.79,0,0,2020
3323,2020,Hunedoara,Liceul de Arte George Cosbuc,Urban,F,9.99,5.48,7.45,5.55,9.88,7.19,1,0,2020
3324,2020,Covasna,Liceul Pedagogic Regina Maria,Rural,M,4.23,4.49,2.39,5.98,5.53,4.21,0,0,2020
3325,2020,Mehedinti,Colegiul Tehnic Unirea,Urban,F,6.93,10.0,5.78,7.96,7.61,7.76,1,0,2020
3326,2020,Satu Mare,Liceul de Arte Gheorghe Sincai,Rural,M,9.61,10.0,10.0,7.07,6.97,9.07,1,0,2020
3327,2020,Bistrita-Nasaud,Colegiul Tehnic Ioan Slavici,Urban,F,8.4,6.48,9.8,6.91,5.44,7.58,1,0,2020
3328,2020,Brasov,Scoala Nationala Constantin Brancusi,Urban,M,8.63,8.95,7.91,7.4,7.33,8.13,1,0,2020
3329,2020,Hunedoara,Liceul Pedagogic Mihai Eminescu,Urban,F,7.59,7.88,8.01,8.67,7.64,7.97,1,0,2020
3330,2020,Gorj,Liceul Teoretic Ion Luca Caragiale,Urban,F,7.6,8.38,8.46,8.74,8.93,8.46,1,0,2020
3331,2020,Suceava,Scoala Nationala Mihai Viteazul,Rural,F,6.89,3.9,7.67,6.33,6.29,6.05,0,0,2020
3332,2020,Vaslui,Colegiul Tehnic Dimitrie Cantemir,Urban,F,9.51,9.33,7.66,9.28,6.51,8.42,1,0,2020
3333,2020,Mures,Liceul Sportiv Emil Racovita,Urban,F,6.91,7.87,9.49,6.84,7.12,7.99,1,0,2020
3334,2020,Timis,Scoala Nationala Lucian Blaga,Urban,F,6.52,7.9,8.65,6.85,6.15,7.57,1,0,2020
3335,2020,Braila,Scoala Nationala Mircea cel Batran,Urban,F,7.02,5.01,3.49,4.9,4.61,4.68,0,0,2020
3336,2020,Vaslui,Liceul Teoretic Marin Preda,Rural,F,6.0,3.43,4.31,3.48,6.52,4.42,0,0,2020
3337,2020,Alba,Liceul Tehnologic Ion Luca Caragiale,Urban,F,9.02,9.92,6.07,7.21,7.9,7.97,1,0,2020
3338,2020,Ialomita,Colegiul National Bogdan Voda,Rural,M,9.49,5.43,7.12,8.83,8.09,7.25,1,0,2020
3339,2020,Braila,Liceul Tehnologic Mihai Eminescu,Urban,M,9.05,8.53,5.66,10.0,7.25,7.75,1,0,2020
3340,2020,Satu Mare,Liceul Tehnologic Mihai Eminescu,Urban,F,9.14,8.0,6.63,6.99,6.86,7.38,1,0,2020
3341,2020,Mehedinti,Scoala Nationala Ioan Slavici,Urban,F,10.0,6.35,7.28,8.93,8.81,7.75,1,0,2020
3342,2020,Braila,Liceul Tehnologic Avram Iancu,Urban,F,8.01,6.96,8.11,10.0,7.35,7.92,1,0,2020
3343,2020,Bacau,Colegiul National Grigore Moisil,Urban,F,3.91,5.5,7.76,8.31,5.29,6.41,0,1,2020
3344,2020,Galati,Colegiul Tehnic Alexandru Ioan Cuza,Urban,F,9.53,7.93,7.05,5.25,10.0,7.73,1,0,2020
3345,2020,Ilfov,Colegiul Tehnic Avram Iancu,Urban,F,7.39,8.31,5.46,9.41,6.02,7.18,1,0,2020
3346,2020,Valcea,Liceul Pedagogic Lucian Blaga,Urban,M,8.53,6.69,7.61,6.07,6.04,6.96,1,0,2020
3347,2020,Harghita,Liceul Pedagogic Decebal,Urban,F,8.25,7.04,7.78,8.54,8.34,7.8,1,0,2020
3348,2020,Alba,Colegiul Tehnic Gheorghe Sincai,Urban,M,7.57,9.31,5.77,7.21,6.89,7.4,1,0,2020
3349,2020,Bacau,Colegiul Economic Onisifor Ghibu,Rural,M,8.85,10.0,5.95,6.2,8.83,7.92,1,0,2020
3350,2020,Satu Mare,Scoala Nationala Mircea cel Batran,Rural,M,7.78,5.9,8.04,1.0,4.76,5.82,0,0,2020
3351,2020,Dambovita,Liceul Tehnologic Tudor Vladimirescu,Urban,M,8.68,5.54,6.23,8.9,9.47,7.15,1,0,2020
3352,2020,Ialomita,Colegiul Economic Avram Iancu,Urban,F,7.9,7.69,8.66,10.0,8.32,8.44,1,0,2020
3353,2020,Dolj,Colegiul Economic Dimitrie Cantemir,Rural,F,7.67,7.42,8.13,9.86,5.0,7.66,1,0,2020
3354,2020,Giurgiu,Colegiul Economic Grigore Moisil,Urban,M,7.64,7.88,7.06,8.92,8.18,7.81,1,0,2020
3355,2020,Ilfov,Liceul Pedagogic Regina Maria,Urban,M,9.08,5.4,7.65,6.62,7.67,6.97,1,0,2020
3356,2020,Neamt,Scoala Nationala Unirea,Rural,M,8.34,3.44,5.59,8.15,2.69,5.17,0,0,2020
3357,2020,Mures,Scoala Nationala Ana Ipatescu,Urban,M,7.51,5.99,7.09,5.84,9.51,6.98,1,0,2020
3358,2020,Dolj,Colegiul Economic Mihai Viteazul,Urban,F,1.38,10.0,4.96,9.01,7.64,7.12,0,0,2020
3359,2020,Ialomita,Colegiul Economic Stefan cel Mare,Urban,F,6.3,9.79,3.2,10.0,5.97,6.92,0,0,2020
3360,2020,Dambovita,Colegiul Economic Traian,Urban,F,9.81,6.45,7.88,9.57,9.5,8.14,1,0,2020
3361,2020,Neamt,Liceul Teoretic Tudor Vladimirescu,Urban,M,6.45,8.95,5.0,4.24,3.78,6.03,0,0,2020
3362,2020,Satu Mare,Scoala Nationala Emil Racovita,Urban,F,7.64,8.97,8.03,7.99,8.32,8.31,1,0,2020
3363,2020,Mures,Scoala Nationala George Cosbuc,Urban,M,9.39,8.39,8.01,8.18,7.81,8.26,1,0,2020
3364,2020,Sibiu,Colegiul Tehnic Mihai Eminescu,Rural,M,8.14,7.6,8.98,8.2,7.41,8.13,1,0,2020
3365,2020,Covasna,Liceul Tehnologic Onisifor Ghibu,Urban,F,4.9,5.98,5.01,7.7,5.24,5.73,0,0,2020
3366,2020,Giurgiu,Scoala Nationala Ana Ipatescu,Urban,F,9.06,8.11,6.29,8.79,6.5,7.52,1,0,2020
3367,2020,Braila,Liceul Tehnologic Vasile Alecsandri,Urban,F,6.59,9.14,6.87,6.04,6.25,7.31,1,0,2020
3368,2020,Constanta,Colegiul Economic Avram Iancu,Urban,F,6.57,10.0,6.21,10.0,8.3,8.26,1,0,2020
3369,2020,Giurgiu,Liceul Tehnologic Tudor Vladimirescu,Rural,M,8.76,1.41,3.01,4.4,2.34,3.21,0,0,2020
3370,2020,Covasna,Liceul Tehnologic Spiru Haret,Rural,F,7.6,4.42,5.56,8.03,2.19,5.29,0,0,2020
3371,2020,Vaslui,Liceul Pedagogic Ion Luca Caragiale,Rural,F,4.22,5.73,5.65,6.39,8.18,6.02,0,0,2020
3372,2020,Cluj,Liceul Pedagogic Unirea,Rural,M,8.21,6.2,8.03,8.24,9.32,7.72,1,0,2020
3373,2020,Vrancea,Scoala Nationala Alexandru Ioan Cuza,Urban,M,2.76,6.4,8.78,7.55,8.31,7.21,0,1,2020
3374,2020,Arges,Colegiul National Vasile Alecsandri,Urban,F,8.07,9.35,5.44,9.38,5.76,7.52,1,0,2020
3375,2020,Dolj,Liceul Teoretic Stefan cel Mare,Urban,F,8.7,7.34,6.26,9.73,7.13,7.48,1,0,2020
3376,2020,Giurgiu,Colegiul Economic Ion Barbu,Rural,F,5.94,8.19,5.13,5.88,5.76,6.34,1,0,2020
3377,2020,Giurgiu,Scoala Nationala Emil Racovita,Urban,F,2.92,6.25,4.41,8.88,5.88,5.7,0,1,2020
3378,2020,Bihor,Liceul Teoretic Gheorghe Sincai,Rural,F,7.79,7.04,3.63,3.77,7.48,5.67,0,0,2020
3379,2020,Alba,Liceul Teoretic Onisifor Ghibu,Rural,M,8.87,8.51,5.81,9.0,10.0,8.03,1,0,2020
3380,2020,Harghita,Colegiul National Ioan Slavici,Rural,M,6.59,7.78,1.0,4.11,6.58,4.9,0,0,2020
3381,2020,Mures,Scoala Nationala Nicolae Balcescu,Rural,M,5.49,10.0,6.92,8.34,2.0,7.18,0,0,2020
3382,2020,Valcea,Colegiul Tehnic Gheorghe Sincai,Urban,F,7.81,7.46,9.59,8.34,10.0,8.65,1,0,2020
3383,2020,Ialomita,Colegiul National Stefan cel Mare,Urban,F,10.0,6.62,7.14,7.24,8.85,7.54,1,0,2020
3384,2020,Bihor,Liceul Teoretic Mihai Viteazul,Urban,M,10.0,7.69,10.0,7.49,7.81,8.6,1,0,2020
3385,2020,Botosani,Liceul de Arte Emil Racovita,Urban,M,8.06,9.2,6.66,8.59,8.91,8.19,1,0,2020
3386,2020,Bistrita-Nasaud,Liceul Teoretic Unirea,Rural,F,5.69,2.94,2.61,8.39,4.46,4.16,0,0,2020
3387,2020,Arad,Colegiul National Avram Iancu,Rural,F,7.74,5.81,7.41,6.06,10.0,7.15,1,0,2020
3388,2020,Bistrita-Nasaud,Liceul Sportiv Grigore Moisil,Urban,F,10.0,7.23,6.5,10.0,7.89,7.8,1,0,2020
3389,2020,Hunedoara,Colegiul Tehnic Dimitrie Cantemir,Urban,F,6.24,9.58,5.24,9.6,7.04,7.57,1,0,2020
3390,2020,Sibiu,Colegiul Tehnic Decebal,Urban,F,9.41,7.7,7.47,8.57,7.44,7.89,1,0,2020
3391,2020,Timis,Liceul Sportiv Octavian Goga,Rural,F,10.0,7.07,8.0,7.93,5.83,7.58,1,0,2020
3392,2020,Brasov,Liceul Pedagogic Avram Iancu,Rural,F,9.19,7.8,8.03,8.94,7.44,8.12,1,0,2020
3393,2020,Buzau,Colegiul Tehnic George Cosbuc,Urban,F,4.51,10.0,1.97,6.6,5.32,5.83,0,1,2020
3394,2020,Mures,Colegiul Economic George Cosbuc,Urban,F,10.0,8.18,10.0,6.27,8.09,8.61,1,0,2020
3395,2020,Galati,Liceul Tehnologic Onisifor Ghibu,Rural,F,5.12,4.13,4.72,5.92,8.42,5.32,0,0,2020
3396,2020,Bihor,Liceul Teoretic Regina Maria,Urban,M,8.36,7.4,7.54,8.56,9.57,8.04,1,0,2020
3397,2020,Vaslui,Scoala Nationala Regina Maria,Urban,M,5.12,8.61,6.64,8.52,1.93,6.65,0,0,2020
3398,2020,Valcea,Colegiul Tehnic Nicolae Balcescu,Urban,M,7.53,7.8,9.35,8.24,7.42,8.25,1,0,2020
3399,2020,Botosani,Colegiul Economic Constantin Brancusi,Urban,M,10.0,9.65,8.43,7.39,8.56,8.82,1,0,2020
3400,2020,Mehedinti,Liceul Tehnologic Grigore Moisil,Urban,F,5.07,5.62,6.98,9.14,6.01,6.56,1,0,2020
3401,2021,Bistrita-Nasaud,Liceul de Arte Tudor Vladimirescu,Urban,F,8.29,9.53,9.26,9.09,8.8,9.15,1,0,2021
3402,2021,Galati,Colegiul National George Cosbuc,Urban,F,8.99,4.85,5.08,10.0,7.74,6.54,0,1,2021
3403,2021,Giurgiu,Colegiul Economic Ion Luca Caragiale,Urban,F,8.7,4.91,7.58,4.79,3.44,5.85,0,0,2021
3404,2021,Cluj,Liceul Teoretic Ana Ipatescu,Urban,M,8.62,9.58,9.55,6.87,10.0,9.13,1,0,2021
3405,2021,Bucuresti,Colegiul National Bogdan Voda,Rural,F,8.4,8.65,8.04,8.23,7.73,8.24,1,0,2021
3406,2021,Botosani,Colegiul Economic Avram Iancu,Urban,M,7.5,8.1,3.86,3.21,9.09,6.18,0,1,2021
3407,2021,Brasov,Colegiul Tehnic Ioan Slavici,Urban,M,8.54,8.05,8.46,6.25,7.56,7.88,1,0,2021
3408,2021,Cluj,Liceul Pedagogic Mihai Viteazul,Urban,F,5.91,1.85,1.56,8.23,5.76,3.71,0,1,2021
3409,2021,Iasi,Colegiul National Gheorghe Sincai,Rural,M,7.26,7.36,5.1,10.0,5.82,6.84,1,0,2021
3410,2021,Timis,Liceul de Arte Ana Ipatescu,Urban,M,9.74,8.33,7.4,6.45,7.7,7.82,1,0,2021
3411,2021,Brasov,Liceul de Arte Stefan cel Mare,Rural,F,6.48,10.0,7.12,10.0,8.08,8.5,0,1,2021
3412,2021,Olt,Liceul Tehnologic Regina Maria,Rural,F,7.0,4.36,6.04,6.38,6.21,5.71,0,0,2021
3413,2021,Neamt,Liceul de Arte Mihai Viteazul,Urban,M,8.38,5.92,8.85,8.72,8.73,7.89,1,0,2021
3414,2021,Arges,Liceul Tehnologic Regina Maria,Urban,F,7.55,6.26,5.0,7.24,6.97,6.26,1,0,2021
3415,2021,Bihor,Liceul de Arte Alexandru Ioan Cuza,Urban,F,7.74,9.51,9.92,8.84,5.7,8.78,1,0,2021
3416,2021,Vrancea,Scoala Nationala Onisifor Ghibu,Urban,M,9.96,6.23,10.0,10.0,6.81,8.39,1,0,2021
3417,2021,Galati,Liceul Pedagogic Spiru Haret,Urban,M,2.73,7.35,5.82,6.52,4.02,5.8,0,0,2021
3418,2021,Cluj,Colegiul Tehnic Mihai Eminescu,Urban,F,6.78,7.99,8.28,8.46,7.62,7.97,1,0,2021
3419,2021,Iasi,Colegiul National Bogdan Voda,Urban,M,7.4,9.99,7.99,8.24,3.91,7.96,0,0,2021
3420,2021,Vaslui,Liceul Sportiv Gheorghe Sincai,Rural,M,7.38,6.09,5.24,3.53,4.22,5.3,0,0,2021
3421,2021,Mehedinti,Scoala Nationala Lucian Blaga,Urban,F,7.5,9.01,4.96,6.52,10.0,7.42,0,0,2021
3422,2021,Ilfov,Scoala Nationala Onisifor Ghibu,Urban,F,7.18,7.15,7.3,10.0,8.03,7.76,1,0,2021
3423,2021,Tulcea,Colegiul Economic Unirea,Rural,F,8.48,8.14,4.2,7.64,9.69,7.15,0,0,2021
3424,2021,Iasi,Colegiul Economic Mihai Eminescu,Rural,F,8.0,7.97,6.49,7.65,7.94,7.48,1,0,2021
3425,2021,Bacau,Liceul Sportiv Onisifor Ghibu,Urban,F,6.67,8.29,7.41,8.73,9.29,8.08,1,0,2021
3426,2021,Olt,Liceul Sportiv Dimitrie Cantemir,Rural,F,8.36,8.0,7.81,9.65,10.0,8.53,1,0,2021
3427,2021,Dambovita,Scoala Nationala Nicolae Balcescu,Urban,M,9.01,7.64,5.53,8.39,8.32,7.36,1,0,2021
3428,2021,Dambovita,Colegiul Economic Decebal,Rural,F,7.58,8.09,6.81,5.76,3.9,6.68,0,0,2021
3429,2021,Mehedinti,Liceul Sportiv Grigore Moisil,Urban,F,8.42,9.16,5.0,8.06,9.85,7.78,1,0,2021
3430,2021,Alba,Liceul Tehnologic Ana Ipatescu,Urban,M,8.77,6.59,8.39,6.46,6.34,7.29,1,0,2021
3431,2021,Covasna,Liceul Teoretic Constantin Brancusi,Urban,F,9.56,9.99,9.97,9.05,7.84,9.48,0,1,2021
3432,2021,Ialomita,Liceul Teoretic Lucian Blaga,Urban,M,7.87,6.66,10.0,9.3,9.73,8.64,1,0,2021
3433,2021,Hunedoara,Colegiul National Tudor Vladimirescu,Urban,M,9.43,8.16,5.0,7.72,8.06,7.26,1,0,2021
3434,2021,Salaj,Liceul Tehnologic Marin Preda,Urban,F,6.42,7.83,7.51,9.03,7.9,7.78,1,0,2021
3435,2021,Dolj,Liceul de Arte Bogdan Voda,Rural,F,4.69,6.96,4.97,10.0,7.32,6.65,0,0,2021
3436,2021,Dambovita,Liceul Tehnologic Ion Luca Caragiale,Rural,F,7.71,7.34,6.9,7.57,8.44,7.44,1,0,2021
3437,2021,Arges,Colegiul Economic Tudor Vladimirescu,Urban,M,7.84,7.61,8.9,10.0,7.29,8.33,1,0,2021
3438,2021,Vrancea,Liceul Pedagogic Avram Iancu,Rural,F,7.41,4.56,6.51,8.09,6.65,6.27,0,0,2021
3439,2021,Arad,Liceul Tehnologic Ana Ipatescu,Urban,F,7.22,6.22,7.15,7.28,8.63,7.12,1,0,2021
3440,2021,Dolj,Colegiul Tehnic Mihai Viteazul,Urban,M,7.61,8.18,4.07,7.44,5.74,6.41,0,0,2021
3441,2021,Mehedinti,Colegiul National Stefan cel Mare,Urban,F,6.27,7.4,6.55,9.32,6.84,7.24,1,0,2021
3442,2021,Dambovita,Liceul de Arte Mihai Eminescu,Urban,F,9.06,8.21,7.43,8.82,10.0,8.42,1,0,2021
3443,2021,Arges,Colegiul Tehnic Mircea cel Batran,Urban,M,7.33,3.97,3.59,7.95,8.81,5.52,0,1,2021
3444,2021,Dambovita,Colegiul National Nicolae Balcescu,Urban,F,8.79,8.17,8.68,7.08,7.52,8.12,1,0,2021
3445,2021,Cluj,Colegiul Economic Ioan Slavici,Rural,M,7.08,9.5,5.42,10.0,8.01,7.89,1,0,2021
3446,2021,Ialomita,Liceul Sportiv George Cosbuc,Urban,M,9.37,8.05,7.01,8.51,7.94,7.92,1,0,2021
3447,2021,Ilfov,Liceul Sportiv Unirea,Urban,M,6.84,8.43,5.87,6.82,6.55,6.98,0,1,2021
3448,2021,Buzau,Colegiul Tehnic Ioan Slavici,Urban,F,4.2,6.05,7.7,4.9,4.69,5.98,0,0,2021
3449,2021,Bucuresti,Liceul Teoretic Octavian Goga,Urban,M,7.18,7.4,10.0,5.54,8.58,8.06,1,0,2021
3450,2021,Gorj,Colegiul National Emil Racovita,Urban,F,8.17,9.06,6.13,10.0,7.48,8.0,1,0,2021
3451,2021,Iasi,Liceul Teoretic Bogdan Voda,Urban,M,8.39,5.98,6.72,8.08,6.85,6.89,1,0,2021
3452,2021,Salaj,Colegiul National Marin Preda,Urban,F,8.61,5.85,9.68,10.0,8.22,8.25,1,0,2021
3453,2021,Satu Mare,Colegiul National Emil Racovita,Rural,M,6.34,8.91,9.55,4.1,4.39,7.45,0,0,2021
3454,2021,Hunedoara,Colegiul National Ioan Slavici,Urban,F,7.95,6.33,9.45,9.22,9.53,8.34,1,0,2021
3455,2021,Bihor,Liceul Sportiv Mihai Eminescu,Rural,F,8.19,7.94,6.15,9.61,7.98,7.68,1,0,2021
3456,2021,Satu Mare,Liceul Tehnologic Stefan cel Mare,Rural,F,8.13,5.62,4.46,6.03,7.07,5.8,0,0,2021
3457,2021,Vaslui,Scoala Nationala Spiru Haret,Urban,M,7.56,7.65,7.8,8.05,5.86,7.48,1,0,2021
3458,2021,Sibiu,Liceul Teoretic Octavian Goga,Urban,F,7.83,8.43,9.88,9.6,9.43,9.13,1,0,2021
3459,2021,Valcea,Colegiul Tehnic Constantin Brancusi,Urban,F,5.64,3.4,9.7,8.01,7.98,6.89,0,1,2021
3460,2021,Dolj,Liceul Tehnologic Grigore Moisil,Urban,M,9.69,5.4,5.45,9.12,8.34,6.84,1,0,2021
3461,2021,Bihor,Scoala Nationala Grigore Moisil,Urban,F,7.73,8.14,6.14,8.05,5.0,7.01,1,0,2021
3462,2021,Vrancea,Scoala Nationala Elena Cuza,Urban,M,7.51,10.0,8.87,8.51,7.94,8.88,1,0,2021
3463,2021,Salaj,Colegiul Economic Lucian Blaga,Rural,F,6.83,7.99,6.27,6.58,4.91,6.68,0,0,2021
3464,2021,Ialomita,Liceul Teoretic Vasile Alecsandri,Rural,M,6.92,4.24,5.51,6.67,1.59,4.86,0,0,2021
3465,2021,Arad,Colegiul Economic Tudor Vladimirescu,Rural,M,8.46,8.09,6.7,9.7,5.94,7.63,1,0,2021
3466,2021,Neamt,Liceul de Arte George Cosbuc,Urban,M,9.66,6.59,4.43,6.6,5.02,6.02,0,0,2021
3467,2021,Giurgiu,Colegiul Tehnic Mihai Viteazul,Urban,F,8.7,4.12,9.12,5.61,8.51,6.96,0,0,2021
3468,2021,Mehedinti,Colegiul Economic Gheorghe Sincai,Urban,M,7.63,7.49,5.53,7.8,9.1,7.2,1,0,2021
3469,2021,Sibiu,Liceul Pedagogic Elena Cuza,Urban,F,7.61,5.98,7.88,7.68,6.86,7.1,1,0,2021
3470,2021,Brasov,Colegiul National Dimitrie Cantemir,Urban,F,7.6,7.0,5.76,8.35,8.33,7.09,1,0,2021
3471,2021,Tulcea,Liceul Teoretic Ioan Slavici,Urban,F,6.74,6.79,1.77,4.9,8.28,5.22,0,0,2021
3472,2021,Braila,Liceul Tehnologic Decebal,Rural,M,9.48,3.95,7.55,9.31,3.41,6.31,0,0,2021
3473,2021,Arad,Liceul Pedagogic Grigore Moisil,Rural,M,7.66,8.57,7.48,8.14,10.0,8.3,1,0,2021
3474,2021,Braila,Liceul de Arte Ana Ipatescu,Urban,F,7.06,8.53,6.81,8.33,8.88,7.89,1,0,2021
3475,2021,Buzau,Scoala Nationala Grigore Moisil,Rural,F,10.0,3.45,7.29,8.08,5.24,6.22,0,0,2021
3476,2021,Alba,Liceul Sportiv Grigore Moisil,Urban,F,6.32,5.05,5.09,7.54,9.45,6.22,1,0,2021
3477,2021,Suceava,Colegiul Tehnic Alexandru Ioan Cuza,Urban,M,9.15,5.0,8.58,9.41,5.68,7.25,1,0,2021
3478,2021,Suceava,Liceul Tehnologic Onisifor Ghibu,Urban,F,9.07,10.0,5.63,7.12,8.63,7.96,1,0,2021
3479,2021,Olt,Liceul Pedagogic Lucian Blaga,Rural,M,8.86,6.71,5.72,6.12,8.6,6.82,1,0,2021
3480,2021,Mehedinti,Colegiul Economic Stefan cel Mare,Urban,M,7.64,8.89,6.95,6.78,5.28,7.32,1,0,2021
3481,2021,Dambovita,Scoala Nationala Dimitrie Cantemir,Rural,M,9.1,6.97,9.31,10.0,8.75,8.61,1,0,2021
3482,2021,Brasov,Liceul Tehnologic Mihai Eminescu,Urban,F,7.73,8.26,9.73,9.08,7.81,8.7,1,0,2021
3483,2021,Bacau,Scoala Nationala Regina Maria,Rural,M,8.72,5.06,7.2,9.39,5.49,6.78,1,0,2021
3484,2021,Maramures,Colegiul Tehnic Stefan cel Mare,Rural,M,5.95,8.38,4.93,4.02,6.0,6.09,0,0,2021
3485,2021,Tulcea,Scoala Nationala Decebal,Urban,M,10.0,7.21,6.17,7.8,8.64,7.48,1,0,2021
3486,2021,Bucuresti,Liceul de Arte Mircea cel Batran,Urban,F,6.07,7.19,1.0,6.74,8.93,5.41,0,1,2021
3487,2021,Gorj,Colegiul National Traian,Rural,M,5.94,6.75,4.44,4.87,8.34,5.93,0,0,2021
3488,2021,Giurgiu,Colegiul Tehnic Ioan Slavici,Urban,M,6.68,7.98,6.85,6.89,7.28,7.24,1,0,2021
3489,2021,Ilfov,Colegiul Tehnic Marin Preda,Rural,F,8.88,8.73,7.7,7.55,7.5,8.07,1,0,2021
3490,2021,Alba,Liceul Teoretic Mihai Viteazul,Urban,M,9.81,6.89,7.46,8.16,9.59,7.95,1,0,2021
3491,2021,Suceava,Scoala Nationala Ana Ipatescu,Rural,M,7.84,5.96,5.0,9.28,10.0,6.96,1,0,2021
3492,2021,Suceava,Colegiul National Octavian Goga,Rural,M,8.31,7.95,7.48,7.65,8.2,7.84,1,0,2021
3493,2021,Bihor,Liceul de Arte Tudor Vladimirescu,Urban,F,6.31,5.0,7.68,9.87,6.88,6.95,1,0,2021
3494,2021,Sibiu,Colegiul Tehnic Ion Luca Caragiale,Urban,M,7.83,7.7,10.0,8.54,5.79,8.24,1,0,2021
3495,2021,Botosani,Liceul Sportiv Lucian Blaga,Urban,M,7.05,8.89,7.29,7.2,5.62,7.48,1,0,2021
3496,2021,Bacau,Colegiul Economic Ion Luca Caragiale,Urban,M,6.32,7.28,4.87,5.99,5.94,6.07,0,1,2021
3497,2021,Olt,Liceul Pedagogic Nicolae Balcescu,Urban,M,7.5,8.54,7.84,10.0,8.08,8.38,1,0,2021
3498,2021,Valcea,Liceul Teoretic Tudor Vladimirescu,Urban,M,6.9,5.37,8.2,5.81,8.46,6.9,1,0,2021
3499,2021,Timis,Colegiul Economic George Cosbuc,Rural,F,8.13,7.1,6.68,7.98,6.43,7.11,1,0,2021
3500,2021,Suceava,Colegiul Economic Vasile Alecsandri,Rural,F,7.35,8.59,5.9,7.06,5.61,6.98,1,0,2021
3501,2021,Tulcea,Scoala Nationala Stefan cel Mare,Urban,M,4.9,10.0,4.56,9.28,6.83,7.27,0,0,2021
3502,2021,Satu Mare,Liceul de Arte Traian,Rural,M,8.04,6.6,5.19,8.23,6.44,6.54,1,0,2021
3503,2021,Constanta,Liceul de Arte Dimitrie Cantemir,Urban,M,7.79,10.0,7.01,9.3,6.12,8.19,1,0,2021
3504,2021,Buzau,Colegiul Tehnic Unirea,Urban,F,7.21,7.93,6.41,7.85,8.76,7.51,1,0,2021
3505,2021,Sibiu,Liceul Tehnologic Vasile Alecsandri,Urban,F,7.96,8.34,6.5,5.3,7.38,7.15,1,0,2021
3506,2021,Satu Mare,Scoala Nationala Ion Barbu,Urban,F,8.1,7.32,6.26,8.69,7.0,7.24,1,0,2021
3507,2021,Neamt,Colegiul National Ion Barbu,Urban,F,9.89,4.9,6.62,8.76,5.49,6.58,0,0,2021
3508,2021,Sibiu,Liceul Tehnologic Mihai Viteazul,Urban,F,10.0,9.34,8.88,9.97,8.43,9.23,1,0,2021
3509,2021,Neamt,Liceul de Arte George Cosbuc,Urban,M,8.41,7.05,6.85,10.0,9.38,7.92,1,0,2021
3510,2021,Bacau,Liceul Pedagogic Dimitrie Cantemir,Urban,F,7.79,8.26,8.22,6.69,6.66,7.73,1,0,2021
3511,2021,Dolj,Colegiul National Traian,Urban,M,8.1,6.8,7.9,7.93,6.32,7.36,1,0,2021
3512,2021,Braila,Colegiul Tehnic Traian,Rural,M,4.13,9.4,4.09,7.18,2.57,5.92,0,0,2021
3513,2021,Satu Mare,Liceul Teoretic Vasile Alecsandri,Rural,F,7.08,6.6,5.93,10.0,5.14,6.74,1,0,2021
3514,2021,Braila,Scoala Nationala Regina Maria,Urban,M,8.85,10.0,6.77,8.57,8.78,8.52,1,0,2021
3515,2021,Alba,Liceul Teoretic Ioan Slavici,Rural,F,9.33,8.01,7.71,7.78,7.2,7.9,1,0,2021
3516,2021,Buzau,Liceul Pedagogic Mihai Viteazul,Rural,F,7.29,7.33,8.65,6.93,5.11,7.33,1,0,2021
3517,2021,Bacau,Liceul Sportiv Mihai Viteazul,Urban,M,10.0,7.41,7.36,6.63,5.0,7.18,1,0,2021
3518,2021,Vrancea,Liceul Teoretic Bogdan Voda,Rural,M,6.95,7.07,7.14,6.95,4.03,6.6,0,0,2021
3519,2021,Botosani,Colegiul Economic Tudor Vladimirescu,Urban,M,4.09,6.82,5.08,5.05,8.49,6.01,0,0,2021
3520,2021,Arges,Colegiul Tehnic Stefan cel Mare,Rural,M,7.39,9.73,9.95,7.76,8.27,9.05,1,0,2021
3521,2021,Giurgiu,Liceul Tehnologic Regina Maria,Urban,M,9.08,1.41,7.12,6.31,3.96,5.01,0,0,2021
3522,2021,Maramures,Colegiul Tehnic Elena Cuza,Rural,F,10.0,7.32,7.33,8.9,5.56,7.56,1,0,2021
3523,2021,Bistrita-Nasaud,Colegiul National Constantin Brancusi,Urban,M,7.96,7.01,6.84,7.33,10.0,7.55,1,0,2021
3524,2021,Gorj,Liceul Teoretic Lucian Blaga,Urban,F,8.62,7.79,6.41,8.93,9.66,7.91,1,0,2021
3525,2021,Bucuresti,Colegiul National Spiru Haret,Urban,F,9.37,5.23,6.77,8.88,8.85,7.2,1,0,2021
3526,2021,Arges,Colegiul Economic Mihai Eminescu,Urban,M,9.39,7.44,7.81,6.01,9.46,7.83,1,0,2021
3527,2021,Arges,Colegiul Tehnic Bogdan Voda,Urban,F,8.56,8.6,7.55,9.19,10.0,8.58,1,0,2021
3528,2021,Prahova,Colegiul Tehnic Alexandru Ioan Cuza,Rural,M,10.0,7.61,6.55,7.13,5.0,7.07,1,0,2021
3529,2021,Sibiu,Liceul Teoretic Decebal,Urban,F,9.12,8.66,9.84,7.35,9.0,8.91,1,0,2021
3530,2021,Gorj,Liceul Pedagogic Tudor Vladimirescu,Urban,F,8.49,5.8,6.79,7.36,6.9,6.76,1,0,2021
3531,2021,Sibiu,Liceul Pedagogic Bogdan Voda,Rural,M,6.65,8.94,7.29,7.51,6.84,7.69,1,0,2021
3532,2021,Arad,Liceul Sportiv Elena Cuza,Rural,F,6.41,7.45,6.15,6.8,8.96,7.08,1,0,2021
3533,2021,Mures,Liceul Pedagogic Tudor Vladimirescu,Urban,F,6.18,6.31,5.0,7.61,8.37,6.41,1,0,2021
3534,2021,Galati,Liceul Sportiv Bogdan Voda,Rural,M,6.65,6.15,5.0,9.51,8.24,6.67,1,0,2021
3535,2021,Alba,Liceul Tehnologic Mihai Eminescu,Urban,F,7.42,10.0,9.62,6.81,8.49,8.92,1,0,2021
3536,2021,Bacau,Colegiul National Lucian Blaga,Urban,M,8.57,8.64,10.0,5.0,9.08,8.56,1,0,2021
3537,2021,Arad,Liceul Tehnologic Mihai Viteazul,Urban,F,8.28,5.14,5.47,4.99,6.69,5.76,0,0,2021
3538,2021,Constanta,Colegiul Tehnic Alexandru Ioan Cuza,Rural,M,7.34,7.25,5.0,7.48,7.09,6.59,1,0,2021
3539,2021,Mures,Colegiul Tehnic Emil Racovita,Rural,M,10.0,8.12,7.9,7.28,6.49,7.87,1,0,2021
3540,2021,Bacau,Colegiul Tehnic George Cosbuc,Urban,F,7.12,8.56,7.43,5.5,7.01,7.39,1,0,2021
3541,2021,Suceava,Scoala Nationala Nicolae Balcescu,Urban,F,9.0,6.86,9.38,8.47,7.64,8.19,1,0,2021
3542,2021,Dambovita,Scoala Nationala Ana Ipatescu,Urban,M,7.73,4.75,5.56,7.93,8.1,6.27,0,0,2021
3543,2021,Vrancea,Liceul Pedagogic Elena Cuza,Rural,M,8.53,10.0,5.66,7.99,9.69,8.2,1,0,2021
3544,2021,Olt,Colegiul Economic Avram Iancu,Urban,F,7.88,5.99,5.0,7.85,6.02,6.17,1,0,2021
3545,2021,Arad,Liceul Tehnologic Bogdan Voda,Urban,M,9.06,8.76,5.0,8.88,7.68,7.52,1,0,2021
3546,2021,Suceava,Liceul Pedagogic Onisifor Ghibu,Urban,M,8.58,7.88,6.38,10.0,9.39,8.04,1,0,2021
3547,2021,Galati,Colegiul Tehnic George Cosbuc,Rural,M,6.81,8.22,2.31,7.13,2.89,5.34,0,0,2021
3548,2021,Bistrita-Nasaud,Colegiul Tehnic Bogdan Voda,Urban,F,6.28,6.09,7.28,6.01,2.47,5.91,0,0,2021
3549,2021,Neamt,Scoala Nationala Octavian Goga,Urban,F,6.86,9.25,3.78,8.49,2.64,6.26,0,0,2021
3550,2021,Brasov,Colegiul Tehnic Mihai Viteazul,Rural,F,5.15,4.11,3.97,6.21,7.61,5.01,0,0,2021
3551,2021,Iasi,Liceul Sportiv Dimitrie Cantemir,Rural,M,6.62,6.78,8.71,7.41,7.69,7.57,1,0,2021
3552,2021,Botosani,Liceul Tehnologic Bogdan Voda,Urban,F,7.81,7.89,9.54,7.26,9.72,8.56,1,0,2021
3553,2021,Covasna,Liceul de Arte Mihai Eminescu,Urban,F,8.82,8.08,7.03,7.23,8.46,7.77,1,0,2021
3554,2021,Mehedinti,Colegiul Economic Avram Iancu,Rural,M,7.77,5.07,4.04,1.0,7.56,4.79,0,0,2021
3555,2021,Neamt,Colegiul Tehnic Constantin Brancusi,Urban,M,7.82,7.43,6.66,7.79,5.15,6.95,1,0,2021
3556,2021,Bistrita-Nasaud,Liceul Tehnologic Traian,Rural,M,5.39,3.64,6.82,6.28,6.3,5.56,0,0,2021
3557,2021,Teleorman,Colegiul Tehnic Emil Racovita,Rural,F,5.92,6.57,6.99,7.97,7.37,6.96,1,0,2021
3558,2021,Teleorman,Liceul Sportiv Constantin Brancusi,Urban,F,9.41,9.06,7.77,7.6,5.54,7.96,1,0,2021
3559,2021,Hunedoara,Colegiul National Traian,Rural,M,8.93,7.56,10.0,4.31,8.13,8.03,0,0,2021
3560,2021,Ilfov,Liceul Teoretic Regina Maria,Rural,M,7.98,5.72,8.6,7.26,4.53,6.86,0,0,2021
3561,2021,Brasov,Colegiul Economic Lucian Blaga,Rural,F,8.07,6.07,7.19,8.49,8.38,7.32,1,0,2021
3562,2021,Vaslui,Liceul de Arte Grigore Moisil,Urban,F,7.76,7.2,8.2,7.86,7.87,7.76,1,0,2021
3563,2021,Bistrita-Nasaud,Liceul Pedagogic Ion Luca Caragiale,Urban,F,8.72,6.88,7.17,9.6,7.11,7.59,1,0,2021
3564,2021,Bacau,Liceul Tehnologic Gheorghe Sincai,Rural,F,4.62,6.98,2.98,4.94,8.25,5.43,0,1,2021
3565,2021,Cluj,Liceul Sportiv Marin Preda,Urban,F,10.0,6.4,5.8,9.82,8.02,7.34,1,0,2021
3566,2021,Bacau,Colegiul Tehnic Mihai Eminescu,Rural,M,9.27,6.3,5.84,6.92,8.0,6.81,1,0,2021
3567,2021,Buzau,Colegiul Economic Ion Barbu,Urban,F,7.63,8.39,5.0,8.59,8.45,7.34,1,0,2021
3568,2021,Salaj,Colegiul Economic Bogdan Voda,Urban,M,6.24,6.61,6.29,4.11,4.49,5.78,0,0,2021
3569,2021,Cluj,Colegiul Tehnic Ion Barbu,Urban,M,9.4,6.94,9.84,5.52,8.19,8.03,1,0,2021
3570,2021,Timis,Liceul Sportiv Mircea cel Batran,Urban,F,8.37,10.0,3.94,6.14,8.47,7.21,0,1,2021
3571,2021,Galati,Colegiul Economic Ioan Slavici,Rural,M,8.67,7.76,7.71,6.86,5.64,7.38,1,0,2021
3572,2021,Tulcea,Liceul Pedagogic Mihai Eminescu,Urban,F,8.62,6.35,4.58,5.01,7.71,6.05,0,0,2021
3573,2021,Bistrita-Nasaud,Liceul de Arte Ana Ipatescu,Rural,M,7.51,6.63,5.0,6.09,8.99,6.5,1,0,2021
3574,2021,Salaj,Liceul Sportiv Emil Racovita,Urban,M,9.05,8.04,7.23,8.74,8.61,8.09,1,0,2021
3575,2021,Harghita,Liceul Teoretic Gheorghe Sincai,Urban,F,9.02,9.97,7.72,5.88,7.49,8.21,1,0,2021
3576,2021,Neamt,Colegiul Economic Marin Preda,Rural,M,6.28,3.61,5.46,8.57,10.0,6.13,0,0,2021
3577,2021,Giurgiu,Colegiul Tehnic Bogdan Voda,Urban,M,7.94,5.72,4.58,8.84,5.21,5.99,0,0,2021
3578,2021,Timis,Liceul Sportiv Stefan cel Mare,Rural,M,8.1,6.99,8.15,9.25,7.44,7.86,1,0,2021
3579,2021,Mehedinti,Colegiul National Grigore Moisil,Rural,F,6.19,9.58,4.32,4.34,7.79,6.61,0,0,2021
3580,2021,Ilfov,Liceul Pedagogic Alexandru Ioan Cuza,Urban,F,8.35,6.44,7.45,7.95,7.37,7.3,1,0,2021
3581,2021,Mures,Liceul Pedagogic Octavian Goga,Rural,M,6.71,6.27,10.0,5.71,6.53,7.39,1,0,2021
3582,2021,Neamt,Colegiul National Marin Preda,Rural,M,9.07,7.32,5.0,8.66,5.57,6.74,1,0,2021
3583,2021,Harghita,Colegiul National Decebal,Urban,F,8.7,6.99,10.0,6.14,7.33,7.99,1,0,2021
3584,2021,Giurgiu,Colegiul National Constantin Brancusi,Urban,F,10.0,7.31,8.35,8.36,6.54,7.93,1,0,2021
3585,2021,Cluj,Colegiul National Elena Cuza,Rural,M,7.21,8.34,7.24,5.48,8.98,7.56,1,0,2021
3586,2021,Dambovita,Liceul de Arte Gheorghe Sincai,Rural,F,5.59,8.54,4.04,3.66,9.47,6.3,0,0,2021
3587,2021,Bucuresti,Colegiul National George Cosbuc,Rural,F,7.79,8.13,7.68,6.9,9.75,8.02,1,0,2021
3588,2021,Ialomita,Liceul Tehnologic Elena Cuza,Urban,F,9.83,6.94,1.22,3.81,9.02,5.36,0,0,2021
3589,2021,Arad,Colegiul Tehnic Lucian Blaga,Rural,M,8.72,7.18,10.0,9.35,5.89,8.31,1,0,2021
3590,2021,Bihor,Colegiul Tehnic Ion Barbu,Urban,F,8.82,7.17,10.0,9.68,7.98,8.68,1,0,2021
3591,2021,Salaj,Liceul Teoretic Emil Racovita,Rural,M,5.13,7.2,6.22,7.47,9.58,7.1,1,0,2021
3592,2021,Brasov,Liceul Pedagogic Grigore Moisil,Urban,M,8.8,10.0,7.05,8.35,10.0,8.75,1,0,2021
3593,2021,Iasi,Scoala Nationala Dimitrie Cantemir,Urban,F,7.79,5.53,2.66,7.38,7.25,5.43,0,0,2021
3594,2021,Cluj,Scoala Nationala Marin Preda,Rural,F,7.94,6.54,5.94,6.47,8.51,6.78,1,0,2021
3595,2021,Suceava,Liceul Pedagogic Lucian Blaga,Urban,M,6.38,9.52,7.63,1.0,9.61,7.37,0,0,2021
3596,2021,Arges,Colegiul Tehnic Lucian Blaga,Rural,M,7.65,6.75,8.15,7.78,5.18,7.18,1,0,2021
3597,2021,Satu Mare,Liceul de Arte Lucian Blaga,Rural,M,10.0,7.7,7.31,2.13,3.12,6.29,0,0,2021
3598,2021,Arges,Scoala Nationala Grigore Moisil,Rural,F,8.42,8.57,7.81,9.07,8.72,8.42,1,0,2021
3599,2021,Prahova,Liceul Tehnologic Grigore Moisil,Urban,F,8.17,7.59,6.73,8.02,7.42,7.43,1,0,2021
3600,2021,Hunedoara,Liceul Tehnologic Onisifor Ghibu,Rural,F,8.42,8.89,9.41,8.26,8.42,8.83,1,0,2021
3601,2021,Botosani,Scoala Nationala Vasile Alecsandri,Urban,F,9.74,6.97,10.0,8.73,7.5,8.5,1,0,2021
3602,2021,Olt,Colegiul National Dimitrie Cantemir,Urban,F,8.5,8.32,8.43,8.27,7.31,8.21,1,0,2021
3603,2021,Bistrita-Nasaud,Colegiul Tehnic Regina Maria,Rural,F,5.63,4.82,1.13,9.76,8.43,5.08,0,1,2021
3604,2021,Bihor,Liceul de Arte Nicolae Balcescu,Urban,F,7.36,8.44,5.32,9.5,8.54,7.57,1,0,2021
3605,2021,Vrancea,Liceul Tehnologic Regina Maria,Rural,M,7.28,8.45,2.02,4.17,7.35,5.6,0,0,2021
3606,2021,Olt,Colegiul Tehnic Gheorghe Sincai,Urban,M,8.63,7.5,2.25,5.39,7.75,5.76,0,0,2021
3607,2021,Suceava,Scoala Nationala Marin Preda,Rural,M,10.0,8.84,1.95,7.15,7.06,6.37,0,1,2021
3608,2021,Buzau,Colegiul Economic Octavian Goga,Urban,F,8.93,7.54,8.3,7.25,7.5,7.86,1,0,2021
3609,2021,Buzau,Colegiul Tehnic Gheorghe Sincai,Urban,M,8.2,9.59,9.75,7.38,6.5,8.7,1,0,2021
3610,2021,Ilfov,Liceul Teoretic Vasile Alecsandri,Rural,F,4.38,4.81,9.1,6.51,5.6,6.43,0,0,2021
3611,2021,Gorj,Colegiul Tehnic Mircea cel Batran,Rural,F,8.6,9.59,5.14,8.56,8.89,7.9,1,0,2021
3612,2021,Neamt,Liceul Teoretic Ana Ipatescu,Rural,F,8.23,8.96,5.51,9.92,5.0,7.4,1,0,2021
3613,2021,Calarasi,Liceul Teoretic Lucian Blaga,Rural,M,8.77,7.97,7.46,8.46,8.4,8.04,1,0,2021
3614,2021,Buzau,Liceul Sportiv Decebal,Rural,F,9.81,6.76,5.92,8.6,7.67,7.23,1,0,2021
3615,2021,Ialomita,Liceul Tehnologic Ion Luca Caragiale,Rural,M,10.0,6.47,8.71,8.12,6.63,7.77,1,0,2021
3616,2021,Neamt,Scoala Nationala Mihai Viteazul,Urban,M,7.97,8.36,8.57,10.0,7.57,8.51,1,0,2021
3617,2021,Vrancea,Colegiul Economic Unirea,Urban,F,7.79,5.74,4.21,1.83,9.22,5.42,0,0,2021
3618,2021,Olt,Liceul Teoretic Onisifor Ghibu,Urban,F,7.39,7.7,6.72,6.11,5.61,6.82,1,0,2021
3619,2021,Braila,Liceul Sportiv Mircea cel Batran,Urban,M,7.95,10.0,9.33,8.51,7.82,9.04,1,0,2021
3620,2021,Valcea,Colegiul Tehnic Nicolae Balcescu,Rural,M,7.14,10.0,7.48,9.13,7.0,8.38,1,0,2021
3621,2021,Hunedoara,Liceul Tehnologic Onisifor Ghibu,Urban,M,10.0,8.74,6.93,8.51,8.77,8.29,1,0,2021
3622,2021,Suceava,Colegiul Tehnic Spiru Haret,Urban,F,6.64,4.48,6.17,6.22,7.7,5.95,0,0,2021
3623,2021,Bacau,Colegiul Economic Nicolae Balcescu,Urban,F,8.37,8.37,7.68,8.36,9.78,8.37,1,0,2021
3624,2021,Bacau,Colegiul Tehnic Gheorghe Sincai,Urban,M,9.8,5.91,8.14,9.12,7.64,7.71,1,0,2021
3625,2021,Prahova,Liceul Tehnologic Alexandru Ioan Cuza,Rural,F,5.88,8.2,6.95,4.33,6.73,6.79,0,0,2021
3626,2021,Botosani,Liceul Tehnologic Constantin Brancusi,Urban,M,8.59,7.47,8.53,9.06,5.0,7.77,1,0,2021
3627,2021,Bacau,Liceul Pedagogic Tudor Vladimirescu,Rural,F,8.16,6.17,6.24,8.79,8.19,7.09,1,0,2021
3628,2021,Teleorman,Scoala Nationala Bogdan Voda,Urban,F,10.0,5.92,8.5,10.0,7.45,7.94,1,0,2021
3629,2021,Ilfov,Colegiul Tehnic Bogdan Voda,Rural,F,6.94,3.76,4.49,9.55,7.1,5.67,0,0,2021
3630,2021,Maramures,Colegiul Tehnic Dimitrie Cantemir,Urban,M,7.64,9.36,7.66,6.95,2.35,7.26,0,0,2021
3631,2021,Bistrita-Nasaud,Colegiul Economic Decebal,Rural,M,7.33,5.99,6.83,5.0,6.55,6.31,1,0,2021
3632,2021,Sibiu,Liceul Sportiv Avram Iancu,Urban,F,7.66,7.95,5.58,7.52,8.64,7.25,1,0,2021
3633,2021,Arad,Liceul Teoretic Onisifor Ghibu,Urban,F,8.55,5.0,5.22,8.5,10.0,6.7,1,0,2021
3634,2021,Satu Mare,Liceul Pedagogic Traian,Rural,F,9.04,6.28,8.39,6.26,7.29,7.34,1,0,2021
3635,2021,Arad,Liceul de Arte Vasile Alecsandri,Rural,M,8.47,8.54,6.11,6.85,8.33,7.52,1,0,2021
3636,2021,Prahova,Liceul Teoretic Decebal,Urban,F,7.25,8.48,8.15,10.0,8.89,8.55,1,0,2021
3637,2021,Harghita,Liceul Sportiv Ioan Slavici,Urban,M,8.72,9.27,9.8,7.06,10.0,9.15,1,0,2021
3638,2021,Iasi,Liceul Sportiv Dimitrie Cantemir,Urban,M,8.27,7.33,7.26,8.85,7.17,7.61,1,0,2021
3639,2021,Dolj,Scoala Nationala Ion Luca Caragiale,Urban,M,9.73,6.6,5.0,7.87,9.04,6.99,1,0,2021
3640,2021,Buzau,Liceul Teoretic Ioan Slavici,Rural,F,6.86,5.55,8.07,7.44,2.92,6.33,0,0,2021
3641,2021,Maramures,Colegiul National Marin Preda,Rural,F,6.9,7.04,8.17,10.0,7.71,7.91,1,0,2021
3642,2021,Covasna,Scoala Nationala Mihai Viteazul,Urban,F,5.99,7.13,4.86,6.66,5.57,6.03,0,0,2021
3643,2021,Arges,Liceul Pedagogic Bogdan Voda,Urban,F,9.04,8.39,5.9,7.04,9.9,7.73,1,0,2021
3644,2021,Bihor,Liceul Tehnologic Mihai Viteazul,Urban,M,8.66,8.67,7.91,7.19,10.0,8.42,1,0,2021
3645,2021,Covasna,Liceul Sportiv Dimitrie Cantemir,Urban,M,7.04,6.65,9.93,4.93,6.0,7.32,0,0,2021
3646,2021,Cluj,Scoala Nationala Alexandru Ioan Cuza,Rural,F,7.91,8.51,9.68,8.04,7.9,8.64,1,0,2021
3647,2021,Mehedinti,Colegiul Economic Gheorghe Sincai,Rural,M,8.34,2.84,5.6,7.08,7.23,5.51,0,0,2021
3648,2021,Maramures,Scoala Nationala Ana Ipatescu,Urban,M,7.36,7.29,5.15,9.78,8.77,7.25,1,0,2021
3649,2021,Arad,Colegiul Tehnic Mihai Eminescu,Urban,M,8.64,8.35,10.0,10.0,7.35,8.97,1,0,2021
3650,2021,Teleorman,Colegiul Tehnic Tudor Vladimirescu,Urban,M,7.75,7.04,5.37,7.73,8.4,6.92,1,0,2021
3651,2021,Bistrita-Nasaud,Liceul Tehnologic Onisifor Ghibu,Rural,M,6.57,1.42,6.62,10.0,5.65,5.42,0,0,2021
3652,2021,Valcea,Colegiul National Tudor Vladimirescu,Urban,M,8.75,8.26,9.86,8.1,10.0,9.03,1,0,2021
3653,2021,Dambovita,Colegiul Economic Spiru Haret,Urban,F,2.18,6.54,6.67,5.0,8.46,6.2,0,0,2021
3654,2021,Bistrita-Nasaud,Liceul Pedagogic Mihai Viteazul,Urban,F,7.25,8.27,5.0,9.63,7.09,7.21,1,0,2021
3655,2021,Constanta,Colegiul Economic Mircea cel Batran,Urban,M,7.9,6.6,6.5,7.44,6.35,6.79,1,0,2021
3656,2021,Satu Mare,Scoala Nationala Mircea cel Batran,Urban,F,7.95,9.36,8.22,9.22,9.15,8.82,1,0,2021
3657,2021,Tulcea,Colegiul National Lucian Blaga,Urban,F,7.91,7.53,7.46,8.38,7.25,7.63,1,0,2021
3658,2021,Braila,Colegiul Economic Emil Racovita,Urban,F,8.61,7.6,9.66,8.4,7.44,8.41,1,0,2021
3659,2021,Mures,Scoala Nationala Bogdan Voda,Urban,M,8.58,8.13,9.59,9.39,8.7,8.89,1,0,2021
3660,2021,Alba,Liceul de Arte Dimitrie Cantemir,Urban,F,10.0,6.74,5.22,3.52,6.55,6.1,0,0,2021
3661,2021,Constanta,Liceul de Arte Ion Barbu,Rural,F,7.28,7.61,5.0,6.32,7.96,6.65,1,0,2021
3662,2021,Cluj,Liceul Pedagogic Decebal,Rural,M,7.56,6.84,5.52,8.92,7.35,6.9,1,0,2021
3663,2021,Salaj,Colegiul Tehnic Ion Luca Caragiale,Rural,F,9.74,5.3,6.67,6.02,9.16,6.84,1,0,2021
3664,2021,Vaslui,Liceul Tehnologic Elena Cuza,Rural,F,9.32,8.11,5.9,6.85,6.23,7.1,1,0,2021
3665,2021,Covasna,Liceul Sportiv Marin Preda,Rural,F,7.51,7.58,5.0,10.0,7.05,7.08,1,0,2021
3666,2021,Calarasi,Colegiul Tehnic Dimitrie Cantemir,Urban,F,9.4,3.98,4.45,8.37,6.59,5.71,0,0,2021
3667,2021,Dolj,Liceul Pedagogic Unirea,Urban,M,7.2,5.53,7.74,8.31,7.44,7.06,1,0,2021
3668,2021,Arges,Liceul Sportiv Bogdan Voda,Urban,M,9.37,6.5,7.62,9.74,8.47,7.9,1,0,2021
3669,2021,Iasi,Scoala Nationala Alexandru Ioan Cuza,Rural,F,9.74,8.3,8.11,7.25,7.92,8.17,1,0,2021
3670,2021,Mures,Scoala Nationala Onisifor Ghibu,Rural,M,5.67,7.73,3.06,4.56,6.35,5.44,0,0,2021
3671,2021,Covasna,Liceul de Arte Vasile Alecsandri,Rural,F,10.0,7.27,9.08,8.65,6.62,8.2,1,0,2021
3672,2021,Giurgiu,Liceul de Arte Traian,Urban,M,8.13,3.35,4.06,9.06,3.8,4.96,0,0,2021
3673,2021,Salaj,Liceul Teoretic Ion Barbu,Rural,M,9.25,4.1,4.49,7.98,9.26,6.09,0,0,2021
3674,2021,Mehedinti,Colegiul Tehnic Unirea,Rural,F,9.16,6.33,6.47,5.32,6.07,6.46,1,0,2021
3675,2021,Botosani,Liceul de Arte Alexandru Ioan Cuza,Rural,M,7.79,10.0,6.03,8.85,10.0,8.42,1,0,2021
3676,2021,Maramures,Liceul Sportiv Decebal,Urban,F,9.79,7.08,5.73,7.11,6.36,6.84,1,0,2021
3677,2021,Ialomita,Colegiul Economic Elena Cuza,Rural,M,6.73,7.75,4.16,5.73,5.85,5.98,0,0,2021
3678,2021,Vaslui,Colegiul National Traian,Urban,F,7.8,7.93,7.9,10.0,7.22,8.11,1,0,2021
3679,2021,Cluj,Colegiul Tehnic Lucian Blaga,Rural,F,8.28,7.04,5.59,10.0,7.92,7.3,1,0,2021
3680,2021,Bistrita-Nasaud,Colegiul Tehnic Stefan cel Mare,Urban,F,10.0,9.69,4.86,7.26,6.22,7.39,0,0,2021
3681,2021,Neamt,Liceul Sportiv Bogdan Voda,Urban,F,8.1,7.11,8.05,7.81,9.33,7.93,1,0,2021
3682,2021,Gorj,Liceul Tehnologic Mircea cel Batran,Rural,M,8.36,8.57,6.67,8.34,6.37,7.61,1,0,2021
3683,2021,Calarasi,Scoala Nationala Ana Ipatescu,Rural,M,8.9,2.72,10.0,4.82,9.26,6.82,0,0,2021
3684,2021,Bacau,Colegiul Tehnic Dimitrie Cantemir,Urban,M,8.64,7.18,7.54,8.95,6.19,7.55,1,0,2021
3685,2021,Alba,Liceul Pedagogic Octavian Goga,Urban,M,8.93,9.31,7.6,8.33,9.85,8.69,1,0,2021
3686,2021,Gorj,Liceul Tehnologic Bogdan Voda,Rural,M,4.95,4.23,2.08,3.36,5.64,3.74,0,0,2021
3687,2021,Dolj,Liceul Pedagogic Constantin Brancusi,Rural,M,6.73,6.96,4.84,5.75,6.92,6.11,0,1,2021
3688,2021,Bistrita-Nasaud,Liceul Teoretic Lucian Blaga,Urban,M,9.06,9.89,5.74,10.0,8.58,8.38,1,0,2021
3689,2021,Giurgiu,Liceul Pedagogic Mihai Viteazul,Urban,M,7.98,8.74,7.75,5.63,6.51,7.57,1,0,2021
3690,2021,Vrancea,Liceul Sportiv Nicolae Balcescu,Urban,M,7.71,6.53,7.65,5.34,8.2,7.06,1,0,2021
3691,2021,Bucuresti,Colegiul National Ion Luca Caragiale,Urban,M,2.87,6.02,8.3,8.46,6.44,6.82,0,0,2021
3692,2021,Bihor,Liceul Pedagogic Avram Iancu,Urban,F,9.14,7.42,8.39,10.0,7.18,8.23,1,0,2021
3693,2021,Vaslui,Colegiul Tehnic Mihai Viteazul,Rural,F,7.95,8.13,6.37,8.36,7.0,7.45,1,0,2021
3694,2021,Maramures,Liceul Tehnologic Onisifor Ghibu,Urban,M,7.86,7.19,8.29,7.88,5.0,7.36,1,0,2021
3695,2021,Iasi,Liceul Pedagogic George Cosbuc,Urban,M,8.57,4.89,6.15,6.08,6.01,5.98,0,0,2021
3696,2021,Teleorman,Colegiul Tehnic Emil Racovita,Rural,F,9.81,4.13,7.59,6.79,7.64,6.66,0,0,2021
3697,2021,Gorj,Colegiul Tehnic Gheorghe Sincai,Urban,F,7.96,8.99,7.21,10.0,8.73,8.47,1,0,2021
3698,2021,Constanta,Colegiul Tehnic Alexandru Ioan Cuza,Rural,M,8.38,8.41,8.42,6.4,6.42,7.81,1,0,2021
3699,2021,Satu Mare,Colegiul Economic Dimitrie Cantemir,Urban,M,4.33,5.48,3.6,6.74,8.2,5.4,0,0,2021
3700,2021,Sibiu,Liceul Tehnologic Octavian Goga,Urban,M,9.36,8.86,6.2,7.23,7.92,7.73,1,0,2021
3701,2021,Timis,Scoala Nationala Lucian Blaga,Urban,M,9.08,6.99,8.74,7.5,8.12,7.97,1,0,2021
3702,2021,Olt,Liceul de Arte Avram Iancu,Urban,F,8.2,6.34,6.75,10.0,7.71,7.4,1,0,2021
3703,2021,Bucuresti,Liceul de Arte Decebal,Rural,F,7.44,7.8,9.07,9.5,8.53,8.51,1,0,2021
3704,2021,Satu Mare,Colegiul Economic Emil Racovita,Rural,M,7.37,3.36,4.21,5.97,4.7,4.61,0,0,2021
3705,2021,Neamt,Liceul Sportiv Tudor Vladimirescu,Urban,F,7.95,10.0,9.39,8.77,8.4,9.19,1,0,2021
3706,2021,Galati,Colegiul National Nicolae Balcescu,Urban,M,6.54,6.62,3.82,5.34,4.14,5.21,0,0,2021
3707,2021,Ialomita,Colegiul Tehnic Regina Maria,Urban,M,8.67,9.17,8.88,10.0,8.92,9.12,1,0,2021
3708,2021,Gorj,Colegiul Economic Ion Luca Caragiale,Rural,M,9.05,9.07,4.17,6.1,5.18,6.57,0,0,2021
3709,2021,Vaslui,Colegiul Economic Elena Cuza,Urban,M,9.42,8.63,8.45,9.09,6.9,8.46,1,0,2021
3710,2021,Arad,Colegiul National George Cosbuc,Rural,M,8.09,5.66,6.65,6.63,5.54,6.33,1,0,2021
3711,2021,Bistrita-Nasaud,Scoala Nationala Gheorghe Sincai,Urban,M,7.87,10.0,4.76,6.78,5.8,7.1,0,0,2021
3712,2021,Olt,Colegiul Economic Dimitrie Cantemir,Urban,F,6.81,8.47,4.69,7.19,8.85,7.03,0,0,2021
3713,2021,Bihor,Liceul Teoretic Tudor Vladimirescu,Urban,F,7.37,8.32,7.94,7.49,7.04,7.79,1,0,2021
3714,2021,Gorj,Colegiul Tehnic Octavian Goga,Urban,M,9.1,8.09,6.74,2.68,6.93,6.8,0,0,2021
3715,2021,Ilfov,Scoala Nationala Lucian Blaga,Rural,M,9.05,5.67,7.26,7.86,7.27,7.05,1,0,2021
3716,2021,Giurgiu,Colegiul Economic Dimitrie Cantemir,Urban,M,8.62,6.06,8.93,5.62,10.0,7.7,1,0,2021
3717,2021,Dambovita,Liceul Pedagogic Ana Ipatescu,Urban,F,10.0,6.83,8.61,7.0,8.82,8.0,1,0,2021
3718,2021,Timis,Liceul Tehnologic Ana Ipatescu,Urban,F,9.46,7.07,8.31,6.8,9.28,7.97,1,0,2021
3719,2021,Olt,Liceul de Arte Nicolae Balcescu,Urban,M,6.86,7.93,8.14,4.66,6.75,7.22,0,0,2021
3720,2021,Dolj,Colegiul Economic Spiru Haret,Urban,M,9.05,8.7,7.62,6.8,7.8,7.99,1,0,2021
3721,2021,Maramures,Liceul Teoretic Mircea cel Batran,Rural,F,6.92,10.0,6.84,6.5,7.29,7.81,1,0,2021
3722,2021,Dolj,Colegiul Economic Grigore Moisil,Urban,F,7.43,7.47,9.48,6.67,7.77,7.99,1,0,2021
3723,2021,Bacau,Colegiul Tehnic Mihai Eminescu,Rural,F,2.65,3.8,6.29,6.11,6.65,5.21,0,0,2021
3724,2021,Buzau,Liceul Teoretic Emil Racovita,Urban,M,8.45,7.28,5.72,10.0,8.44,7.51,1,0,2021
3725,2021,Covasna,Liceul de Arte Ioan Slavici,Urban,F,7.22,6.94,7.58,7.66,9.09,7.59,1,0,2021
3726,2021,Salaj,Colegiul National Ana Ipatescu,Urban,F,8.76,7.46,6.92,7.62,10.0,7.83,1,0,2021
3727,2021,Hunedoara,Colegiul Economic Stefan cel Mare,Urban,F,7.54,8.62,7.12,8.04,6.87,7.71,1,0,2021
3728,2021,Gorj,Colegiul Economic Spiru Haret,Urban,M,4.9,7.51,3.96,5.56,10.0,6.26,0,0,2021
3729,2021,Teleorman,Liceul de Arte Constantin Brancusi,Urban,M,2.84,7.02,9.37,5.32,8.36,7.25,0,0,2021
3730,2021,Olt,Liceul Pedagogic Gheorghe Sincai,Rural,M,6.7,7.85,5.28,5.67,5.41,6.27,1,0,2021
3731,2021,Neamt,Colegiul Tehnic Tudor Vladimirescu,Urban,F,9.37,8.37,7.82,10.0,9.19,8.67,1,0,2021
3732,2021,Hunedoara,Scoala Nationala Regina Maria,Rural,F,4.66,4.99,6.87,6.78,6.99,6.09,0,0,2021
3733,2021,Salaj,Liceul de Arte Decebal,Urban,F,7.87,9.79,10.0,7.38,7.82,9.0,1,0,2021
3734,2021,Gorj,Liceul de Arte Ioan Slavici,Rural,M,5.49,10.0,7.0,5.37,5.05,7.21,1,0,2021
3735,2021,Olt,Colegiul National Onisifor Ghibu,Rural,M,8.39,8.21,7.36,5.69,7.01,7.42,1,0,2021
3736,2021,Prahova,Liceul Tehnologic Mihai Eminescu,Urban,F,7.76,5.31,4.25,7.9,7.35,5.93,0,1,2021
3737,2021,Prahova,Colegiul Tehnic Octavian Goga,Urban,F,8.7,8.42,9.35,6.97,10.0,8.75,1,0,2021
3738,2021,Hunedoara,Colegiul Tehnic Nicolae Balcescu,Rural,M,4.9,7.3,5.02,5.59,3.8,5.59,0,0,2021
3739,2021,Arges,Colegiul Economic Marin Preda,Urban,F,8.68,6.46,4.31,7.51,6.1,6.14,0,1,2021
3740,2021,Buzau,Colegiul Tehnic Ion Luca Caragiale,Urban,F,7.29,4.73,6.66,7.6,8.97,6.63,0,0,2021
3741,2021,Neamt,Colegiul Tehnic Grigore Moisil,Urban,F,7.83,6.4,5.0,9.07,8.64,6.86,1,0,2021
3742,2021,Mures,Colegiul National Grigore Moisil,Urban,F,4.9,4.31,7.05,5.77,6.06,5.67,0,0,2021
3743,2021,Tulcea,Liceul Pedagogic Unirea,Rural,F,8.32,8.59,5.55,8.18,5.23,7.09,1,0,2021
3744,2021,Mures,Scoala Nationala Unirea,Urban,M,9.54,6.41,6.25,5.53,10.0,7.08,1,0,2021
3745,2021,Mehedinti,Liceul Teoretic Bogdan Voda,Rural,M,7.84,5.86,5.75,6.93,5.12,6.07,1,0,2021
3746,2021,Olt,Liceul Pedagogic Spiru Haret,Rural,F,6.6,10.0,7.86,5.75,7.11,7.95,1,0,2021
3747,2021,Olt,Colegiul Economic Ion Luca Caragiale,Urban,F,6.72,8.23,7.23,7.01,9.23,7.75,1,0,2021
3748,2021,Alba,Colegiul Economic Bogdan Voda,Urban,F,9.08,8.1,7.8,10.0,8.67,8.48,1,0,2021
3749,2021,Maramures,Liceul de Arte Elena Cuza,Urban,F,7.72,8.51,6.79,8.93,9.28,8.09,1,0,2021
3750,2021,Mehedinti,Scoala Nationala Mircea cel Batran,Urban,M,8.6,3.45,5.35,7.85,5.97,5.57,0,0,2021
3751,2021,Dambovita,Liceul Tehnologic Mihai Viteazul,Rural,F,9.21,8.9,7.88,8.65,10.0,8.75,1,0,2021
3752,2021,Gorj,Colegiul Tehnic Decebal,Rural,F,7.68,3.39,6.39,6.29,7.49,5.77,0,0,2021
3753,2021,Bihor,Liceul Teoretic Traian,Urban,F,8.67,8.69,8.94,7.71,6.32,8.26,1,0,2021
3754,2021,Arges,Colegiul Tehnic Traian,Urban,F,8.91,8.05,10.0,7.87,9.9,8.97,1,0,2021
3755,2021,Bistrita-Nasaud,Liceul Tehnologic Gheorghe Sincai,Urban,M,7.8,9.73,5.0,10.0,8.37,7.95,1,0,2021
3756,2021,Harghita,Liceul Pedagogic Octavian Goga,Rural,F,9.41,5.26,9.28,9.14,6.93,7.71,1,0,2021
3757,2021,Calarasi,Colegiul Tehnic Ion Barbu,Rural,F,7.97,7.07,6.74,7.17,7.96,7.21,1,0,2021
3758,2021,Bistrita-Nasaud,Colegiul Economic Dimitrie Cantemir,Urban,M,7.84,10.0,9.1,8.73,9.24,9.21,1,0,2021
3759,2021,Salaj,Colegiul Tehnic Regina Maria,Urban,F,10.0,7.45,7.41,7.8,8.25,7.87,1,0,2021
3760,2021,Sibiu,Liceul de Arte Stefan cel Mare,Rural,F,10.0,6.87,7.31,6.58,7.49,7.36,1,0,2021
3761,2021,Mures,Colegiul Tehnic Decebal,Rural,M,7.79,6.46,1.0,9.56,7.23,5.54,0,0,2021
3762,2021,Ilfov,Liceul de Arte Lucian Blaga,Rural,M,7.22,5.56,6.49,7.36,7.2,6.52,1,0,2021
3763,2021,Bacau,Liceul Teoretic Regina Maria,Rural,F,8.81,8.99,10.0,8.11,8.54,9.08,1,0,2021
3764,2021,Timis,Liceul Teoretic Tudor Vladimirescu,Rural,F,9.14,6.01,7.7,6.96,6.44,7.04,1,0,2021
3765,2021,Vrancea,Liceul Teoretic Unirea,Urban,M,7.56,9.62,5.0,6.71,8.22,7.38,1,0,2021
3766,2021,Teleorman,Colegiul National Spiru Haret,Rural,M,9.01,8.4,5.47,10.0,8.86,7.89,1,0,2021
3767,2021,Constanta,Colegiul Economic Stefan cel Mare,Rural,F,8.43,7.09,6.74,10.0,9.67,7.94,1,0,2021
3768,2021,Valcea,Liceul Teoretic Elena Cuza,Rural,F,7.23,10.0,6.99,5.68,8.21,7.9,1,0,2021
3769,2021,Prahova,Colegiul National Ion Barbu,Rural,F,7.74,8.08,2.59,4.96,9.38,6.13,0,0,2021
3770,2021,Cluj,Colegiul Tehnic Octavian Goga,Urban,F,9.97,9.55,10.0,8.18,7.91,9.28,1,0,2021
3771,2021,Bistrita-Nasaud,Liceul Teoretic Lucian Blaga,Urban,F,9.11,7.7,1.95,6.88,10.0,6.34,0,0,2021
3772,2021,Constanta,Colegiul National Stefan cel Mare,Rural,M,7.28,6.67,5.73,7.19,7.47,6.65,1,0,2021
3773,2021,Harghita,Liceul Teoretic Ana Ipatescu,Urban,F,8.62,10.0,6.39,8.92,7.68,8.27,1,0,2021
3774,2021,Mures,Liceul de Arte Lucian Blaga,Urban,M,7.88,8.59,6.55,7.8,7.74,7.66,1,0,2021
3775,2021,Neamt,Liceul Pedagogic Vasile Alecsandri,Urban,M,5.43,9.63,4.73,5.63,6.25,6.63,0,0,2021
3776,2021,Cluj,Liceul Pedagogic Lucian Blaga,Urban,F,10.0,9.95,7.15,10.0,8.9,8.96,1,0,2021
3777,2021,Mures,Liceul Teoretic Mihai Eminescu,Urban,F,9.9,10.0,5.55,5.51,6.77,7.5,1,0,2021
3778,2021,Botosani,Colegiul Economic Elena Cuza,Rural,M,5.48,5.41,3.28,3.44,2.47,4.04,0,0,2021
3779,2021,Bucuresti,Liceul Teoretic Tudor Vladimirescu,Urban,M,9.58,7.42,5.04,8.07,7.02,6.96,1,0,2021
3780,2021,Mures,Liceul Teoretic Mircea cel Batran,Rural,M,8.64,4.6,5.94,9.36,6.22,6.36,0,0,2021
3781,2021,Bucuresti,Colegiul Economic Ioan Slavici,Urban,M,8.24,8.34,7.95,6.83,8.85,8.06,1,0,2021
3782,2021,Constanta,Liceul Teoretic Spiru Haret,Rural,F,8.55,7.34,5.0,7.86,5.0,6.49,1,0,2021
3783,2021,Iasi,Liceul de Arte Mihai Viteazul,Urban,F,9.39,7.27,7.33,9.58,6.78,7.77,1,0,2021
3784,2021,Braila,Liceul Tehnologic Ioan Slavici,Urban,F,8.22,8.33,8.6,6.88,10.0,8.43,1,0,2021
3785,2021,Prahova,Liceul Sportiv Spiru Haret,Rural,F,8.41,8.88,7.7,7.66,8.52,8.24,1,0,2021
3786,2021,Constanta,Liceul de Arte George Cosbuc,Urban,M,8.93,8.63,6.35,7.38,7.96,7.69,1,0,2021
3787,2021,Cluj,Scoala Nationala Ana Ipatescu,Rural,M,6.74,2.28,2.58,5.17,6.82,3.93,0,0,2021
3788,2021,Buzau,Colegiul Economic Nicolae Balcescu,Rural,M,8.64,7.91,7.52,6.8,9.84,7.99,1,0,2021
3789,2021,Arad,Colegiul National Dimitrie Cantemir,Urban,M,4.69,6.3,9.9,7.45,7.19,7.52,0,0,2021
3790,2021,Satu Mare,Liceul de Arte Nicolae Balcescu,Urban,M,3.78,7.64,4.55,7.24,4.96,5.86,0,0,2021
3791,2021,Bucuresti,Colegiul Economic Tudor Vladimirescu,Urban,M,4.05,8.67,5.13,5.8,6.8,6.44,0,0,2021
3792,2021,Botosani,Colegiul Economic Emil Racovita,Rural,F,8.54,6.62,5.83,9.04,6.52,6.92,1,0,2021
3793,2021,Sibiu,Liceul Sportiv Spiru Haret,Urban,M,8.47,6.03,9.68,8.26,7.36,7.9,1,0,2021
3794,2021,Vrancea,Colegiul National Dimitrie Cantemir,Rural,F,6.83,8.78,8.54,4.29,5.0,7.27,0,0,2021
3795,2021,Braila,Liceul Teoretic Emil Racovita,Rural,F,8.12,8.27,4.94,4.9,6.56,6.49,0,0,2021
3796,2021,Alba,Liceul Sportiv Ana Ipatescu,Rural,F,7.17,3.87,5.84,7.99,6.2,5.76,0,0,2021
3797,2021,Vrancea,Liceul Teoretic Onisifor Ghibu,Urban,F,9.36,8.56,6.07,7.27,4.9,7.15,0,0,2021
3798,2021,Vaslui,Scoala Nationala Avram Iancu,Rural,M,6.57,5.6,4.39,7.37,4.14,5.38,0,0,2021
3799,2021,Harghita,Liceul Sportiv Emil Racovita,Urban,M,9.71,8.24,7.73,7.77,10.0,8.43,1,0,2021
3800,2021,Bacau,Scoala Nationala Alexandru Ioan Cuza,Rural,F,6.4,4.97,7.15,6.87,4.76,6.02,0,0,2021
3801,2021,Mures,Liceul de Arte Spiru Haret,Urban,M,10.0,10.0,7.69,10.0,8.46,9.08,1,0,2021
3802,2021,Mehedinti,Scoala Nationala Onisifor Ghibu,Urban,M,7.67,7.11,9.22,6.62,9.46,8.08,1,0,2021
3803,2021,Bucuresti,Liceul de Arte Tudor Vladimirescu,Urban,M,7.59,6.52,7.39,7.46,10.0,7.55,1,0,2021
3804,2021,Buzau,Scoala Nationala Bogdan Voda,Urban,F,10.0,7.8,6.15,9.12,7.79,7.72,1,0,2021
3805,2021,Calarasi,Colegiul National Onisifor Ghibu,Urban,F,7.3,9.2,3.47,9.26,3.63,6.46,0,0,2021
3806,2021,Buzau,Scoala Nationala Ion Luca Caragiale,Urban,F,7.85,6.4,5.0,9.43,5.13,6.39,1,0,2021
3807,2021,Teleorman,Liceul Sportiv Regina Maria,Rural,M,8.19,7.63,5.0,6.23,7.74,6.7,1,0,2021
3808,2021,Salaj,Liceul de Arte Emil Racovita,Urban,M,10.0,5.93,7.71,8.09,9.65,7.75,1,0,2021
3809,2021,Satu Mare,Liceul Sportiv Lucian Blaga,Rural,M,8.3,6.33,9.46,8.36,9.56,8.25,1,0,2021
3810,2021,Dambovita,Liceul de Arte Ana Ipatescu,Urban,F,9.88,8.0,10.0,9.62,6.28,8.77,1,0,2021
3811,2021,Ialomita,Liceul Sportiv Gheorghe Sincai,Urban,F,7.54,8.42,5.18,9.15,9.36,7.61,1,0,2021
3812,2021,Prahova,Liceul Pedagogic Ion Luca Caragiale,Rural,F,7.31,8.69,6.06,7.25,5.0,6.99,1,0,2021
3813,2021,Calarasi,Liceul Teoretic Emil Racovita,Urban,F,8.8,6.36,9.38,7.3,8.83,8.02,1,0,2021
3814,2021,Salaj,Colegiul Economic Marin Preda,Urban,F,8.87,4.34,4.8,9.17,5.49,5.83,0,0,2021
3815,2021,Neamt,Scoala Nationala Decebal,Urban,F,7.66,5.0,7.48,6.5,7.04,6.54,1,0,2021
3816,2021,Alba,Liceul de Arte Spiru Haret,Rural,F,9.99,8.95,5.92,10.0,7.34,8.06,1,0,2021
3817,2021,Cluj,Colegiul National George Cosbuc,Urban,F,10.0,8.49,8.92,7.8,8.45,8.66,1,0,2021
3818,2021,Hunedoara,Liceul Pedagogic Ioan Slavici,Urban,M,9.22,8.89,8.65,8.7,10.0,8.99,1,0,2021
3819,2021,Giurgiu,Liceul Tehnologic Mihai Viteazul,Rural,M,9.63,5.98,8.46,5.0,7.31,7.14,1,0,2021
3820,2021,Timis,Colegiul Economic Mircea cel Batran,Urban,M,9.65,6.85,9.5,5.29,5.54,7.49,1,0,2021
3821,2021,Bistrita-Nasaud,Liceul Pedagogic Mihai Eminescu,Rural,M,5.58,8.66,3.42,7.16,6.55,6.24,0,0,2021
3822,2021,Timis,Colegiul Tehnic Constantin Brancusi,Urban,M,9.38,8.39,5.0,8.74,10.0,7.77,1,0,2021
3823,2021,Ilfov,Liceul Sportiv Vasile Alecsandri,Rural,F,5.63,7.9,9.12,9.27,9.61,8.5,1,0,2021
3824,2021,Giurgiu,Liceul Tehnologic Ana Ipatescu,Urban,F,8.38,9.11,5.35,7.17,8.43,7.52,1,0,2021
3825,2021,Vrancea,Colegiul Economic Mircea cel Batran,Rural,F,6.54,2.55,5.47,6.11,5.54,4.81,0,0,2021
3826,2021,Bacau,Liceul Pedagogic Decebal,Rural,M,8.2,1.0,5.63,6.1,6.48,4.7,0,0,2021
3827,2021,Suceava,Liceul Tehnologic Emil Racovita,Rural,F,8.35,9.11,6.79,10.0,8.89,8.44,1,0,2021
3828,2021,Arges,Liceul de Arte Lucian Blaga,Urban,F,7.13,10.0,7.14,10.0,9.13,8.72,1,0,2021
3829,2021,Covasna,Liceul Sportiv Lucian Blaga,Urban,M,7.56,4.09,6.65,7.41,6.16,6.01,0,0,2021
3830,2021,Bistrita-Nasaud,Colegiul Tehnic Decebal,Rural,F,7.53,10.0,6.99,7.59,7.13,8.06,1,0,2021
3831,2021,Satu Mare,Colegiul National Constantin Brancusi,Rural,F,7.73,6.68,5.23,9.38,8.62,7.05,1,0,2021
3832,2021,Arad,Liceul Teoretic Decebal,Rural,M,6.58,8.01,9.04,8.59,7.14,8.13,1,0,2021
3833,2021,Prahova,Liceul Pedagogic Octavian Goga,Urban,F,9.18,9.5,10.0,10.0,6.85,9.3,1,0,2021
3834,2021,Harghita,Liceul Teoretic Dimitrie Cantemir,Rural,F,8.07,8.08,4.97,7.56,8.29,7.1,0,0,2021
3835,2021,Cluj,Liceul de Arte Bogdan Voda,Urban,M,7.94,7.85,8.63,8.56,6.59,8.01,1,0,2021
3836,2021,Giurgiu,Liceul de Arte Unirea,Urban,F,10.0,7.5,5.35,8.55,5.59,6.98,1,0,2021
3837,2021,Ilfov,Colegiul Tehnic Mircea cel Batran,Urban,M,4.66,7.64,4.67,3.71,7.59,5.85,0,0,2021
3838,2021,Teleorman,Colegiul Economic Emil Racovita,Urban,F,6.52,8.32,7.13,8.64,7.73,7.74,1,0,2021
3839,2021,Buzau,Colegiul National Mihai Viteazul,Rural,M,6.69,8.91,7.73,7.99,8.91,8.2,1,0,2021
3840,2021,Dolj,Liceul Sportiv Constantin Brancusi,Urban,F,7.26,10.0,10.0,9.46,8.56,9.43,1,0,2021
3841,2021,Bacau,Liceul Pedagogic Constantin Brancusi,Rural,F,8.85,5.0,7.67,7.22,7.11,6.84,1,0,2021
3842,2021,Dambovita,Liceul Teoretic Ion Barbu,Rural,M,8.04,9.89,6.27,3.92,4.78,6.96,0,0,2021
3843,2021,Satu Mare,Scoala Nationala Lucian Blaga,Urban,F,8.84,8.24,7.75,6.7,8.06,7.9,1,0,2021
3844,2021,Botosani,Liceul Sportiv Octavian Goga,Urban,F,9.43,6.03,8.42,7.13,7.12,7.42,1,0,2021
3845,2021,Teleorman,Liceul de Arte Ioan Slavici,Urban,M,10.0,5.71,5.0,10.0,6.19,6.64,1,0,2021
3846,2021,Buzau,Colegiul National Ion Barbu,Urban,M,7.79,4.56,6.12,4.87,6.87,5.74,0,0,2021
3847,2021,Iasi,Liceul de Arte Regina Maria,Urban,M,7.67,7.41,7.51,7.61,7.81,7.56,1,0,2021
3848,2021,Mures,Scoala Nationala Onisifor Ghibu,Urban,F,8.16,5.14,9.2,6.78,7.22,7.22,1,0,2021
3849,2021,Brasov,Liceul Pedagogic Constantin Brancusi,Rural,F,7.03,9.06,8.16,6.41,9.3,8.23,1,0,2021
3850,2021,Arad,Liceul Sportiv Mircea cel Batran,Urban,F,9.08,8.01,5.86,8.73,8.81,7.7,1,0,2021
3851,2021,Galati,Colegiul Tehnic Octavian Goga,Rural,F,8.84,7.57,5.0,9.43,9.4,7.48,1,0,2021
3852,2021,Iasi,Scoala Nationala Elena Cuza,Rural,M,7.43,5.91,8.34,7.79,6.96,7.23,1,0,2021
3853,2021,Gorj,Liceul Sportiv Mihai Eminescu,Urban,M,8.01,7.29,4.69,9.23,7.24,6.87,0,1,2021
3854,2021,Botosani,Colegiul National Bogdan Voda,Urban,F,7.3,6.85,7.13,7.08,6.86,7.02,1,0,2021
3855,2021,Olt,Liceul Pedagogic Unirea,Rural,M,8.85,10.0,5.72,7.98,10.0,8.3,1,0,2021
3856,2021,Teleorman,Liceul de Arte Lucian Blaga,Urban,M,8.94,4.64,5.75,7.15,5.78,5.95,0,0,2021
3857,2021,Buzau,Colegiul Tehnic Bogdan Voda,Urban,M,6.81,8.52,7.19,8.56,7.61,7.82,1,0,2021
3858,2021,Vaslui,Colegiul Tehnic Emil Racovita,Urban,F,7.66,7.16,5.24,5.7,9.05,6.7,1,0,2021
3859,2021,Dolj,Scoala Nationala Decebal,Urban,M,6.93,8.28,7.95,9.85,7.4,8.15,1,0,2021
3860,2021,Salaj,Colegiul Tehnic Gheorghe Sincai,Urban,F,9.94,8.1,7.02,8.81,8.63,8.15,1,0,2021
3861,2021,Dambovita,Colegiul National George Cosbuc,Rural,M,9.63,5.2,5.32,9.56,7.49,6.68,1,0,2021
3862,2021,Bacau,Liceul Sportiv Mircea cel Batran,Rural,M,8.24,8.32,5.0,7.43,8.48,7.21,1,0,2021
3863,2021,Vrancea,Colegiul Tehnic Lucian Blaga,Urban,F,7.16,10.0,5.16,8.54,7.37,7.65,1,0,2021
3864,2021,Tulcea,Liceul Pedagogic Ion Luca Caragiale,Urban,M,2.18,6.21,7.69,8.07,6.18,6.53,0,0,2021
3865,2021,Bacau,Liceul de Arte Onisifor Ghibu,Rural,M,4.33,7.51,8.24,3.48,5.66,6.53,0,0,2021
3866,2021,Timis,Liceul Tehnologic Grigore Moisil,Rural,F,6.03,7.5,4.88,9.01,5.63,6.51,0,1,2021
3867,2021,Mures,Liceul Pedagogic Elena Cuza,Urban,M,5.87,6.16,5.45,8.09,4.16,5.91,0,0,2021
3868,2021,Suceava,Liceul Tehnologic Bogdan Voda,Urban,M,6.94,6.68,8.38,8.53,9.73,7.95,1,0,2021
3869,2021,Constanta,Liceul Tehnologic Lucian Blaga,Rural,F,7.87,5.2,10.0,7.61,6.09,7.4,1,0,2021
3870,2021,Bistrita-Nasaud,Scoala Nationala Unirea,Rural,M,7.19,6.76,3.47,3.89,9.65,5.82,0,0,2021
3871,2021,Vrancea,Liceul de Arte Constantin Brancusi,Rural,F,7.39,10.0,4.1,7.75,4.82,6.85,0,0,2021
3872,2021,Giurgiu,Liceul de Arte Bogdan Voda,Urban,F,4.9,7.36,7.86,9.25,5.96,7.34,0,0,2021
3873,2021,Brasov,Liceul de Arte George Cosbuc,Urban,M,9.68,8.37,6.19,6.36,7.03,7.34,1,0,2021
3874,2021,Olt,Liceul Tehnologic Nicolae Balcescu,Urban,M,9.42,8.45,7.1,7.06,8.7,7.97,1,0,2021
3875,2021,Teleorman,Colegiul Economic Ion Luca Caragiale,Urban,M,6.98,7.05,9.57,9.31,8.42,8.34,1,0,2021
3876,2021,Botosani,Liceul Teoretic Gheorghe Sincai,Urban,M,8.5,9.95,5.8,8.55,6.41,7.82,1,0,2021
3877,2021,Braila,Scoala Nationala Alexandru Ioan Cuza,Urban,M,8.88,6.9,8.31,9.19,5.62,7.67,1,0,2021
3878,2021,Hunedoara,Liceul Tehnologic Constantin Brancusi,Urban,F,7.83,10.0,6.69,7.66,5.85,7.82,1,0,2021
3879,2021,Covasna,Liceul Sportiv Ana Ipatescu,Rural,F,8.54,5.33,1.0,5.42,5.84,4.44,0,1,2021
3880,2021,Prahova,Colegiul Economic Bogdan Voda,Rural,F,6.83,6.0,4.18,5.09,5.8,5.37,0,0,2021
3881,2021,Teleorman,Liceul de Arte Mihai Eminescu,Urban,F,7.49,5.41,6.41,7.4,8.58,6.69,1,0,2021
3882,2021,Satu Mare,Liceul Teoretic Mihai Viteazul,Rural,F,9.41,8.88,8.66,7.14,7.39,8.38,1,0,2021
3883,2021,Gorj,Colegiul National Bogdan Voda,Urban,M,9.96,7.22,9.96,8.42,8.34,8.66,1,0,2021
3884,2021,Sibiu,Liceul Tehnologic Tudor Vladimirescu,Urban,M,5.73,6.04,8.04,5.81,7.51,6.79,0,1,2021
3885,2021,Mehedinti,Liceul Teoretic Tudor Vladimirescu,Urban,F,9.59,8.77,5.48,7.64,8.91,7.72,1,0,2021
3886,2021,Dambovita,Liceul Pedagogic Emil Racovita,Rural,F,7.81,6.26,5.38,8.45,4.47,6.21,0,0,2021
3887,2021,Salaj,Liceul Teoretic Elena Cuza,Rural,F,5.99,2.57,6.97,8.59,5.95,5.64,0,0,2021
3888,2021,Bacau,Scoala Nationala Unirea,Urban,F,8.84,6.4,7.74,10.0,7.34,7.73,1,0,2021
3889,2021,Mehedinti,Colegiul National Constantin Brancusi,Rural,F,9.62,8.18,8.79,8.68,8.75,8.67,1,0,2021
3890,2021,Brasov,Colegiul Tehnic Mircea cel Batran,Rural,M,9.43,3.78,4.09,4.94,5.8,4.92,0,0,2021
3891,2021,Ialomita,Liceul Tehnologic Vasile Alecsandri,Rural,F,8.2,4.17,6.71,5.38,5.71,5.75,0,1,2021
3892,2021,Arad,Liceul Pedagogic Ion Luca Caragiale,Urban,F,7.88,10.0,6.94,8.04,8.2,8.31,1,0,2021
3893,2021,Valcea,Colegiul Tehnic Onisifor Ghibu,Urban,M,7.98,7.91,6.68,8.0,8.21,7.61,1,0,2021
3894,2021,Harghita,Colegiul National Dimitrie Cantemir,Urban,M,7.91,6.61,8.01,7.22,8.73,7.57,1,0,2021
3895,2021,Dolj,Liceul Pedagogic Lucian Blaga,Rural,F,6.7,3.86,7.26,6.43,4.55,5.65,0,0,2021
3896,2021,Covasna,Liceul Tehnologic Spiru Haret,Rural,M,8.4,8.32,5.08,7.33,6.7,6.96,1,0,2021
3897,2021,Bacau,Scoala Nationala Alexandru Ioan Cuza,Rural,M,8.76,8.37,7.89,6.75,5.72,7.62,1,0,2021
3898,2021,Tulcea,Liceul Sportiv Unirea,Urban,F,8.54,6.75,6.58,9.7,7.22,7.39,1,0,2021
3899,2021,Dambovita,Liceul Teoretic Mihai Viteazul,Urban,M,7.57,7.23,7.21,4.9,2.92,6.26,0,0,2021
3900,2021,Arad,Colegiul National Ana Ipatescu,Urban,F,7.43,8.2,10.0,7.13,7.32,8.37,1,0,2021
3901,2021,Bihor,Colegiul National Lucian Blaga,Urban,M,7.54,7.21,6.64,7.81,6.82,7.1,1,0,2021
3902,2021,Mehedinti,Scoala Nationala Unirea,Urban,M,6.5,8.13,7.97,8.94,9.07,8.18,1,0,2021
3903,2021,Dolj,Scoala Nationala Constantin Brancusi,Urban,M,8.85,5.29,5.7,7.52,8.03,6.51,1,0,2021
3904,2021,Prahova,Colegiul Economic Gheorghe Sincai,Rural,F,7.05,8.71,5.0,9.02,7.5,7.3,1,0,2021
3905,2021,Hunedoara,Liceul Sportiv Bogdan Voda,Rural,M,7.48,4.72,4.51,6.74,4.95,5.27,0,0,2021
3906,2021,Bistrita-Nasaud,Colegiul Tehnic Alexandru Ioan Cuza,Rural,F,8.9,6.88,7.8,9.47,7.24,7.8,1,0,2021
3907,2021,Vaslui,Liceul Sportiv Lucian Blaga,Rural,M,4.24,7.65,5.79,8.4,7.62,6.86,0,0,2021
3908,2021,Galati,Liceul Pedagogic Traian,Rural,F,9.05,6.14,8.95,10.0,8.2,8.16,1,0,2021
3909,2021,Teleorman,Liceul Sportiv Spiru Haret,Rural,M,5.38,9.5,7.66,7.76,5.81,7.72,1,0,2021
3910,2021,Teleorman,Liceul de Arte Grigore Moisil,Urban,F,8.76,1.75,7.13,7.47,3.6,5.2,0,1,2021
3911,2021,Prahova,Liceul de Arte Ion Barbu,Urban,M,8.17,8.66,8.53,7.99,10.0,8.67,1,0,2021
3912,2021,Harghita,Liceul Teoretic Nicolae Balcescu,Rural,F,7.0,7.26,6.46,7.6,7.38,7.06,1,0,2021
3913,2021,Tulcea,Liceul Pedagogic Bogdan Voda,Urban,F,8.07,5.27,4.68,7.14,6.96,5.91,0,0,2021
3914,2021,Prahova,Liceul Tehnologic Tudor Vladimirescu,Urban,M,10.0,8.95,7.72,6.49,6.62,7.97,1,0,2021
3915,2021,Covasna,Colegiul National Onisifor Ghibu,Urban,F,9.72,7.2,6.05,8.57,10.0,7.73,1,0,2021
3916,2021,Alba,Scoala Nationala Grigore Moisil,Rural,F,9.47,8.57,5.97,8.86,6.53,7.62,1,0,2021
3917,2021,Mures,Liceul Tehnologic Regina Maria,Urban,F,5.55,7.04,3.04,8.55,8.45,6.13,0,0,2021
3918,2021,Mures,Scoala Nationala Mihai Viteazul,Urban,F,8.52,7.26,7.9,8.99,6.03,7.65,1,0,2021
3919,2021,Olt,Liceul de Arte Constantin Brancusi,Rural,M,9.05,7.67,8.02,10.0,7.09,8.18,1,0,2021
3920,2021,Covasna,Colegiul Economic Alexandru Ioan Cuza,Urban,M,9.44,5.77,9.55,10.0,9.43,8.45,1,0,2021
3921,2021,Vaslui,Liceul Sportiv George Cosbuc,Urban,M,6.83,10.0,4.92,3.35,7.42,6.77,0,0,2021
3922,2021,Dolj,Colegiul Economic Avram Iancu,Rural,F,8.71,6.84,6.04,9.72,7.67,7.34,1,0,2021
3923,2021,Arges,Liceul Tehnologic Octavian Goga,Urban,M,8.08,7.84,9.75,9.44,8.29,8.74,1,0,2021
3924,2021,Dambovita,Liceul Tehnologic Stefan cel Mare,Urban,M,10.0,7.39,6.89,8.46,8.05,7.76,1,0,2021
3925,2021,Dambovita,Colegiul National Ion Barbu,Urban,F,7.56,7.02,6.24,6.97,5.9,6.66,1,0,2021
3926,2021,Tulcea,Colegiul National Tudor Vladimirescu,Rural,F,7.77,5.83,6.95,6.71,5.63,6.46,1,0,2021
3927,2021,Constanta,Liceul Tehnologic Decebal,Urban,M,9.79,6.82,7.51,9.6,5.65,7.57,1,0,2021
3928,2021,Braila,Colegiul National Nicolae Balcescu,Urban,F,4.65,9.7,5.2,7.17,8.42,7.27,0,0,2021
3929,2021,Galati,Liceul Pedagogic Traian,Urban,M,9.21,8.35,8.09,5.51,6.45,7.65,1,0,2021
3930,2021,Ialomita,Scoala Nationala Emil Racovita,Urban,F,7.11,5.31,9.99,8.81,6.31,7.57,1,0,2021
3931,2021,Calarasi,Scoala Nationala Emil Racovita,Urban,M,7.17,7.02,6.81,7.67,5.54,6.85,1,0,2021
3932,2021,Dolj,Liceul Tehnologic Marin Preda,Rural,F,6.36,9.93,7.31,5.64,10.0,8.15,1,0,2021
3933,2021,Arad,Scoala Nationala Ion Luca Caragiale,Urban,M,7.86,5.58,10.0,7.45,9.82,8.05,1,0,2021
3934,2021,Olt,Colegiul Tehnic Spiru Haret,Urban,F,6.42,8.42,7.18,8.33,8.32,7.82,1,0,2021
3935,2021,Braila,Liceul Sportiv Nicolae Balcescu,Urban,F,4.83,6.57,2.24,7.64,4.74,4.98,0,0,2021
3936,2021,Timis,Liceul Tehnologic Traian,Urban,F,6.8,9.97,7.04,6.58,7.05,7.83,1,0,2021
3937,2021,Tulcea,Scoala Nationala Mihai Viteazul,Urban,F,8.08,6.83,7.76,6.64,8.22,7.41,1,0,2021
3938,2021,Bihor,Liceul de Arte Emil Racovita,Urban,F,8.7,10.0,6.89,9.17,8.44,8.58,1,0,2021
3939,2021,Tulcea,Colegiul Economic Octavian Goga,Rural,F,7.41,7.63,9.75,6.54,8.5,8.21,1,0,2021
3940,2021,Neamt,Scoala Nationala Ion Luca Caragiale,Urban,F,6.61,7.95,7.76,6.85,10.0,7.9,1,0,2021
3941,2021,Alba,Scoala Nationala Mihai Viteazul,Urban,F,8.44,7.41,8.82,7.62,5.56,7.69,0,1,2021
3942,2021,Buzau,Colegiul National George Cosbuc,Rural,F,6.82,5.04,4.5,4.11,4.46,4.83,0,0,2021
3943,2021,Harghita,Scoala Nationala Mihai Viteazul,Urban,F,8.85,7.6,8.2,10.0,6.27,8.07,1,0,2021
3944,2021,Bihor,Liceul Tehnologic Grigore Moisil,Urban,M,8.87,6.29,5.71,6.29,7.25,6.52,1,0,2021
3945,2021,Arad,Liceul Sportiv Gheorghe Sincai,Rural,F,9.48,7.24,8.89,10.0,10.0,8.79,1,0,2021
3946,2021,Bacau,Scoala Nationala Regina Maria,Urban,M,5.94,4.87,5.27,7.42,4.44,5.42,0,0,2021
3947,2021,Constanta,Liceul Sportiv Ioan Slavici,Urban,M,5.92,5.9,6.11,4.67,7.02,5.95,0,0,2021
3948,2021,Covasna,Colegiul National Emil Racovita,Urban,M,5.94,4.03,4.21,3.64,7.73,4.77,0,1,2021
3949,2021,Valcea,Liceul Pedagogic Spiru Haret,Urban,F,8.99,8.59,8.54,8.0,7.23,8.32,1,0,2021
3950,2021,Ialomita,Colegiul National Vasile Alecsandri,Urban,F,9.6,6.67,9.54,8.94,9.21,8.55,1,0,2021
3951,2021,Botosani,Liceul Sportiv Bogdan Voda,Urban,F,7.85,5.41,6.83,7.75,6.87,6.65,1,0,2021
3952,2021,Vrancea,Liceul Teoretic Grigore Moisil,Urban,F,9.48,8.98,7.71,7.95,6.86,8.18,1,0,2021
3953,2021,Timis,Liceul Tehnologic Unirea,Rural,F,8.52,8.32,5.61,6.26,8.44,7.24,1,0,2021
3954,2021,Alba,Liceul Sportiv Unirea,Rural,M,5.11,6.68,8.43,5.0,5.0,6.54,1,0,2021
3955,2021,Calarasi,Liceul de Arte Regina Maria,Urban,F,7.37,5.09,10.0,9.09,6.38,7.58,1,0,2021
3956,2021,Brasov,Liceul Sportiv George Cosbuc,Urban,M,8.35,9.38,7.83,9.25,6.6,8.38,1,0,2021
3957,2021,Calarasi,Liceul Sportiv Octavian Goga,Rural,M,6.1,2.52,2.33,7.22,5.8,4.02,0,0,2021
3958,2021,Cluj,Colegiul Economic Avram Iancu,Urban,M,9.34,8.14,8.96,6.65,7.08,8.12,1,0,2021
3959,2021,Iasi,Liceul Teoretic Avram Iancu,Rural,F,8.7,6.52,7.34,7.39,9.52,7.56,1,0,2021
3960,2021,Tulcea,Liceul Sportiv Alexandru Ioan Cuza,Rural,M,7.05,4.87,9.81,4.73,4.48,6.49,0,0,2021
3961,2021,Prahova,Colegiul Tehnic Mircea cel Batran,Urban,M,9.32,8.19,5.93,9.03,7.54,7.65,1,0,2021
3962,2021,Bucuresti,Liceul Sportiv Ion Luca Caragiale,Rural,M,7.84,6.77,7.21,7.51,8.78,7.42,1,0,2021
3963,2021,Valcea,Liceul de Arte Ana Ipatescu,Rural,F,7.71,5.0,7.29,6.54,9.08,6.8,1,0,2021
3964,2021,Harghita,Colegiul National Ion Barbu,Urban,F,8.75,8.75,5.0,8.04,8.37,7.46,1,0,2021
3965,2021,Tulcea,Scoala Nationala Mircea cel Batran,Urban,M,9.62,7.36,10.0,6.28,8.8,8.43,1,0,2021
3966,2021,Gorj,Colegiul National Mircea cel Batran,Urban,F,10.0,5.13,6.26,9.14,8.05,7.0,1,0,2021
3967,2021,Bacau,Liceul de Arte Mihai Viteazul,Urban,F,7.33,8.42,5.0,8.65,5.0,6.81,1,0,2021
3968,2021,Mures,Liceul Tehnologic Ioan Slavici,Urban,M,8.0,9.95,7.21,8.56,8.82,8.56,1,0,2021
3969,2021,Valcea,Colegiul Tehnic Nicolae Balcescu,Urban,F,8.54,10.0,7.72,7.19,7.22,8.33,1,0,2021
3970,2021,Bistrita-Nasaud,Colegiul National Regina Maria,Rural,F,8.0,6.7,9.02,9.63,7.94,8.15,1,0,2021
3971,2021,Ialomita,Liceul Teoretic Onisifor Ghibu,Urban,F,8.7,6.92,8.61,9.3,8.14,8.14,1,0,2021
3972,2021,Cluj,Liceul de Arte Dimitrie Cantemir,Urban,M,7.69,9.05,7.66,8.01,6.9,8.02,1,0,2021
3973,2021,Alba,Liceul Tehnologic Regina Maria,Rural,M,10.0,7.28,3.2,8.73,5.63,6.3,0,0,2021
3974,2021,Vrancea,Liceul Pedagogic Avram Iancu,Urban,M,7.92,7.35,6.58,9.9,7.62,7.6,1,0,2021
3975,2021,Teleorman,Liceul de Arte Decebal,Rural,M,6.26,3.01,5.48,8.37,10.0,5.93,0,0,2021
3976,2021,Satu Mare,Liceul de Arte Alexandru Ioan Cuza,Rural,M,10.0,3.18,4.51,3.7,4.72,4.57,0,0,2021
3977,2021,Calarasi,Liceul Sportiv Spiru Haret,Urban,M,7.09,10.0,3.44,7.12,3.29,6.3,0,0,2021
3978,2021,Alba,Colegiul National Unirea,Urban,F,8.06,5.73,8.52,8.03,6.3,7.23,1,0,2021
3979,2021,Bucuresti,Liceul Teoretic Grigore Moisil,Urban,F,9.36,5.25,5.52,8.49,9.32,6.84,1,0,2021
3980,2021,Harghita,Liceul de Arte Lucian Blaga,Urban,F,7.82,9.11,7.44,9.81,8.72,8.53,1,0,2021
3981,2021,Bacau,Liceul Teoretic Tudor Vladimirescu,Rural,F,8.31,6.16,10.0,6.71,2.45,7.05,0,0,2021
3982,2021,Bacau,Liceul Pedagogic Unirea,Rural,F,7.53,7.42,7.84,8.58,7.99,7.82,1,0,2021
3983,2021,Constanta,Colegiul National Gheorghe Sincai,Urban,F,10.0,6.79,10.0,8.27,6.8,8.3,1,0,2021
3984,2021,Covasna,Liceul de Arte Avram Iancu,Rural,M,5.91,8.48,5.66,6.52,5.2,6.59,1,0,2021
3985,2021,Dambovita,Scoala Nationala Vasile Alecsandri,Urban,F,7.51,5.85,9.06,3.22,6.69,6.71,0,0,2021
3986,2021,Dambovita,Colegiul Tehnic Nicolae Balcescu,Urban,F,7.73,6.99,7.97,7.06,10.0,7.82,1,0,2021
3987,2021,Dambovita,Liceul Pedagogic Onisifor Ghibu,Urban,F,8.53,7.25,7.4,7.95,8.92,7.78,1,0,2021
3988,2021,Galati,Liceul Sportiv Avram Iancu,Urban,M,8.57,9.76,8.66,6.6,10.0,8.87,1,0,2021
3989,2021,Dambovita,Colegiul National Ioan Slavici,Urban,F,7.76,7.83,9.52,8.06,8.03,8.39,1,0,2021
3990,2021,Braila,Liceul Teoretic Marin Preda,Urban,M,6.55,8.72,5.62,4.7,9.78,7.13,0,0,2021
3991,2021,Salaj,Colegiul National Gheorghe Sincai,Urban,M,6.64,9.74,8.22,8.11,7.67,8.42,1,0,2021
3992,2021,Harghita,Liceul Tehnologic Marin Preda,Rural,F,5.53,7.71,1.19,7.14,3.74,4.85,0,0,2021
3993,2021,Braila,Liceul Sportiv Onisifor Ghibu,Urban,F,8.35,7.45,7.73,9.1,7.63,7.9,1,0,2021
3994,2021,Vaslui,Liceul de Arte Ana Ipatescu,Urban,F,8.87,8.44,6.84,9.01,10.0,8.32,1,0,2021
3995,2021,Dambovita,Liceul Teoretic Decebal,Rural,F,7.34,7.07,3.79,5.55,6.13,5.74,0,0,2021
3996,2021,Ialomita,Liceul Sportiv Vasile Alecsandri,Rural,M,8.98,8.04,9.84,3.67,3.75,7.38,0,0,2021
3997,2021,Dambovita,Liceul Pedagogic Dimitrie Cantemir,Urban,F,9.14,9.61,6.83,10.0,9.38,8.75,1,0,2021
3998,2021,Neamt,Liceul Teoretic Bogdan Voda,Urban,F,8.73,6.88,5.21,8.53,7.05,6.84,1,0,2021
3999,2021,Teleorman,Colegiul Tehnic Lucian Blaga,Rural,M,7.53,7.23,6.64,8.49,7.66,7.34,1,0,2021
4000,2021,Alba,Liceul Pedagogic Ioan Slavici,Urban,M,6.94,5.12,5.58,8.17,8.8,6.45,1,0,2021
4001,2021,Valcea,Colegiul Economic Decebal,Urban,F,8.93,8.37,6.43,6.51,7.83,7.48,1,0,2021
4002,2021,Bihor,Colegiul Economic Mihai Eminescu,Urban,M,7.89,5.79,6.29,5.92,5.44,6.12,1,0,2021
4003,2021,Vaslui,Colegiul Economic Spiru Haret,Urban,F,9.0,7.8,8.17,8.28,7.6,8.07,1,0,2021
4004,2021,Bacau,Scoala Nationala Ion Luca Caragiale,Rural,M,7.65,8.03,2.0,3.5,4.03,4.9,0,0,2021
4005,2021,Covasna,Liceul Teoretic Tudor Vladimirescu,Urban,M,6.51,7.66,3.24,10.0,9.36,6.82,0,0,2021
4006,2021,Brasov,Liceul de Arte George Cosbuc,Urban,F,8.47,7.14,5.0,7.77,6.8,6.67,1,0,2021
4007,2021,Iasi,Liceul de Arte Mircea cel Batran,Rural,M,7.96,7.31,6.1,10.0,8.05,7.53,0,1,2021
4008,2021,Ialomita,Liceul Tehnologic Tudor Vladimirescu,Rural,M,5.08,7.32,5.48,3.95,3.56,5.47,0,0,2021
4009,2021,Alba,Colegiul National Spiru Haret,Urban,F,9.24,8.83,6.21,9.85,7.51,8.04,1,0,2021
4010,2021,Timis,Liceul Sportiv Ioan Slavici,Urban,M,10.0,6.51,8.03,7.05,8.6,7.71,1,0,2021
4011,2021,Prahova,Scoala Nationala Alexandru Ioan Cuza,Urban,F,6.84,7.46,7.52,5.97,10.0,7.57,0,1,2021
4012,2021,Arad,Liceul Sportiv Ana Ipatescu,Rural,F,9.94,7.85,6.34,8.97,5.95,7.49,1,0,2021
4013,2021,Valcea,Liceul Pedagogic Marin Preda,Urban,M,5.98,6.77,6.47,8.1,4.34,6.44,0,0,2021
4014,2021,Covasna,Liceul Sportiv Gheorghe Sincai,Urban,M,6.96,6.71,6.55,9.02,9.55,7.46,1,0,2021
4015,2021,Neamt,Liceul de Arte George Cosbuc,Urban,F,7.81,6.53,3.17,7.38,10.0,6.3,0,0,2021
4016,2021,Salaj,Colegiul Economic Nicolae Balcescu,Rural,F,9.16,7.43,8.32,8.84,7.93,8.16,1,0,2021
4017,2021,Valcea,Liceul Pedagogic Alexandru Ioan Cuza,Rural,M,3.49,4.48,3.65,6.95,2.35,4.18,0,0,2021
4018,2021,Bucuresti,Colegiul National Spiru Haret,Rural,F,9.35,7.73,5.44,7.51,8.01,7.21,1,0,2021
4019,2021,Iasi,Colegiul Tehnic Alexandru Ioan Cuza,Urban,M,8.7,9.23,3.33,5.12,9.43,6.82,0,0,2021
4020,2021,Satu Mare,Colegiul Economic Mihai Viteazul,Rural,F,7.37,4.14,7.76,7.15,10.0,6.88,0,0,2021
4021,2021,Vaslui,Liceul Pedagogic Traian,Rural,M,4.9,8.62,2.41,9.15,8.29,6.42,0,0,2021
4022,2021,Buzau,Liceul Pedagogic Lucian Blaga,Urban,F,9.15,7.84,6.41,7.06,5.83,7.12,1,0,2021
4023,2021,Bacau,Scoala Nationala Spiru Haret,Rural,F,4.26,6.76,6.43,4.62,5.33,5.88,0,0,2021
4024,2021,Vaslui,Liceul Sportiv Tudor Vladimirescu,Rural,M,9.57,8.72,2.33,6.34,3.18,5.7,0,0,2021
4025,2021,Satu Mare,Colegiul National Stefan cel Mare,Urban,F,7.22,8.97,8.27,8.79,6.53,8.19,1,0,2021
4026,2021,Dolj,Colegiul National Unirea,Urban,M,10.0,10.0,6.1,6.99,9.21,8.26,1,0,2021
4027,2021,Dambovita,Colegiul Tehnic Mihai Eminescu,Urban,M,7.77,9.56,5.09,8.39,7.7,7.59,1,0,2021
4028,2021,Giurgiu,Colegiul Economic Lucian Blaga,Urban,M,6.67,5.39,4.37,3.01,7.23,5.13,0,0,2021
4029,2021,Maramures,Liceul de Arte Vasile Alecsandri,Urban,M,7.92,10.0,7.22,7.49,10.0,8.58,1,0,2021
4030,2021,Maramures,Liceul de Arte Mircea cel Batran,Urban,F,8.31,5.7,8.03,10.0,6.82,7.47,1,0,2021
4031,2021,Alba,Liceul Pedagogic Nicolae Balcescu,Urban,F,9.12,8.93,5.55,10.0,8.18,7.98,1,0,2021
4032,2021,Prahova,Liceul Tehnologic Marin Preda,Urban,M,7.52,9.72,8.94,10.0,7.36,8.95,1,0,2021
4033,2021,Ilfov,Liceul Teoretic Regina Maria,Urban,M,8.63,9.5,6.26,7.0,6.38,7.6,1,0,2021
4034,2021,Bucuresti,Colegiul National Lucian Blaga,Urban,M,8.41,7.16,7.29,8.88,7.45,7.63,1,0,2021
4035,2021,Mehedinti,Liceul Tehnologic Stefan cel Mare,Urban,M,9.06,7.06,5.0,8.4,8.07,6.99,1,0,2021
4036,2021,Salaj,Colegiul National Unirea,Urban,F,7.68,6.42,5.79,8.94,7.87,6.95,1,0,2021
4037,2021,Constanta,Liceul de Arte Ion Barbu,Urban,F,8.15,6.67,5.21,6.3,7.18,6.4,1,0,2021
4038,2021,Gorj,Liceul Pedagogic Elena Cuza,Urban,F,8.04,9.38,6.52,8.16,8.01,8.0,1,0,2021
4039,2021,Galati,Liceul Teoretic Alexandru Ioan Cuza,Urban,M,2.55,6.1,10.0,8.01,9.77,7.75,0,0,2021
4040,2021,Harghita,Liceul Teoretic Regina Maria,Urban,F,9.19,10.0,7.51,9.51,6.35,8.55,1,0,2021
4041,2021,Buzau,Liceul Teoretic Regina Maria,Urban,F,8.37,10.0,5.35,7.15,6.91,7.55,1,0,2021
4042,2021,Brasov,Colegiul National Tudor Vladimirescu,Rural,F,8.68,8.2,7.62,6.91,8.29,7.89,1,0,2021
4043,2021,Galati,Scoala Nationala Unirea,Urban,M,1.0,8.96,5.94,9.67,5.37,6.83,0,0,2021
4044,2021,Vaslui,Colegiul Economic Bogdan Voda,Rural,M,7.05,7.57,3.03,4.34,3.15,5.01,0,0,2021
4045,2021,Salaj,Liceul Pedagogic George Cosbuc,Urban,M,4.9,7.84,9.5,6.57,3.68,7.23,0,0,2021
4046,2021,Giurgiu,Liceul Teoretic Grigore Moisil,Urban,M,7.87,7.51,7.81,9.35,6.96,7.83,1,0,2021
4047,2021,Botosani,Liceul Teoretic Elena Cuza,Urban,M,2.44,7.99,4.82,6.8,8.11,6.32,0,0,2021
4048,2021,Olt,Liceul Sportiv Nicolae Balcescu,Rural,M,8.52,6.72,6.44,9.24,7.11,7.25,1,0,2021
4049,2021,Tulcea,Colegiul Economic Constantin Brancusi,Rural,M,7.21,6.23,8.81,7.09,9.13,7.67,1,0,2021
4050,2021,Sibiu,Liceul Teoretic Gheorghe Sincai,Urban,F,6.77,3.98,6.62,9.1,6.89,6.26,0,1,2021
4051,2021,Maramures,Liceul Tehnologic Constantin Brancusi,Urban,F,8.42,8.97,9.66,8.38,8.59,8.98,1,0,2021
4052,2021,Satu Mare,Liceul Pedagogic Mihai Eminescu,Urban,M,8.5,9.92,8.86,6.58,8.23,8.71,1,0,2021
4053,2021,Olt,Scoala Nationala Constantin Brancusi,Urban,M,8.86,5.24,5.0,8.72,7.68,6.42,1,0,2021
4054,2021,Dambovita,Liceul Pedagogic George Cosbuc,Urban,F,7.35,8.62,5.34,6.32,8.27,7.11,1,0,2021
4055,2021,Bucuresti,Colegiul Economic Mihai Eminescu,Urban,F,8.28,7.41,4.91,6.86,9.87,7.03,0,1,2021
4056,2021,Olt,Scoala Nationala Nicolae Balcescu,Urban,M,5.61,10.0,9.84,9.03,8.72,9.18,1,0,2021
4057,2021,Mehedinti,Colegiul National Traian,Urban,M,8.67,9.96,9.44,4.81,8.83,8.73,0,1,2021
4058,2021,Gorj,Colegiul Economic Nicolae Balcescu,Urban,F,10.0,7.05,8.27,8.61,8.9,8.22,1,0,2021
4059,2021,Gorj,Scoala Nationala Tudor Vladimirescu,Urban,F,9.78,6.04,8.11,6.85,9.07,7.61,1,0,2021
4060,2021,Harghita,Scoala Nationala Unirea,Rural,F,8.19,7.54,7.04,5.96,8.8,7.41,1,0,2021
4061,2021,Galati,Colegiul Tehnic Tudor Vladimirescu,Urban,F,4.9,8.37,5.42,7.3,9.82,7.19,0,0,2021
4062,2021,Prahova,Liceul Sportiv Onisifor Ghibu,Rural,F,10.0,4.84,3.69,6.76,7.21,5.65,0,0,2021
4063,2021,Hunedoara,Colegiul Tehnic Ion Barbu,Urban,F,7.4,6.3,8.86,7.05,1.85,6.62,0,0,2021
4064,2021,Botosani,Colegiul Economic Ion Barbu,Urban,M,7.95,10.0,9.88,6.66,10.0,9.26,1,0,2021
4065,2021,Arges,Liceul Pedagogic Octavian Goga,Urban,F,7.27,8.59,9.5,6.21,7.75,8.25,1,0,2021
4066,2021,Iasi,Colegiul Tehnic Alexandru Ioan Cuza,Urban,M,9.73,6.96,5.71,8.93,6.72,7.12,1,0,2021
4067,2021,Suceava,Liceul de Arte Marin Preda,Urban,M,2.72,4.61,6.4,8.16,4.36,5.45,0,0,2021
4068,2021,Satu Mare,Colegiul Tehnic Marin Preda,Rural,F,8.33,6.95,5.6,8.77,9.99,7.41,1,0,2021
4069,2021,Alba,Liceul Tehnologic Tudor Vladimirescu,Rural,M,5.25,8.22,4.26,4.87,6.09,5.91,0,0,2021
4070,2021,Covasna,Liceul Sportiv Mircea cel Batran,Rural,M,8.69,7.02,6.22,3.33,7.34,6.44,0,0,2021
4071,2021,Covasna,Liceul Tehnologic Gheorghe Sincai,Rural,M,8.11,5.08,7.03,8.13,7.8,6.83,1,0,2021
4072,2021,Buzau,Scoala Nationala Ion Barbu,Rural,F,10.0,7.33,8.18,9.33,8.11,8.27,1,0,2021
4073,2021,Suceava,Liceul Tehnologic Grigore Moisil,Urban,F,8.23,7.63,9.49,9.15,6.25,8.27,1,0,2021
4074,2021,Maramures,Liceul Teoretic Regina Maria,Urban,M,5.83,4.52,4.83,6.63,5.09,5.15,0,0,2021
4075,2021,Brasov,Liceul Sportiv Regina Maria,Rural,F,7.51,6.33,5.56,7.55,7.72,6.61,1,0,2021
4076,2021,Alba,Colegiul Tehnic Ion Barbu,Urban,M,7.37,8.64,9.37,9.09,9.31,8.9,1,0,2021
4077,2021,Valcea,Liceul Tehnologic Lucian Blaga,Urban,M,7.43,9.07,5.61,9.86,7.92,7.81,1,0,2021
4078,2021,Vaslui,Liceul Pedagogic Tudor Vladimirescu,Urban,F,8.98,8.9,7.16,9.6,6.86,8.18,1,0,2021
4079,2021,Covasna,Colegiul National Vasile Alecsandri,Rural,M,6.75,6.53,2.65,5.73,5.77,5.15,0,0,2021
4080,2021,Bucuresti,Colegiul Tehnic Decebal,Rural,F,6.65,1.0,2.34,4.32,8.66,3.61,0,1,2021
4081,2021,Satu Mare,Colegiul Economic Tudor Vladimirescu,Rural,M,8.09,5.65,5.95,9.46,6.14,6.63,1,0,2021
4082,2021,Buzau,Colegiul National Lucian Blaga,Urban,F,8.48,7.11,6.63,7.69,8.26,7.36,1,0,2021
4083,2021,Cluj,Liceul Teoretic Emil Racovita,Urban,F,7.59,4.79,7.52,4.13,10.0,6.57,0,1,2021
4084,2021,Bacau,Liceul Teoretic Grigore Moisil,Urban,F,7.47,5.44,5.61,8.15,8.68,6.59,1,0,2021
4085,2021,Constanta,Scoala Nationala George Cosbuc,Urban,M,9.16,7.3,8.23,10.0,9.14,8.45,1,0,2021
4086,2021,Bistrita-Nasaud,Scoala Nationala Ion Luca Caragiale,Rural,F,9.12,7.62,6.94,8.84,8.48,7.88,1,0,2021
4087,2021,Constanta,Colegiul National Onisifor Ghibu,Urban,F,7.51,8.0,7.57,10.0,9.3,8.32,1,0,2021
4088,2021,Timis,Colegiul Tehnic George Cosbuc,Rural,F,8.91,9.05,10.0,9.37,8.81,9.33,1,0,2021
4089,2021,Galati,Liceul Sportiv Mircea cel Batran,Urban,F,7.94,8.85,10.0,9.33,10.0,9.35,1,0,2021
4090,2021,Mures,Colegiul Economic George Cosbuc,Rural,M,4.9,4.41,5.56,8.76,8.09,6.01,0,0,2021
4091,2021,Suceava,Colegiul Tehnic Onisifor Ghibu,Urban,M,7.6,6.21,3.9,6.57,5.01,5.53,0,1,2021
4092,2021,Mehedinti,Colegiul Tehnic Ion Barbu,Rural,F,7.29,10.0,5.71,10.0,8.01,8.14,1,0,2021
4093,2021,Constanta,Colegiul Economic Decebal,Urban,M,8.83,10.0,8.53,7.56,8.18,8.8,1,0,2021
4094,2021,Sibiu,Liceul Teoretic Dimitrie Cantemir,Urban,M,6.76,7.47,8.2,7.15,5.64,7.3,1,0,2021
4095,2021,Alba,Liceul Teoretic Elena Cuza,Rural,F,6.98,5.76,8.22,9.63,5.0,7.09,1,0,2021
4096,2021,Dambovita,Scoala Nationala Ioan Slavici,Rural,M,9.63,4.15,7.24,6.99,7.67,6.58,0,0,2021
4097,2021,Mehedinti,Colegiul Tehnic Constantin Brancusi,Rural,M,5.23,2.78,3.83,7.31,10.0,5.1,0,0,2021
4098,2021,Vrancea,Liceul Tehnologic Lucian Blaga,Urban,M,9.6,7.24,8.15,7.17,7.41,7.76,1,0,2021
4099,2021,Vrancea,Scoala Nationala Gheorghe Sincai,Urban,F,9.18,7.24,6.55,1.98,6.04,6.26,0,0,2021
4100,2021,Teleorman,Liceul Teoretic George Cosbuc,Urban,F,7.42,9.3,10.0,7.39,7.71,8.8,1,0,2021
4101,2021,Dambovita,Scoala Nationala Mihai Eminescu,Urban,F,5.46,8.37,6.94,7.84,5.92,7.2,0,1,2021
4102,2021,Bistrita-Nasaud,Colegiul National Onisifor Ghibu,Rural,F,6.87,7.98,7.76,4.26,5.13,6.82,0,0,2021
4103,2021,Calarasi,Colegiul National Avram Iancu,Rural,M,4.88,6.8,7.55,5.97,5.07,6.45,0,0,2021
4104,2021,Buzau,Colegiul Tehnic Constantin Brancusi,Urban,M,7.78,10.0,8.7,8.44,7.58,8.79,1,0,2021
4105,2021,Mures,Colegiul National Stefan cel Mare,Urban,M,7.57,7.52,6.15,8.44,7.89,7.31,1,0,2021
4106,2021,Hunedoara,Liceul Tehnologic Decebal,Urban,F,9.85,9.86,7.69,8.21,8.46,8.75,1,0,2021
4107,2021,Vrancea,Colegiul Tehnic Spiru Haret,Urban,M,7.41,9.67,9.75,6.95,7.76,8.77,1,0,2021
4108,2021,Tulcea,Liceul de Arte Onisifor Ghibu,Urban,M,7.43,7.94,8.16,10.0,7.4,8.18,1,0,2021
4109,2021,Tulcea,Liceul Sportiv Gheorghe Sincai,Rural,M,8.37,2.02,4.22,2.94,4.88,3.88,0,0,2021
4110,2021,Covasna,Colegiul Tehnic Elena Cuza,Rural,M,8.55,6.35,3.94,8.29,6.9,6.22,0,0,2021
4111,2021,Mehedinti,Liceul Teoretic Avram Iancu,Rural,F,6.79,7.37,8.09,9.01,8.44,7.93,1,0,2021
4112,2021,Timis,Colegiul National Emil Racovita,Urban,M,6.6,7.64,9.49,7.68,10.0,8.45,1,0,2021
4113,2021,Arges,Scoala Nationala Elena Cuza,Urban,M,7.18,4.05,6.95,6.91,8.0,6.25,0,1,2021
4114,2021,Bucuresti,Liceul Sportiv Alexandru Ioan Cuza,Urban,M,8.83,6.94,7.12,7.45,10.0,7.72,1,0,2021
4115,2021,Calarasi,Scoala Nationala Ion Luca Caragiale,Rural,F,7.6,7.05,10.0,9.25,8.73,8.57,1,0,2021
4116,2021,Calarasi,Liceul de Arte Onisifor Ghibu,Rural,F,7.95,5.02,6.18,7.61,6.8,6.32,1,0,2021
4117,2021,Buzau,Liceul Sportiv Grigore Moisil,Urban,F,7.73,6.28,6.77,6.31,1.0,5.78,0,1,2021
4118,2021,Satu Mare,Liceul Tehnologic Mihai Viteazul,Urban,M,10.0,7.64,6.43,7.9,9.64,7.85,1,0,2021
4119,2021,Neamt,Liceul Teoretic Avram Iancu,Rural,F,10.0,6.03,6.79,6.36,6.21,6.73,1,0,2021
4120,2021,Iasi,Liceul de Arte Ana Ipatescu,Urban,M,10.0,5.33,1.3,7.74,9.16,5.52,0,1,2021
4121,2021,Vrancea,Liceul Tehnologic Ioan Slavici,Urban,M,8.45,7.9,7.78,7.39,8.0,7.86,1,0,2021
4122,2021,Cluj,Colegiul National Constantin Brancusi,Urban,F,9.06,8.86,6.71,9.33,6.66,7.98,1,0,2021
4123,2021,Dolj,Colegiul Tehnic Mihai Eminescu,Urban,F,9.79,9.61,9.29,8.44,7.3,9.01,1,0,2021
4124,2021,Constanta,Liceul Pedagogic Stefan cel Mare,Rural,M,6.46,3.86,6.7,7.61,5.7,5.81,0,0,2021
4125,2021,Covasna,Liceul Tehnologic Grigore Moisil,Urban,M,8.46,6.4,8.02,5.7,3.14,6.5,0,0,2021
4126,2021,Brasov,Colegiul Economic Ion Barbu,Rural,M,8.43,4.08,7.91,3.38,5.91,5.83,0,0,2021
4127,2021,Maramures,Colegiul National Alexandru Ioan Cuza,Rural,F,7.18,7.86,6.41,7.1,6.46,7.03,1,0,2021
4128,2021,Alba,Colegiul National Tudor Vladimirescu,Urban,F,7.34,6.24,5.0,8.55,9.07,6.75,1,0,2021
4129,2021,Mehedinti,Scoala Nationala Octavian Goga,Urban,F,7.6,7.12,4.75,9.01,10.0,7.17,0,1,2021
4130,2021,Timis,Liceul Sportiv Dimitrie Cantemir,Urban,F,8.37,8.61,6.92,10.0,6.1,7.91,1,0,2021
4131,2021,Vaslui,Colegiul National Unirea,Rural,M,8.46,6.87,10.0,7.29,5.73,7.86,1,0,2021
4132,2021,Botosani,Colegiul Economic Decebal,Urban,F,10.0,5.14,10.0,8.79,5.66,7.71,1,0,2021
4133,2021,Mures,Liceul de Arte Ion Barbu,Urban,M,8.36,7.27,7.24,7.66,8.63,7.63,1,0,2021
4134,2021,Ialomita,Liceul Tehnologic Bogdan Voda,Urban,M,7.49,8.82,4.57,5.98,9.48,7.08,0,0,2021
4135,2021,Bacau,Liceul Sportiv Mircea cel Batran,Urban,M,9.5,8.03,10.0,8.09,9.39,8.98,1,0,2021
4136,2021,Harghita,Liceul Pedagogic Mihai Viteazul,Urban,M,7.21,7.01,1.5,9.33,5.28,5.47,0,0,2021
4137,2021,Constanta,Liceul Teoretic Regina Maria,Urban,F,9.26,8.3,10.0,8.8,7.77,8.9,1,0,2021
4138,2021,Calarasi,Liceul Tehnologic Constantin Brancusi,Rural,F,7.2,9.03,5.0,5.66,7.43,6.89,1,0,2021
4139,2021,Teleorman,Liceul Teoretic Constantin Brancusi,Urban,F,10.0,6.37,8.21,9.76,3.58,7.38,0,1,2021
4140,2021,Dolj,Scoala Nationala Ana Ipatescu,Urban,M,6.96,4.7,4.51,10.0,4.68,5.66,0,0,2021
4141,2021,Satu Mare,Liceul Pedagogic Ion Barbu,Urban,M,7.54,4.23,7.62,9.33,7.57,6.84,0,0,2021
4142,2021,Ilfov,Liceul Pedagogic Bogdan Voda,Rural,F,5.12,7.81,8.56,7.27,2.81,6.94,0,0,2021
4143,2021,Cluj,Colegiul Economic Constantin Brancusi,Urban,M,9.89,7.38,7.01,9.56,8.94,8.08,1,0,2021
4144,2021,Salaj,Colegiul Tehnic Emil Racovita,Urban,M,9.63,8.56,6.04,7.53,9.74,7.93,1,0,2021
4145,2021,Vaslui,Liceul de Arte Constantin Brancusi,Rural,F,7.95,7.15,5.24,5.0,8.27,6.5,1,0,2021
4146,2021,Buzau,Liceul Teoretic George Cosbuc,Urban,F,9.54,8.53,8.28,6.32,3.49,7.47,0,0,2021
4147,2021,Iasi,Colegiul National Emil Racovita,Rural,M,7.4,8.31,8.19,5.76,3.58,7.09,0,0,2021
4148,2021,Calarasi,Scoala Nationala Decebal,Urban,M,7.34,6.61,6.8,8.62,2.49,6.42,0,0,2021
4149,2021,Constanta,Liceul Tehnologic Bogdan Voda,Urban,F,7.09,9.25,9.77,10.0,7.97,9.11,1,0,2021
4150,2021,Tulcea,Colegiul National Bogdan Voda,Rural,M,6.81,5.16,1.36,8.47,10.0,5.41,0,0,2021
4151,2021,Maramures,Liceul Sportiv Unirea,Rural,M,6.39,4.77,5.0,6.66,4.13,5.19,0,0,2021
4152,2021,Braila,Colegiul Economic Regina Maria,Urban,M,6.96,8.83,6.95,9.36,7.66,7.98,1,0,2021
4153,2021,Dambovita,Scoala Nationala Bogdan Voda,Urban,M,5.93,7.93,9.47,9.21,5.39,8.0,1,0,2021
4154,2021,Buzau,Scoala Nationala Grigore Moisil,Urban,M,6.88,9.16,5.0,9.82,8.18,7.64,1,0,2021
4155,2021,Mehedinti,Liceul Pedagogic Onisifor Ghibu,Urban,F,8.68,9.05,6.98,10.0,8.37,8.43,1,0,2021
4156,2021,Tulcea,Colegiul National Mircea cel Batran,Urban,M,7.24,9.51,10.0,7.86,9.83,9.23,1,0,2021
4157,2021,Dolj,Liceul Pedagogic Emil Racovita,Urban,F,7.16,7.69,8.07,10.0,5.04,7.7,1,0,2021
4158,2021,Prahova,Liceul Pedagogic Gheorghe Sincai,Rural,M,7.53,7.9,5.96,8.1,7.28,7.22,1,0,2021
4159,2021,Arges,Colegiul Economic Ioan Slavici,Urban,M,8.92,9.39,7.43,10.0,10.0,8.94,1,0,2021
4160,2021,Ialomita,Liceul de Arte Unirea,Urban,F,8.37,8.09,6.56,8.15,8.04,7.66,1,0,2021
4161,2021,Mehedinti,Liceul de Arte Unirea,Urban,M,8.68,6.62,7.22,6.37,3.45,6.49,0,0,2021
4162,2021,Vrancea,Colegiul National Constantin Brancusi,Urban,M,8.34,7.54,8.33,7.16,4.11,7.29,0,0,2021
4163,2021,Tulcea,Liceul Sportiv Ion Luca Caragiale,Rural,F,6.95,8.17,6.65,6.22,3.07,6.53,0,0,2021
4164,2021,Salaj,Liceul Teoretic Tudor Vladimirescu,Urban,M,9.18,8.12,8.23,7.85,7.07,8.06,1,0,2021
4165,2021,Harghita,Colegiul National Mihai Viteazul,Rural,F,6.12,4.53,6.9,5.18,5.61,5.66,0,0,2021
4166,2021,Bacau,Liceul Sportiv Constantin Brancusi,Rural,M,7.14,4.9,7.05,5.03,6.7,6.06,0,0,2021
4167,2021,Hunedoara,Scoala Nationala Traian,Rural,M,8.08,3.2,3.59,4.62,9.28,4.93,0,1,2021
4168,2021,Buzau,Liceul Pedagogic Mihai Eminescu,Urban,M,9.36,6.83,5.0,9.31,7.13,6.95,1,0,2021
4169,2021,Constanta,Scoala Nationala Lucian Blaga,Urban,M,8.61,7.78,9.7,7.4,9.01,8.57,1,0,2021
4170,2021,Arges,Liceul Tehnologic Regina Maria,Rural,F,7.55,10.0,7.93,6.58,7.66,8.27,1,0,2021
4171,2021,Hunedoara,Liceul de Arte Emil Racovita,Urban,F,7.23,6.51,6.33,7.31,10.0,7.17,1,0,2021
4172,2021,Vrancea,Colegiul Tehnic Ioan Slavici,Urban,F,6.94,7.8,8.6,4.42,6.52,7.25,0,0,2021
4173,2021,Salaj,Colegiul National Unirea,Urban,F,6.0,6.62,5.0,9.39,6.21,6.43,1,0,2021
4174,2021,Iasi,Colegiul National Regina Maria,Urban,F,8.98,6.11,3.69,4.9,7.16,5.65,0,0,2021
4175,2021,Brasov,Liceul Pedagogic Gheorghe Sincai,Urban,F,6.95,6.2,8.31,8.92,7.28,7.48,1,0,2021
4176,2021,Tulcea,Liceul Tehnologic Vasile Alecsandri,Urban,F,10.0,6.92,9.32,8.05,8.83,8.4,1,0,2021
4177,2021,Dolj,Liceul Tehnologic Mihai Viteazul,Rural,M,7.72,7.16,7.26,5.42,5.29,6.7,1,0,2021
4178,2021,Alba,Colegiul Economic Vasile Alecsandri,Rural,F,7.66,4.9,2.21,2.64,5.87,4.18,0,0,2021
4179,2021,Teleorman,Liceul de Arte Tudor Vladimirescu,Rural,M,7.43,7.08,7.27,7.71,7.66,7.35,1,0,2021
4180,2021,Mures,Liceul Pedagogic Marin Preda,Urban,F,9.05,8.43,5.75,7.19,6.03,7.14,1,0,2021
4181,2021,Ialomita,Colegiul Tehnic Elena Cuza,Urban,F,8.12,8.47,10.0,6.89,5.9,8.27,1,0,2021
4182,2021,Alba,Liceul Pedagogic Regina Maria,Urban,F,7.26,8.04,6.66,7.07,8.42,7.46,1,0,2021
4183,2021,Dambovita,Colegiul Tehnic Unirea,Rural,F,4.51,9.98,5.91,1.0,5.64,6.21,0,0,2021
4184,2021,Arges,Colegiul Tehnic Tudor Vladimirescu,Urban,F,9.61,9.41,6.43,8.99,6.49,8.03,1,0,2021
4185,2021,Buzau,Colegiul National Avram Iancu,Rural,F,4.27,8.36,2.03,10.0,8.71,6.35,0,0,2021
4186,2021,Tulcea,Colegiul Economic Vasile Alecsandri,Urban,M,8.89,9.18,6.81,9.63,8.26,8.37,1,0,2021
4187,2021,Valcea,Colegiul National Regina Maria,Urban,M,5.21,7.51,4.53,7.87,6.83,6.34,0,0,2021
4188,2021,Botosani,Colegiul Tehnic Gheorghe Sincai,Urban,F,6.7,9.0,5.61,7.66,10.0,7.7,1,0,2021
4189,2021,Arges,Liceul Teoretic Tudor Vladimirescu,Urban,M,10.0,7.56,9.62,8.33,7.39,8.51,1,0,2021
4190,2021,Bihor,Colegiul Tehnic Unirea,Urban,F,7.17,10.0,7.47,8.42,6.07,8.13,1,0,2021
4191,2021,Bihor,Liceul Tehnologic Vasile Alecsandri,Rural,F,8.71,9.8,6.04,8.44,8.26,8.13,1,0,2021
4192,2021,Ialomita,Colegiul Economic Nicolae Balcescu,Urban,F,4.11,5.82,7.96,7.31,8.24,6.88,0,0,2021
4193,2021,Braila,Liceul Sportiv Spiru Haret,Rural,F,7.65,8.86,7.2,9.21,6.73,7.97,1,0,2021
4194,2021,Prahova,Liceul de Arte Mihai Viteazul,Rural,F,5.97,5.48,5.58,2.66,1.8,4.58,0,0,2021
4195,2021,Olt,Colegiul National Tudor Vladimirescu,Rural,M,7.19,9.55,8.03,5.78,7.48,7.98,1,0,2021
4196,2021,Calarasi,Colegiul National George Cosbuc,Rural,F,9.54,5.0,5.48,9.17,4.9,6.21,0,0,2021
4197,2021,Timis,Colegiul Economic Marin Preda,Urban,F,6.49,5.68,8.78,7.95,7.91,7.37,1,0,2021
4198,2021,Hunedoara,Colegiul National Grigore Moisil,Urban,M,8.51,9.72,7.72,9.37,8.5,8.76,1,0,2021
4199,2021,Arad,Liceul Sportiv Ioan Slavici,Rural,M,7.72,3.92,2.73,8.45,5.79,4.9,0,0,2021
4200,2021,Cluj,Liceul Pedagogic Mihai Viteazul,Urban,F,9.71,6.35,10.0,8.41,7.01,8.19,1,0,2021
4201,2021,Teleorman,Liceul Pedagogic Dimitrie Cantemir,Urban,F,9.86,6.91,6.05,7.16,8.39,7.21,1,0,2021
4202,2021,Prahova,Liceul Teoretic Ioan Slavici,Urban,M,5.47,5.33,2.65,4.75,5.81,4.52,0,0,2021
4203,2021,Valcea,Liceul Tehnologic Tudor Vladimirescu,Urban,M,9.94,7.63,6.34,9.49,7.69,7.76,1,0,2021
4204,2021,Valcea,Colegiul Economic Bogdan Voda,Urban,M,7.21,7.62,6.12,6.58,5.36,6.63,1,0,2021
4205,2021,Maramures,Colegiul Tehnic Grigore Moisil,Urban,F,8.16,6.1,6.94,3.95,7.61,6.46,0,1,2021
4206,2021,Neamt,Scoala Nationala Ion Luca Caragiale,Urban,F,8.65,8.12,8.37,8.76,5.41,7.94,1,0,2021
4207,2021,Constanta,Colegiul Economic Octavian Goga,Urban,M,10.0,2.62,7.91,6.01,7.46,6.18,0,0,2021
4208,2021,Tulcea,Scoala Nationala Stefan cel Mare,Rural,M,9.36,6.99,8.76,5.56,5.68,7.35,1,0,2021
4209,2021,Galati,Liceul de Arte Bogdan Voda,Urban,M,8.7,6.21,7.45,1.13,8.56,6.42,0,0,2021
4210,2021,Arad,Scoala Nationala Bogdan Voda,Urban,M,7.17,7.51,5.69,7.33,7.53,6.91,1,0,2021
4211,2021,Arad,Liceul Sportiv Mihai Eminescu,Urban,F,8.14,6.65,5.75,10.0,6.57,7.02,1,0,2021
4212,2021,Mehedinti,Colegiul National Mihai Viteazul,Urban,M,9.53,8.6,7.68,6.75,5.0,7.6,1,0,2021
4213,2021,Botosani,Colegiul National Octavian Goga,Rural,F,8.59,6.21,7.06,6.8,8.04,7.07,1,0,2021
4214,2021,Neamt,Colegiul Economic Constantin Brancusi,Rural,M,7.64,5.94,5.89,6.29,5.17,6.03,1,0,2021
4215,2021,Gorj,Liceul Teoretic George Cosbuc,Urban,M,8.97,6.48,6.02,7.21,7.49,6.85,1,0,2021
4216,2021,Tulcea,Liceul Teoretic Mihai Viteazul,Rural,F,8.19,6.32,4.57,3.56,7.27,5.71,0,0,2021
4217,2021,Cluj,Liceul Pedagogic Unirea,Urban,F,9.09,9.35,7.22,9.81,7.25,8.44,1,0,2021
4218,2021,Bucuresti,Liceul Teoretic Mihai Eminescu,Urban,M,10.0,6.82,6.26,4.9,5.04,6.42,0,0,2021
4219,2021,Ilfov,Liceul Sportiv Bogdan Voda,Rural,M,5.46,3.9,5.23,4.07,9.52,5.32,0,0,2021
4220,2021,Ialomita,Liceul Sportiv Spiru Haret,Rural,M,6.73,7.05,6.04,7.55,5.56,6.57,1,0,2021
4221,2021,Calarasi,Liceul Pedagogic Bogdan Voda,Urban,F,8.73,9.29,7.17,7.32,8.11,8.13,1,0,2021
4222,2021,Bacau,Colegiul Tehnic Constantin Brancusi,Urban,F,9.3,7.99,6.15,7.92,7.05,7.42,1,0,2021
4223,2021,Ilfov,Liceul Sportiv Regina Maria,Urban,M,5.76,6.07,4.48,6.11,10.0,6.16,0,0,2021
4224,2021,Dambovita,Colegiul Economic Spiru Haret,Rural,M,6.62,4.64,10.0,8.19,7.85,7.46,0,0,2021
4225,2021,Valcea,Colegiul Economic Onisifor Ghibu,Urban,M,6.43,9.14,7.91,7.45,3.91,7.46,0,0,2021
4226,2021,Hunedoara,Liceul Sportiv Octavian Goga,Urban,M,7.61,10.0,6.66,9.56,9.23,8.58,1,0,2021
4227,2021,Arges,Colegiul Economic Ion Luca Caragiale,Rural,F,6.68,8.95,8.0,7.7,7.26,8.0,1,0,2021
4228,2021,Giurgiu,Colegiul Tehnic Ion Barbu,Urban,M,8.03,5.58,7.93,5.92,7.44,6.86,1,0,2021
4229,2021,Calarasi,Liceul Pedagogic Gheorghe Sincai,Urban,F,8.06,6.86,7.85,6.04,6.97,7.17,1,0,2021
4230,2021,Tulcea,Liceul Pedagogic Marin Preda,Rural,M,7.93,2.24,9.68,8.49,3.32,6.14,0,0,2021
4231,2021,Olt,Liceul Teoretic Elena Cuza,Rural,F,3.73,6.46,3.14,8.33,7.19,5.58,0,0,2021
4232,2021,Suceava,Scoala Nationala Gheorghe Sincai,Urban,M,9.24,5.97,9.56,8.48,8.09,8.07,1,0,2021
4233,2021,Neamt,Liceul de Arte Decebal,Rural,M,7.26,5.0,7.71,7.77,6.55,6.69,1,0,2021
4234,2021,Calarasi,Liceul Teoretic Ion Luca Caragiale,Urban,F,7.23,5.35,6.3,3.2,4.05,5.31,0,0,2021
4235,2021,Constanta,Colegiul National Ana Ipatescu,Rural,M,5.11,8.2,4.74,10.0,8.33,7.14,0,0,2021
4236,2021,Buzau,Liceul Sportiv Bogdan Voda,Rural,F,6.89,7.56,3.63,8.33,4.76,6.01,0,0,2021
4237,2021,Gorj,Liceul Sportiv Regina Maria,Urban,F,6.58,5.88,5.82,7.33,6.95,6.31,1,0,2021
4238,2021,Vrancea,Liceul Pedagogic Mihai Viteazul,Urban,F,7.6,4.07,10.0,7.59,2.99,6.57,0,0,2021
4239,2021,Giurgiu,Colegiul Tehnic Regina Maria,Urban,F,9.57,7.27,6.81,9.41,10.0,8.09,1,0,2021
4240,2021,Botosani,Liceul Sportiv Emil Racovita,Urban,M,7.54,3.14,8.12,1.98,4.17,5.05,0,0,2021
4241,2021,Bistrita-Nasaud,Liceul Pedagogic Marin Preda,Urban,F,7.46,4.08,3.97,9.15,6.8,5.55,0,0,2021
4242,2021,Cluj,Scoala Nationala Ion Luca Caragiale,Urban,M,8.21,5.0,7.29,6.97,6.69,6.56,1,0,2021
4243,2021,Prahova,Liceul Sportiv Lucian Blaga,Urban,M,8.79,8.14,5.53,8.78,9.39,7.71,1,0,2021
4244,2021,Ialomita,Liceul Teoretic Alexandru Ioan Cuza,Urban,M,6.65,7.81,9.5,8.4,7.66,8.27,1,0,2021
4245,2021,Brasov,Colegiul Tehnic Dimitrie Cantemir,Rural,M,8.94,4.42,2.48,4.09,7.19,4.66,0,0,2021
4246,2021,Ialomita,Liceul de Arte Bogdan Voda,Rural,F,5.06,6.13,8.62,6.4,4.84,6.62,0,0,2021
4247,2021,Vaslui,Colegiul National Vasile Alecsandri,Urban,F,10.0,7.88,7.15,10.0,7.71,8.17,1,0,2021
4248,2021,Giurgiu,Liceul Sportiv Decebal,Rural,F,8.0,10.0,5.0,8.79,6.21,7.55,1,0,2021
4249,2021,Iasi,Liceul de Arte Dimitrie Cantemir,Urban,M,8.72,10.0,6.65,9.03,9.58,8.66,1,0,2021
4250,2021,Mehedinti,Colegiul National Emil Racovita,Urban,F,9.62,7.79,10.0,10.0,5.37,8.6,1,0,2021
4251,2021,Mures,Liceul de Arte Alexandru Ioan Cuza,Urban,F,7.6,4.67,10.0,8.27,8.4,7.66,0,1,2021
4252,2021,Olt,Colegiul Tehnic Ion Barbu,Rural,F,6.93,6.66,5.84,10.0,5.0,6.69,1,0,2021
4253,2021,Cluj,Liceul Sportiv George Cosbuc,Rural,M,7.68,9.62,9.29,8.81,7.42,8.88,1,0,2021
4254,2021,Bucuresti,Liceul de Arte Dimitrie Cantemir,Rural,F,7.93,9.43,6.0,5.73,8.64,7.58,1,0,2021
4255,2021,Bihor,Colegiul Tehnic Traian,Rural,F,5.7,5.25,4.29,5.3,5.78,5.09,0,0,2021
4256,2021,Cluj,Colegiul National Ana Ipatescu,Urban,F,8.45,8.37,5.69,7.75,7.44,7.34,1,0,2021
4257,2021,Bihor,Scoala Nationala Lucian Blaga,Urban,M,9.38,6.59,6.06,7.75,5.99,6.79,1,0,2021
4258,2021,Maramures,Liceul Pedagogic George Cosbuc,Urban,F,6.37,6.99,5.23,6.01,7.7,6.36,1,0,2021
4259,2021,Arad,Liceul Tehnologic Lucian Blaga,Urban,M,7.38,6.15,8.93,7.5,9.82,7.86,1,0,2021
4260,2021,Calarasi,Colegiul Economic Unirea,Rural,F,8.38,7.68,8.37,5.87,6.9,7.57,1,0,2021
4261,2021,Hunedoara,Scoala Nationala Onisifor Ghibu,Rural,M,10.0,10.0,5.15,10.0,8.2,8.28,1,0,2021
4262,2021,Teleorman,Scoala Nationala Octavian Goga,Urban,F,7.77,10.0,6.57,9.07,8.31,8.36,1,0,2021
4263,2021,Arges,Colegiul Tehnic Ion Barbu,Urban,F,8.0,9.14,8.0,7.11,5.0,7.76,1,0,2021
4264,2021,Vrancea,Liceul Tehnologic Stefan cel Mare,Urban,M,8.75,9.36,8.37,5.55,5.44,7.84,1,0,2021
4265,2021,Covasna,Liceul Pedagogic Ioan Slavici,Rural,M,9.75,3.98,6.65,3.12,5.8,5.5,0,0,2021
4266,2021,Satu Mare,Liceul de Arte Avram Iancu,Urban,F,8.42,8.25,7.3,8.82,5.52,7.66,1,0,2021
4267,2021,Suceava,Colegiul Tehnic Ioan Slavici,Urban,F,6.95,10.0,8.9,8.28,6.72,8.62,0,1,2021
4268,2021,Satu Mare,Liceul Teoretic Spiru Haret,Urban,F,9.05,7.77,9.38,8.89,5.44,8.2,1,0,2021
4269,2021,Cluj,Liceul de Arte Ion Barbu,Rural,F,6.0,5.73,5.59,9.0,6.54,6.33,1,0,2021
4270,2021,Bucuresti,Colegiul Economic Avram Iancu,Rural,F,7.43,5.69,10.0,7.59,8.3,7.83,1,0,2021
4271,2021,Braila,Colegiul National Nicolae Balcescu,Rural,M,10.0,6.3,5.0,9.23,8.49,7.05,1,0,2021
4272,2021,Covasna,Colegiul Tehnic Nicolae Balcescu,Urban,F,6.98,7.11,5.72,9.97,5.13,6.81,1,0,2021
4273,2021,Dambovita,Scoala Nationala Marin Preda,Rural,M,6.11,4.97,6.28,6.61,6.8,6.0,0,0,2021
4274,2021,Arad,Liceul Tehnologic Lucian Blaga,Urban,F,6.75,9.67,6.26,10.0,10.0,8.45,1,0,2021
4275,2021,Gorj,Colegiul Tehnic Unirea,Rural,F,7.5,6.85,5.38,7.94,6.59,6.6,1,0,2021
4276,2021,Prahova,Liceul Sportiv Traian,Rural,F,8.46,9.07,9.85,6.62,7.51,8.64,1,0,2021
4277,2021,Bihor,Liceul Pedagogic Tudor Vladimirescu,Urban,M,7.33,5.01,7.39,8.52,5.06,6.49,1,0,2021
4278,2021,Suceava,Colegiul Economic Decebal,Urban,M,7.99,7.6,7.21,8.06,9.55,7.88,1,0,2021
4279,2021,Giurgiu,Colegiul Economic Mihai Viteazul,Urban,M,6.47,4.34,7.58,6.98,9.03,6.62,0,0,2021
4280,2021,Vrancea,Scoala Nationala Decebal,Rural,M,10.0,8.19,5.54,7.15,6.87,7.22,1,0,2021
4281,2021,Teleorman,Colegiul Economic Ana Ipatescu,Urban,M,4.27,7.15,5.34,8.66,3.43,5.99,0,1,2021
4282,2021,Galati,Liceul Pedagogic Avram Iancu,Rural,M,7.11,9.55,7.24,8.36,7.08,8.06,1,0,2021
4283,2021,Arges,Liceul de Arte Stefan cel Mare,Urban,F,7.48,7.08,5.44,9.58,5.91,6.83,1,0,2021
4284,2021,Braila,Colegiul Tehnic Unirea,Rural,F,8.92,6.38,8.46,1.28,1.53,5.77,0,0,2021
4285,2021,Dolj,Colegiul Economic Ioan Slavici,Rural,F,6.63,7.41,4.38,4.5,8.36,6.13,0,0,2021
4286,2021,Timis,Liceul Teoretic Nicolae Balcescu,Rural,F,7.27,7.97,5.67,6.39,7.82,6.95,1,0,2021
4287,2021,Arad,Liceul Sportiv Gheorghe Sincai,Rural,F,7.71,5.97,5.27,3.8,8.34,5.96,0,0,2021
4288,2021,Prahova,Liceul Tehnologic Ion Luca Caragiale,Urban,M,5.93,6.6,4.36,5.41,7.9,5.88,0,0,2021
4289,2021,Maramures,Liceul Sportiv Elena Cuza,Urban,F,8.62,5.22,6.53,7.19,7.55,6.6,1,0,2021
4290,2021,Gorj,Liceul de Arte Marin Preda,Urban,F,7.78,8.82,5.92,9.08,8.27,7.8,1,0,2021
4291,2021,Ialomita,Colegiul Economic Ioan Slavici,Urban,M,9.22,8.19,7.8,7.9,9.99,8.4,1,0,2021
4292,2021,Bucuresti,Liceul Pedagogic Ana Ipatescu,Urban,F,7.5,10.0,7.39,6.45,9.18,8.31,1,0,2021
4293,2021,Dambovita,Liceul Tehnologic Spiru Haret,Rural,M,7.37,3.37,7.73,4.1,7.94,5.87,0,0,2021
4294,2021,Buzau,Scoala Nationala Mircea cel Batran,Rural,F,4.9,5.49,3.17,7.13,4.65,4.85,0,0,2021
4295,2021,Mehedinti,Liceul Tehnologic George Cosbuc,Rural,F,9.09,9.68,7.29,9.25,7.13,8.46,1,0,2021
4296,2021,Ilfov,Colegiul National Emil Racovita,Urban,M,7.33,6.27,9.47,9.74,8.33,8.17,1,0,2021
4297,2021,Braila,Liceul Pedagogic Constantin Brancusi,Urban,F,7.72,5.0,9.0,5.54,6.8,6.82,1,0,2021
4298,2021,Sibiu,Colegiul National Stefan cel Mare,Rural,M,7.95,9.02,3.86,1.73,8.56,6.2,0,0,2021
4299,2021,Dolj,Liceul Pedagogic Ana Ipatescu,Urban,M,5.85,2.81,7.09,1.67,4.09,4.42,0,0,2021
4300,2021,Vaslui,Colegiul National Unirea,Urban,M,8.34,5.0,6.46,8.54,9.54,6.98,1,0,2021
4301,2021,Cluj,Colegiul National Marin Preda,Rural,F,5.55,6.92,7.38,6.95,5.9,6.77,1,0,2021
4302,2021,Iasi,Colegiul National Octavian Goga,Urban,F,6.7,10.0,6.4,7.86,7.58,7.91,1,0,2021
4303,2021,Galati,Liceul Tehnologic Lucian Blaga,Urban,M,6.7,7.09,7.4,6.62,7.57,7.15,1,0,2021
4304,2021,Alba,Liceul Teoretic Stefan cel Mare,Urban,M,4.9,8.73,7.3,8.4,7.7,7.71,0,0,2021
4305,2021,Dambovita,Liceul Teoretic Stefan cel Mare,Urban,F,9.79,9.44,7.62,7.35,7.9,8.38,1,0,2021
4306,2021,Vrancea,Scoala Nationala Dimitrie Cantemir,Urban,F,6.33,6.51,8.13,10.0,9.2,7.9,1,0,2021
4307,2021,Salaj,Liceul Teoretic Ioan Slavici,Urban,M,9.4,9.64,7.12,7.02,5.8,7.89,1,0,2021
4308,2021,Calarasi,Scoala Nationala George Cosbuc,Rural,M,6.92,6.81,4.79,8.25,5.55,6.24,0,0,2021
4309,2021,Vaslui,Scoala Nationala Decebal,Rural,M,7.64,6.99,6.7,7.98,9.3,7.46,1,0,2021
4310,2021,Teleorman,Colegiul Economic Octavian Goga,Rural,M,4.26,6.27,4.4,6.07,5.35,5.34,0,0,2021
4311,2021,Tulcea,Scoala Nationala Ioan Slavici,Urban,M,9.06,9.23,6.44,7.97,7.89,7.99,1,0,2021
4312,2021,Covasna,Colegiul Tehnic Vasile Alecsandri,Urban,F,6.51,6.12,5.96,6.55,8.24,6.49,1,0,2021
4313,2021,Buzau,Colegiul Economic Mihai Viteazul,Urban,F,7.92,7.55,7.52,8.31,10.0,8.06,1,0,2021
4314,2021,Harghita,Liceul Teoretic Regina Maria,Rural,M,7.52,4.9,3.08,7.28,7.72,5.4,0,0,2021
4315,2021,Timis,Scoala Nationala Emil Racovita,Rural,F,8.11,6.15,4.9,6.36,6.61,6.07,0,0,2021
4316,2021,Arad,Colegiul National Onisifor Ghibu,Urban,M,9.1,8.36,3.48,2.68,6.17,5.79,0,0,2021
4317,2021,Vaslui,Liceul Pedagogic Ana Ipatescu,Urban,F,8.73,6.07,6.9,9.44,8.61,7.47,1,0,2021
4318,2021,Mehedinti,Liceul de Arte Onisifor Ghibu,Urban,M,7.38,7.52,6.22,8.65,4.3,6.8,0,0,2021
4319,2021,Prahova,Colegiul Tehnic Vasile Alecsandri,Urban,F,8.69,8.23,7.42,8.58,7.81,8.02,1,0,2021
4320,2021,Constanta,Liceul Teoretic George Cosbuc,Rural,M,7.16,4.6,6.08,4.33,6.94,5.61,0,0,2021
4321,2021,Bacau,Colegiul National Stefan cel Mare,Urban,M,10.0,4.74,6.15,4.45,5.5,5.76,0,0,2021
4322,2021,Maramures,Liceul Sportiv Mihai Eminescu,Rural,F,8.22,8.23,7.23,7.18,6.27,7.48,1,0,2021
4323,2021,Valcea,Colegiul Economic Tudor Vladimirescu,Rural,F,2.67,4.9,4.91,4.49,4.74,4.59,0,0,2021
4324,2021,Dolj,Liceul Teoretic Spiru Haret,Urban,F,9.04,5.75,7.87,9.27,8.11,7.6,0,1,2021
4325,2021,Alba,Liceul Teoretic Gheorghe Sincai,Rural,M,7.58,8.6,7.29,4.2,6.02,7.06,0,0,2021
4326,2021,Constanta,Colegiul National Emil Racovita,Urban,F,8.11,10.0,5.0,6.62,8.9,7.64,1,0,2021
4327,2021,Ialomita,Scoala Nationala Elena Cuza,Rural,M,5.05,3.57,2.94,7.66,2.71,4.01,0,0,2021
4328,2021,Dolj,Liceul Sportiv Avram Iancu,Urban,M,5.68,10.0,3.95,5.79,7.96,6.82,0,1,2021
4329,2021,Hunedoara,Liceul de Arte Traian,Rural,M,6.14,7.8,4.04,5.0,6.34,5.87,0,0,2021
4330,2021,Iasi,Liceul Teoretic Ana Ipatescu,Urban,M,5.9,7.71,8.04,9.58,8.16,7.98,1,0,2021
4331,2021,Mures,Scoala Nationala Grigore Moisil,Rural,M,5.92,7.87,5.0,9.66,8.34,7.15,1,0,2021
4332,2021,Dolj,Scoala Nationala Elena Cuza,Urban,M,7.09,7.95,5.0,8.18,7.64,6.97,1,0,2021
4333,2021,Mehedinti,Colegiul Tehnic Traian,Rural,M,8.81,8.58,7.62,5.26,10.0,8.03,1,0,2021
4334,2021,Galati,Scoala Nationala Octavian Goga,Rural,F,8.3,7.08,6.15,9.53,7.15,7.3,1,0,2021
4335,2021,Giurgiu,Liceul Pedagogic Vasile Alecsandri,Urban,M,9.04,7.91,6.51,10.0,6.76,7.74,1,0,2021
4336,2021,Salaj,Liceul Teoretic Constantin Brancusi,Rural,F,8.69,8.03,8.75,9.08,8.56,8.55,1,0,2021
4337,2021,Calarasi,Liceul Pedagogic Marin Preda,Urban,F,3.75,6.72,7.15,1.96,5.88,5.71,0,1,2021
4338,2021,Brasov,Liceul de Arte Constantin Brancusi,Rural,F,9.22,8.76,6.9,7.3,8.45,7.98,1,0,2021
4339,2021,Brasov,Liceul Teoretic George Cosbuc,Rural,M,7.17,7.79,6.65,6.86,7.43,7.19,1,0,2021
4340,2021,Maramures,Colegiul Tehnic Ana Ipatescu,Urban,F,7.78,7.66,9.83,7.33,5.0,7.87,1,0,2021
4341,2021,Bistrita-Nasaud,Colegiul National Emil Racovita,Urban,F,8.58,9.99,5.0,9.1,7.32,7.82,1,0,2021
4342,2021,Ialomita,Liceul Pedagogic Avram Iancu,Rural,F,5.58,6.2,9.32,9.04,2.4,6.93,0,0,2021
4343,2021,Dolj,Colegiul Tehnic Mihai Viteazul,Urban,M,6.91,8.7,6.15,7.17,5.62,7.06,1,0,2021
4344,2021,Giurgiu,Liceul Pedagogic Mircea cel Batran,Rural,F,5.88,4.72,2.77,4.78,9.25,4.94,0,0,2021
4345,2021,Tulcea,Colegiul National Alexandru Ioan Cuza,Urban,F,8.21,7.85,4.31,6.64,6.09,6.38,0,0,2021
4346,2021,Bistrita-Nasaud,Liceul Tehnologic Mihai Viteazul,Rural,F,7.7,6.14,3.95,6.73,7.08,5.87,0,0,2021
4347,2021,Suceava,Liceul Tehnologic Elena Cuza,Urban,M,10.0,7.12,8.43,9.25,5.29,7.85,1,0,2021
4348,2021,Olt,Scoala Nationala Alexandru Ioan Cuza,Rural,M,8.17,2.03,6.61,7.26,2.95,4.94,0,0,2021
4349,2021,Bacau,Liceul Sportiv Mihai Eminescu,Rural,F,8.7,9.89,5.46,6.77,9.36,7.89,1,0,2021
4350,2021,Galati,Colegiul Economic Bogdan Voda,Urban,M,6.02,5.02,4.44,7.26,7.06,5.59,0,0,2021
4351,2021,Teleorman,Liceul Pedagogic Grigore Moisil,Urban,F,6.83,6.46,5.07,6.36,5.62,5.94,1,0,2021
4352,2021,Arad,Scoala Nationala Gheorghe Sincai,Urban,M,7.13,7.02,5.83,7.03,9.12,6.99,1,0,2021
4353,2021,Satu Mare,Liceul Tehnologic Emil Racovita,Rural,F,8.66,5.54,7.59,5.87,7.22,6.77,1,0,2021
4354,2021,Tulcea,Liceul Teoretic Octavian Goga,Urban,M,5.87,7.24,6.16,5.33,4.55,6.09,0,0,2021
4355,2021,Iasi,Liceul de Arte Octavian Goga,Urban,M,8.65,9.41,8.33,8.0,9.34,8.79,1,0,2021
4356,2021,Bistrita-Nasaud,Liceul de Arte Grigore Moisil,Rural,M,8.27,7.93,5.66,6.73,6.19,6.84,1,0,2021
4357,2021,Satu Mare,Liceul Teoretic Dimitrie Cantemir,Urban,F,9.66,7.08,6.62,6.15,6.95,7.04,1,0,2021
4358,2021,Bihor,Liceul Sportiv Unirea,Rural,F,5.54,7.09,4.9,7.91,4.93,6.08,0,0,2021
4359,2021,Vaslui,Colegiul Economic Elena Cuza,Urban,F,10.0,7.95,8.95,8.48,7.36,8.45,1,0,2021
4360,2021,Dambovita,Scoala Nationala Decebal,Rural,F,7.2,6.67,5.32,6.05,7.53,6.35,1,0,2021
4361,2021,Bistrita-Nasaud,Liceul Teoretic Constantin Brancusi,Rural,M,6.59,5.56,2.5,5.93,8.69,5.27,0,1,2021
4362,2021,Botosani,Liceul de Arte Constantin Brancusi,Urban,M,9.23,7.67,8.14,8.57,7.04,8.01,1,0,2021
4363,2021,Bihor,Liceul Pedagogic Traian,Rural,F,9.87,7.23,6.42,8.28,6.03,7.23,1,0,2021
4364,2021,Gorj,Colegiul Tehnic Lucian Blaga,Urban,M,7.7,7.16,6.47,7.23,4.47,6.61,0,0,2021
4365,2021,Teleorman,Scoala Nationala Emil Racovita,Urban,F,9.11,8.29,7.34,8.88,6.9,7.97,1,0,2021
4366,2021,Iasi,Scoala Nationala Vasile Alecsandri,Rural,M,6.37,3.64,4.56,5.7,10.0,5.45,0,0,2021
4367,2021,Mures,Liceul Sportiv Vasile Alecsandri,Rural,F,9.92,2.75,4.21,7.28,6.59,5.16,0,0,2021
4368,2021,Timis,Scoala Nationala Grigore Moisil,Urban,M,4.72,6.59,10.0,7.62,8.09,7.81,0,0,2021
4369,2021,Arges,Liceul Teoretic Regina Maria,Rural,F,6.07,6.89,5.57,8.63,4.11,6.26,0,0,2021
4370,2021,Brasov,Colegiul Economic Gheorghe Sincai,Urban,F,9.4,5.87,5.0,8.8,8.57,6.81,1,0,2021
4371,2021,Bistrita-Nasaud,Colegiul Tehnic Nicolae Balcescu,Rural,M,4.58,5.41,4.48,9.01,8.13,6.0,0,0,2021
4372,2021,Harghita,Liceul Sportiv Stefan cel Mare,Urban,M,6.57,9.52,6.46,9.0,9.39,8.21,1,0,2021
4373,2021,Suceava,Liceul Tehnologic Alexandru Ioan Cuza,Rural,M,8.95,9.49,7.49,8.27,6.98,8.28,1,0,2021
4374,2021,Satu Mare,Liceul Sportiv Constantin Brancusi,Rural,M,8.0,6.92,7.74,10.0,8.23,7.93,1,0,2021
4375,2021,Satu Mare,Liceul de Arte Alexandru Ioan Cuza,Urban,M,8.65,9.14,9.14,6.49,7.96,8.52,1,0,2021
4376,2021,Botosani,Scoala Nationala Ion Barbu,Urban,M,10.0,7.63,7.49,7.29,8.45,7.9,1,0,2021
4377,2021,Calarasi,Colegiul National Decebal,Rural,F,6.83,7.97,5.53,10.0,8.82,7.56,1,0,2021
4378,2021,Mehedinti,Liceul de Arte Regina Maria,Urban,F,8.9,1.84,3.54,7.07,5.14,4.34,0,0,2021
4379,2021,Tulcea,Liceul Pedagogic Tudor Vladimirescu,Rural,F,7.53,4.57,10.0,5.49,5.86,6.83,0,0,2021
4380,2021,Braila,Colegiul National Stefan cel Mare,Rural,M,7.58,3.38,6.72,7.15,5.7,5.72,0,1,2021
4381,2021,Alba,Colegiul National Constantin Brancusi,Rural,M,7.54,7.35,8.76,10.0,7.28,8.18,1,0,2021
4382,2021,Dolj,Scoala Nationala Onisifor Ghibu,Urban,M,8.11,6.45,6.74,8.0,7.36,7.07,1,0,2021
4383,2021,Neamt,Colegiul National Mihai Viteazul,Rural,M,4.95,6.74,9.68,6.96,6.67,7.47,0,0,2021
4384,2021,Arges,Liceul Pedagogic Ion Luca Caragiale,Urban,M,9.78,6.58,8.07,8.87,8.96,8.05,1,0,2021
4385,2021,Buzau,Liceul Pedagogic Traian,Rural,M,6.77,8.22,5.15,6.76,8.8,7.02,1,0,2021
4386,2021,Mures,Colegiul National Grigore Moisil,Rural,F,8.01,5.99,7.84,8.75,7.52,7.39,1,0,2021
4387,2021,Gorj,Liceul de Arte Constantin Brancusi,Rural,F,7.98,8.32,8.6,6.33,8.31,8.07,1,0,2021
4388,2021,Satu Mare,Scoala Nationala Avram Iancu,Urban,M,9.23,7.9,5.0,8.98,9.45,7.56,1,0,2021
4389,2021,Olt,Liceul de Arte Mihai Eminescu,Rural,F,10.0,4.62,5.72,6.79,7.84,6.3,0,0,2021
4390,2021,Constanta,Colegiul National Avram Iancu,Urban,M,8.84,5.39,7.1,6.85,9.12,7.03,1,0,2021
4391,2021,Cluj,Colegiul Tehnic Ioan Slavici,Urban,M,6.35,10.0,7.99,9.39,5.15,8.21,1,0,2021
4392,2021,Galati,Liceul Sportiv Alexandru Ioan Cuza,Urban,M,10.0,8.9,7.11,9.42,7.91,8.4,1,0,2021
4393,2021,Vrancea,Liceul Sportiv Onisifor Ghibu,Rural,M,4.22,6.07,5.94,3.49,5.56,5.38,0,0,2021
4394,2021,Maramures,Liceul Tehnologic Mircea cel Batran,Urban,F,10.0,6.63,9.23,8.54,7.42,8.15,1,0,2021
4395,2021,Prahova,Liceul de Arte Elena Cuza,Urban,F,8.33,6.71,8.09,6.34,8.44,7.49,1,0,2021
4396,2021,Satu Mare,Colegiul National Spiru Haret,Rural,M,7.84,6.38,1.71,4.37,1.18,4.04,0,0,2021
4397,2021,Covasna,Colegiul Tehnic Stefan cel Mare,Urban,M,7.84,8.73,6.13,8.77,7.02,7.61,1,0,2021
4398,2021,Neamt,Scoala Nationala Marin Preda,Urban,M,9.16,4.68,3.95,6.0,2.17,4.73,0,0,2021
4399,2021,Dambovita,Colegiul Tehnic Mihai Viteazul,Urban,M,6.68,5.27,6.74,8.46,4.9,6.28,0,0,2021
4400,2021,Covasna,Liceul Sportiv Ion Barbu,Urban,F,8.51,7.66,3.64,10.0,7.39,6.85,0,0,2021
4401,2021,Bacau,Colegiul Tehnic Gheorghe Sincai,Urban,M,7.2,7.7,4.86,4.9,8.03,6.43,0,0,2021
4402,2021,Alba,Colegiul Tehnic Bogdan Voda,Urban,F,8.38,7.24,9.3,8.11,7.27,8.11,1,0,2021
4403,2021,Bucuresti,Liceul Pedagogic Marin Preda,Urban,M,8.52,8.35,8.19,5.91,7.73,7.86,1,0,2021
4404,2021,Bistrita-Nasaud,Colegiul National Gheorghe Sincai,Urban,M,9.52,9.11,6.86,8.65,7.14,8.11,1,0,2021
4405,2021,Olt,Liceul de Arte Onisifor Ghibu,Urban,F,6.66,6.83,5.1,5.69,6.54,6.08,1,0,2021
4406,2021,Satu Mare,Colegiul National Ana Ipatescu,Rural,M,7.21,6.07,5.02,6.93,7.46,6.21,1,0,2021
4407,2021,Gorj,Liceul Tehnologic Vasile Alecsandri,Urban,M,8.48,7.43,7.49,7.5,7.27,7.54,1,0,2021
4408,2021,Teleorman,Colegiul Economic Octavian Goga,Rural,F,8.3,7.27,7.31,8.06,6.81,7.43,1,0,2021
4409,2021,Covasna,Colegiul Economic Ion Luca Caragiale,Rural,M,6.91,7.4,10.0,4.62,6.48,7.58,0,0,2021
4410,2021,Galati,Colegiul Tehnic Mircea cel Batran,Rural,F,5.19,6.36,4.12,6.27,2.77,5.02,0,0,2021
4411,2021,Prahova,Scoala Nationala Grigore Moisil,Rural,M,7.9,9.25,7.89,8.69,8.78,8.55,1,0,2021
4412,2021,Covasna,Liceul Teoretic Decebal,Urban,F,9.97,8.99,8.29,6.73,9.19,8.57,1,0,2021
4413,2021,Vaslui,Liceul de Arte Onisifor Ghibu,Rural,F,8.11,8.52,5.22,7.62,6.43,7.04,1,0,2021
4414,2021,Arad,Scoala Nationala Tudor Vladimirescu,Urban,F,7.87,8.24,8.13,8.34,7.75,8.11,1,0,2021
4415,2021,Arges,Liceul Sportiv Dimitrie Cantemir,Urban,F,8.64,7.48,5.0,5.35,9.45,6.83,1,0,2021
4416,2021,Harghita,Colegiul Tehnic Ioan Slavici,Rural,M,7.17,10.0,5.18,7.04,8.18,7.55,1,0,2021
4417,2021,Vrancea,Liceul de Arte Avram Iancu,Urban,M,9.89,7.9,8.99,7.25,8.8,8.46,1,0,2021
4418,2021,Satu Mare,Colegiul Economic Alexandru Ioan Cuza,Urban,F,7.49,9.24,7.62,8.24,8.76,8.36,1,0,2021
4419,2021,Covasna,Liceul Pedagogic Decebal,Urban,M,8.77,8.91,10.0,9.95,7.84,9.22,1,0,2021
4420,2021,Valcea,Liceul de Arte Emil Racovita,Urban,F,9.17,10.0,3.15,7.11,5.08,6.69,0,0,2021
4421,2021,Neamt,Liceul Sportiv Nicolae Balcescu,Rural,M,1.0,6.19,7.0,7.93,6.71,6.25,0,0,2021
4422,2021,Buzau,Liceul Sportiv Stefan cel Mare,Rural,F,8.45,7.68,5.0,6.82,8.5,6.95,1,0,2021
4423,2021,Maramures,Colegiul Economic Bogdan Voda,Urban,M,9.51,1.07,7.37,8.44,6.71,5.76,0,0,2021
4424,2021,Calarasi,Liceul Sportiv Gheorghe Sincai,Rural,F,5.75,5.47,4.75,5.33,6.5,5.42,0,0,2021
4425,2021,Bihor,Liceul Teoretic Nicolae Balcescu,Urban,F,8.36,10.0,6.78,8.71,6.57,8.16,1,0,2021
4426,2021,Harghita,Colegiul National Spiru Haret,Urban,F,7.84,7.19,6.83,9.4,5.0,7.15,1,0,2021
4427,2021,Buzau,Scoala Nationala Ana Ipatescu,Urban,F,10.0,7.51,7.0,7.32,6.92,7.49,1,0,2021
4428,2021,Constanta,Liceul Pedagogic George Cosbuc,Rural,F,7.61,9.05,7.54,9.09,6.16,8.03,1,0,2021
4429,2021,Neamt,Colegiul National Decebal,Rural,M,8.44,9.02,7.59,10.0,9.28,8.72,1,0,2021
4430,2021,Botosani,Liceul de Arte Mircea cel Batran,Rural,F,8.28,7.34,1.0,2.3,5.44,4.49,0,0,2021
4431,2021,Iasi,Colegiul Economic Dimitrie Cantemir,Rural,M,8.16,4.91,10.0,5.52,6.61,7.11,0,0,2021
4432,2021,Galati,Colegiul Tehnic Traian,Rural,M,8.45,6.56,9.98,5.53,9.46,8.06,1,0,2021
4433,2021,Timis,Liceul de Arte Ioan Slavici,Rural,M,9.62,8.95,6.42,6.06,8.95,7.82,1,0,2021
4434,2021,Tulcea,Liceul Teoretic Traian,Urban,F,8.64,7.74,8.06,7.52,8.01,7.93,1,0,2021
4435,2021,Teleorman,Liceul Teoretic Unirea,Rural,F,6.84,7.21,6.37,5.53,5.69,6.44,1,0,2021
4436,2021,Sibiu,Liceul Pedagogic Marin Preda,Urban,F,8.44,10.0,8.73,9.26,9.17,9.23,1,0,2021
4437,2021,Mehedinti,Colegiul Economic Avram Iancu,Urban,M,7.61,2.85,7.29,9.01,7.99,6.35,0,0,2021
4438,2021,Arges,Colegiul Economic Gheorghe Sincai,Urban,M,9.18,9.42,6.61,8.26,8.32,8.21,1,0,2021
4439,2021,Valcea,Liceul Pedagogic Onisifor Ghibu,Rural,F,6.98,4.74,8.78,5.38,2.01,5.86,0,0,2021
4440,2021,Suceava,Liceul Tehnologic Ion Barbu,Urban,F,7.63,6.89,10.0,8.41,6.45,8.06,1,0,2021
4441,2021,Iasi,Liceul Teoretic Mihai Eminescu,Urban,M,7.26,9.07,6.51,6.69,8.07,7.61,1,0,2021
4442,2021,Arges,Liceul Pedagogic Tudor Vladimirescu,Urban,M,9.31,7.53,7.53,9.58,9.88,8.37,1,0,2021
4443,2021,Harghita,Liceul Pedagogic Constantin Brancusi,Urban,F,7.94,6.81,8.1,9.12,5.63,7.48,1,0,2021
4444,2021,Neamt,Liceul Teoretic Dimitrie Cantemir,Rural,M,9.55,7.07,8.71,6.66,6.38,7.64,1,0,2021
4445,2021,Cluj,Colegiul Tehnic Spiru Haret,Urban,F,7.93,9.56,8.58,9.46,10.0,9.15,1,0,2021
4446,2021,Mehedinti,Colegiul Economic Elena Cuza,Rural,M,7.61,5.27,5.33,5.05,5.17,5.47,1,0,2021
4447,2021,Bihor,Liceul Pedagogic Vasile Alecsandri,Rural,M,5.96,6.24,5.87,6.22,5.96,6.06,0,1,2021
4448,2021,Covasna,Colegiul Economic Mihai Eminescu,Urban,F,8.66,8.09,5.85,7.92,9.78,7.7,1,0,2021
4449,2021,Dambovita,Colegiul National Avram Iancu,Urban,F,9.12,6.31,3.86,5.87,8.74,6.15,0,1,2021
4450,2021,Satu Mare,Colegiul National George Cosbuc,Urban,F,10.0,8.5,7.14,8.56,6.14,7.9,1,0,2021
4451,2021,Gorj,Scoala Nationala George Cosbuc,Rural,M,8.8,5.34,8.36,3.92,6.83,6.6,0,0,2021
4452,2021,Maramures,Liceul Pedagogic Decebal,Rural,M,5.14,4.73,4.47,9.39,9.02,6.04,0,0,2021
4453,2021,Constanta,Colegiul National Ana Ipatescu,Rural,M,8.5,9.43,7.97,8.91,7.8,8.58,1,0,2021
4454,2021,Brasov,Colegiul Tehnic Ion Barbu,Urban,M,6.83,6.39,7.16,8.62,4.4,6.7,0,0,2021
4455,2021,Olt,Liceul Teoretic Mihai Viteazul,Urban,F,8.11,7.83,5.34,9.59,6.5,7.18,1,0,2021
4456,2021,Alba,Colegiul Tehnic Elena Cuza,Rural,M,10.0,7.82,6.99,6.4,8.05,7.61,1,0,2021
4457,2021,Timis,Liceul de Arte Mihai Eminescu,Rural,M,7.35,7.24,6.69,6.42,6.2,6.81,1,0,2021
4458,2021,Botosani,Colegiul Tehnic Stefan cel Mare,Rural,F,8.89,1.0,4.23,9.41,7.54,5.0,0,0,2021
4459,2021,Giurgiu,Liceul Pedagogic Nicolae Balcescu,Urban,F,9.54,9.97,9.46,8.34,5.02,8.79,1,0,2021
4460,2021,Covasna,Liceul Sportiv Mihai Viteazul,Urban,M,8.0,6.53,5.62,6.96,9.5,6.91,1,0,2021
4461,2021,Timis,Scoala Nationala Mihai Eminescu,Urban,F,10.0,6.19,10.0,5.77,8.38,7.98,1,0,2021
4462,2021,Botosani,Liceul Tehnologic Ana Ipatescu,Urban,M,8.63,6.34,7.3,10.0,8.31,7.7,1,0,2021
4463,2021,Braila,Colegiul Economic Unirea,Rural,M,7.04,6.83,5.29,5.18,8.24,6.35,1,0,2021
4464,2021,Bihor,Liceul Teoretic Vasile Alecsandri,Urban,F,8.33,7.7,5.11,8.92,6.17,6.94,1,0,2021
4465,2021,Bacau,Liceul Teoretic Bogdan Voda,Rural,F,7.66,4.94,8.21,6.16,4.86,6.36,0,0,2021
4466,2021,Dambovita,Colegiul Tehnic Stefan cel Mare,Rural,M,9.02,9.06,7.57,7.39,7.49,8.12,1,0,2021
4467,2021,Hunedoara,Liceul Sportiv Unirea,Urban,M,9.01,7.2,6.7,8.95,9.77,7.88,1,0,2021
4468,2021,Braila,Liceul Pedagogic Ion Barbu,Urban,M,5.24,10.0,7.31,6.31,6.94,7.7,1,0,2021
4469,2021,Timis,Liceul Teoretic Grigore Moisil,Rural,F,7.3,9.06,5.0,7.47,8.1,7.28,1,0,2021
4470,2021,Vaslui,Colegiul Economic Grigore Moisil,Rural,M,7.84,6.54,6.69,5.34,10.0,7.05,1,0,2021
4471,2021,Iasi,Colegiul National Ion Barbu,Urban,F,8.47,9.09,6.6,8.25,8.43,8.06,1,0,2021
4472,2021,Neamt,Liceul Teoretic Elena Cuza,Urban,F,8.05,8.09,7.02,4.22,5.99,6.87,0,0,2021
4473,2021,Galati,Colegiul National Ana Ipatescu,Urban,M,6.67,5.51,5.42,7.91,9.54,6.56,1,0,2021
4474,2021,Bihor,Colegiul National Emil Racovita,Rural,F,6.96,3.51,2.89,6.86,8.39,4.9,0,0,2021
4475,2021,Giurgiu,Liceul de Arte Mihai Eminescu,Urban,F,10.0,4.87,2.03,5.45,5.38,4.69,0,0,2021
4476,2021,Sibiu,Liceul Sportiv Gheorghe Sincai,Urban,M,7.13,10.0,10.0,8.66,8.78,9.33,1,0,2021
4477,2021,Neamt,Scoala Nationala Regina Maria,Urban,F,8.97,7.6,5.4,5.36,6.57,6.59,1,0,2021
4478,2021,Arges,Liceul Teoretic Octavian Goga,Urban,F,9.35,8.56,9.75,9.49,8.16,9.08,1,0,2021
4479,2021,Vrancea,Liceul Sportiv Regina Maria,Rural,F,7.81,9.4,7.17,8.93,6.54,8.07,1,0,2021
4480,2021,Hunedoara,Liceul Pedagogic Constantin Brancusi,Rural,M,7.53,6.73,10.0,10.0,9.37,8.68,1,0,2021
4481,2021,Maramures,Colegiul Tehnic Nicolae Balcescu,Rural,M,9.97,9.24,7.03,6.26,7.32,7.92,1,0,2021
4482,2021,Gorj,Liceul Teoretic Mihai Viteazul,Urban,F,6.21,6.85,6.6,6.6,4.05,6.25,0,0,2021
4483,2021,Maramures,Liceul Tehnologic Emil Racovita,Rural,F,5.2,7.32,4.37,7.57,6.42,6.13,0,0,2021
4484,2021,Valcea,Colegiul Economic Tudor Vladimirescu,Rural,M,10.0,7.1,5.86,7.26,5.56,6.81,1,0,2021
4485,2021,Teleorman,Scoala Nationala Ioan Slavici,Urban,F,8.62,8.22,5.84,8.38,10.0,7.84,1,0,2021
4486,2021,Mehedinti,Colegiul Economic Mihai Viteazul,Rural,M,3.65,3.83,3.86,9.9,5.11,4.92,0,0,2021
4487,2021,Maramures,Liceul Pedagogic Nicolae Balcescu,Urban,F,8.33,8.09,7.06,10.0,9.32,8.28,1,0,2021
4488,2021,Ilfov,Liceul Teoretic Elena Cuza,Rural,F,7.34,3.66,7.19,8.16,7.03,6.27,0,0,2021
4489,2021,Giurgiu,Colegiul Economic Ion Barbu,Urban,F,7.76,10.0,8.0,9.31,7.84,8.75,1,0,2021
4490,2021,Suceava,Liceul Pedagogic Decebal,Urban,M,6.88,7.4,7.22,8.85,5.99,7.3,1,0,2021
4491,2021,Bihor,Colegiul National Lucian Blaga,Urban,F,8.36,9.64,7.78,7.15,5.77,8.0,1,0,2021
4492,2021,Alba,Liceul de Arte Stefan cel Mare,Rural,M,1.99,4.97,5.66,3.63,5.74,4.79,0,0,2021
4493,2021,Sibiu,Colegiul Tehnic Octavian Goga,Urban,M,8.92,4.9,5.0,7.68,6.18,5.94,0,1,2021
4494,2021,Brasov,Liceul Pedagogic Regina Maria,Urban,F,8.9,7.09,7.52,8.43,9.22,7.92,1,0,2021
4495,2021,Dambovita,Liceul Teoretic Gheorghe Sincai,Rural,M,7.71,8.5,6.6,6.02,6.99,7.25,1,0,2021
4496,2021,Teleorman,Colegiul Tehnic Bogdan Voda,Rural,F,9.31,7.97,3.04,7.61,7.31,6.47,0,0,2021
4497,2021,Satu Mare,Liceul Pedagogic Nicolae Balcescu,Urban,M,4.9,7.06,5.42,4.87,5.75,5.83,0,0,2021
4498,2021,Neamt,Liceul Sportiv Decebal,Rural,F,7.42,6.2,8.45,8.57,4.93,7.16,0,0,2021
4499,2021,Suceava,Colegiul National Emil Racovita,Urban,F,9.28,4.01,7.17,7.78,9.07,6.81,0,1,2021
4500,2021,Harghita,Scoala Nationala Onisifor Ghibu,Urban,F,8.52,6.56,5.85,10.0,7.15,7.15,1,0,2021
4501,2021,Neamt,Liceul Sportiv Constantin Brancusi,Rural,M,7.98,4.95,3.33,5.12,9.46,5.47,0,0,2021
4502,2021,Iasi,Liceul Pedagogic Ion Luca Caragiale,Rural,F,8.95,8.71,8.03,8.08,5.64,7.98,1,0,2021
4503,2021,Teleorman,Liceul Tehnologic Lucian Blaga,Urban,M,9.88,6.69,6.41,6.71,10.0,7.42,1,0,2021
4504,2021,Cluj,Liceul Teoretic Ana Ipatescu,Urban,F,8.66,7.08,8.38,9.14,9.96,8.37,1,0,2021
4505,2021,Suceava,Liceul de Arte Nicolae Balcescu,Rural,M,8.64,5.96,2.85,6.77,5.64,5.37,0,0,2021
4506,2021,Dambovita,Liceul Sportiv Avram Iancu,Urban,F,8.99,7.74,5.0,8.35,7.96,7.17,1,0,2021
4507,2021,Galati,Colegiul Economic Elena Cuza,Urban,F,7.93,7.79,5.62,8.26,6.15,6.98,1,0,2021
4508,2021,Braila,Scoala Nationala Constantin Brancusi,Urban,M,8.0,6.27,10.0,7.04,8.16,7.96,1,0,2021
4509,2021,Braila,Colegiul Tehnic Elena Cuza,Urban,F,6.88,6.63,7.77,6.04,10.0,7.41,1,0,2021
4510,2021,Valcea,Liceul Tehnologic Tudor Vladimirescu,Urban,F,6.46,9.45,7.28,6.99,7.78,7.88,1,0,2021
4511,2021,Arges,Liceul Teoretic Gheorghe Sincai,Urban,F,1.28,9.25,8.33,7.83,8.1,7.79,0,0,2021
4512,2021,Bucuresti,Liceul Pedagogic Regina Maria,Rural,F,9.45,6.2,10.0,7.92,8.42,8.26,1,0,2021
4513,2021,Buzau,Liceul Pedagogic Marin Preda,Urban,M,7.66,7.08,5.07,8.25,8.62,6.94,1,0,2021
4514,2021,Covasna,Liceul Sportiv Vasile Alecsandri,Urban,M,7.57,6.52,6.15,6.35,3.94,6.1,0,0,2021
4515,2021,Ilfov,Liceul Sportiv Avram Iancu,Urban,M,8.89,8.38,7.75,6.73,7.07,7.8,1,0,2021
4516,2021,Vrancea,Colegiul Tehnic Emil Racovita,Urban,F,8.89,7.95,9.21,8.59,9.3,8.72,1,0,2021
4517,2021,Dambovita,Scoala Nationala Elena Cuza,Urban,M,9.82,7.68,8.33,6.69,7.41,7.9,1,0,2021
4518,2021,Timis,Scoala Nationala Ion Luca Caragiale,Rural,M,7.2,5.54,7.02,7.97,7.44,6.8,1,0,2021
4519,2021,Satu Mare,Liceul Tehnologic Vasile Alecsandri,Urban,F,7.4,8.02,9.75,8.26,9.2,8.69,1,0,2021
4520,2021,Vaslui,Colegiul Economic Regina Maria,Urban,M,6.92,7.07,8.43,7.72,8.93,7.84,1,0,2021
4521,2021,Braila,Colegiul Tehnic Stefan cel Mare,Urban,F,8.9,8.35,8.56,9.58,7.37,8.51,1,0,2021
4522,2021,Calarasi,Scoala Nationala Nicolae Balcescu,Urban,M,7.51,9.66,4.73,5.2,6.39,6.81,0,0,2021
4523,2021,Gorj,Scoala Nationala Stefan cel Mare,Urban,M,6.96,7.09,4.41,7.83,5.98,6.22,0,0,2021
4524,2021,Harghita,Colegiul National Constantin Brancusi,Urban,M,9.32,7.6,6.27,8.44,8.45,7.63,1,0,2021
4525,2021,Mehedinti,Liceul de Arte Tudor Vladimirescu,Urban,M,8.25,7.7,7.56,7.96,7.74,7.76,1,0,2021
4526,2021,Olt,Scoala Nationala Grigore Moisil,Urban,M,8.25,5.85,8.57,8.57,7.65,7.58,1,0,2021
4527,2021,Cluj,Colegiul Tehnic Grigore Moisil,Rural,M,8.2,6.32,7.83,4.23,4.23,6.33,0,0,2021
4528,2021,Teleorman,Liceul Sportiv Ioan Slavici,Urban,M,9.32,7.76,7.26,6.4,8.85,7.73,1,0,2021
4529,2021,Covasna,Liceul Pedagogic Spiru Haret,Urban,F,8.48,4.48,5.65,3.67,8.62,5.73,0,1,2021
4530,2021,Neamt,Colegiul Economic Tudor Vladimirescu,Urban,M,10.0,3.08,3.2,7.48,6.97,5.05,0,1,2021
4531,2021,Giurgiu,Colegiul Tehnic Gheorghe Sincai,Urban,M,7.02,3.87,4.9,8.71,10.0,6.14,0,0,2021
4532,2021,Suceava,Scoala Nationala George Cosbuc,Rural,F,8.64,9.06,7.94,7.83,7.96,8.33,1,0,2021
4533,2021,Suceava,Liceul de Arte Vasile Alecsandri,Rural,M,9.44,6.84,6.12,6.75,8.64,7.14,1,0,2021
4534,2021,Galati,Colegiul Tehnic Constantin Brancusi,Urban,F,8.61,7.5,8.8,9.63,7.14,8.27,1,0,2021
4535,2021,Bistrita-Nasaud,Colegiul Tehnic Emil Racovita,Urban,M,8.84,7.91,10.0,7.71,7.97,8.61,1,0,2021
4536,2021,Bucuresti,Liceul de Arte Unirea,Rural,F,7.93,7.5,7.78,8.31,9.59,8.06,1,0,2021
4537,2021,Ilfov,Liceul de Arte Unirea,Rural,M,5.54,5.93,3.65,8.93,4.9,5.5,0,0,2021
4538,2021,Dolj,Colegiul Tehnic Onisifor Ghibu,Urban,M,9.63,7.74,6.82,2.84,6.43,6.72,0,0,2021
4539,2021,Ialomita,Colegiul Economic Ion Luca Caragiale,Urban,F,7.46,10.0,5.0,9.39,8.91,7.99,1,0,2021
4540,2021,Salaj,Colegiul Economic George Cosbuc,Urban,F,7.74,9.48,7.87,6.43,5.19,7.72,1,0,2021
4541,2021,Harghita,Liceul de Arte Alexandru Ioan Cuza,Urban,F,7.66,7.45,6.05,10.0,6.76,7.33,1,0,2021
4542,2021,Arad,Liceul Tehnologic Dimitrie Cantemir,Rural,M,3.45,5.59,6.6,7.24,6.05,6.0,0,0,2021
4543,2021,Constanta,Liceul Sportiv Grigore Moisil,Urban,M,8.39,9.06,6.38,6.62,7.45,7.58,1,0,2021
4544,2021,Ilfov,Colegiul Tehnic Decebal,Rural,F,7.8,5.44,8.78,8.94,10.0,7.89,1,0,2021
4545,2021,Harghita,Colegiul Tehnic Dimitrie Cantemir,Urban,F,8.38,6.36,4.25,9.56,5.94,6.35,0,0,2021
4546,2021,Calarasi,Colegiul National George Cosbuc,Rural,F,7.09,6.49,5.0,10.0,8.52,6.93,1,0,2021
4547,2021,Suceava,Liceul Pedagogic Ion Barbu,Rural,F,7.24,7.17,6.38,10.0,6.57,7.27,1,0,2021
4548,2021,Valcea,Liceul Teoretic Lucian Blaga,Urban,M,5.92,7.04,6.61,8.16,8.36,7.16,1,0,2021
4549,2021,Suceava,Colegiul Economic Constantin Brancusi,Rural,F,10.0,5.21,4.09,2.98,7.72,5.4,0,0,2021
4550,2021,Cluj,Colegiul National Emil Racovita,Rural,M,9.03,8.56,7.45,9.78,7.95,8.37,1,0,2021
4551,2021,Constanta,Liceul Tehnologic Nicolae Balcescu,Urban,F,7.78,8.67,9.47,7.72,9.67,8.83,1,0,2021
4552,2021,Maramures,Liceul Pedagogic Regina Maria,Urban,F,7.15,5.44,5.0,7.71,8.26,6.24,1,0,2021
4553,2021,Satu Mare,Liceul de Arte Regina Maria,Urban,M,9.31,8.32,6.62,7.72,5.63,7.42,1,0,2021
4554,2021,Calarasi,Liceul Teoretic Bogdan Voda,Rural,F,5.88,7.82,7.61,7.83,5.46,7.21,0,1,2021
4555,2021,Botosani,Liceul Tehnologic Spiru Haret,Rural,F,6.47,4.54,7.29,2.77,1.99,4.91,0,0,2021
4556,2021,Vaslui,Scoala Nationala Grigore Moisil,Urban,F,4.79,3.14,9.05,8.54,4.84,6.14,0,0,2021
4557,2021,Bihor,Liceul Sportiv Stefan cel Mare,Urban,M,7.45,9.64,7.25,10.0,6.79,8.33,1,0,2021
4558,2021,Satu Mare,Liceul Pedagogic Ion Barbu,Rural,M,7.37,9.08,7.45,8.28,6.6,7.93,1,0,2021
4559,2021,Constanta,Liceul Sportiv Nicolae Balcescu,Rural,F,7.74,9.24,5.0,7.74,6.66,7.21,1,0,2021
4560,2021,Constanta,Colegiul Economic Ana Ipatescu,Urban,F,8.78,9.77,6.37,8.02,8.6,8.21,1,0,2021
4561,2021,Iasi,Liceul de Arte Ion Luca Caragiale,Urban,M,7.39,8.9,5.77,7.92,9.11,7.69,1,0,2021
4562,2021,Maramures,Liceul Pedagogic Constantin Brancusi,Urban,F,6.87,10.0,3.47,7.48,6.57,6.84,0,0,2021
4563,2021,Bucuresti,Liceul Pedagogic Grigore Moisil,Rural,F,9.26,7.82,6.54,7.68,9.46,7.8,1,0,2021
4564,2021,Arges,Liceul de Arte Alexandru Ioan Cuza,Rural,F,1.17,2.43,6.51,4.44,4.17,4.09,0,1,2021
4565,2021,Timis,Colegiul Economic Lucian Blaga,Rural,M,5.41,7.4,6.59,7.76,4.35,6.55,0,0,2021
4566,2021,Galati,Liceul de Arte Gheorghe Sincai,Urban,F,9.05,7.96,8.2,7.92,5.82,7.81,1,0,2021
4567,2021,Arges,Colegiul Tehnic Traian,Rural,F,9.74,4.37,9.73,4.47,4.05,6.48,0,1,2021
4568,2021,Ilfov,Liceul Teoretic Alexandru Ioan Cuza,Rural,M,8.8,8.25,6.82,7.78,8.8,7.89,1,0,2021
4569,2021,Maramures,Liceul Pedagogic Emil Racovita,Urban,M,8.15,3.12,8.07,8.58,6.32,6.41,0,1,2021
4570,2021,Prahova,Liceul Teoretic Marin Preda,Urban,M,7.76,7.2,7.69,6.52,8.56,7.5,1,0,2021
4571,2021,Maramures,Colegiul National Lucian Blaga,Urban,M,8.46,9.45,10.0,10.0,9.37,9.59,1,0,2021
4572,2021,Buzau,Liceul Sportiv Mircea cel Batran,Urban,F,8.23,7.95,5.0,7.04,6.32,6.71,1,0,2021
4573,2021,Covasna,Liceul Pedagogic Mircea cel Batran,Urban,F,9.53,8.07,5.82,9.37,7.54,7.66,1,0,2021
4574,2021,Mehedinti,Liceul Tehnologic Ana Ipatescu,Rural,M,6.04,5.19,6.4,7.05,6.46,6.11,1,0,2021
4575,2021,Tulcea,Liceul Tehnologic Emil Racovita,Rural,F,7.61,7.03,9.89,8.67,9.0,8.49,1,0,2021
4576,2021,Tulcea,Liceul Teoretic Mihai Eminescu,Urban,M,8.25,8.29,7.06,7.58,8.45,7.83,1,0,2021
4577,2021,Salaj,Liceul de Arte Vasile Alecsandri,Urban,F,7.88,8.33,5.87,7.81,6.95,7.26,1,0,2021
4578,2021,Suceava,Liceul Sportiv Stefan cel Mare,Urban,M,7.54,7.09,8.48,8.47,7.56,7.83,1,0,2021
4579,2021,Dolj,Liceul Pedagogic Stefan cel Mare,Rural,F,7.09,5.42,3.1,5.96,7.19,5.24,0,0,2021
4580,2021,Ilfov,Colegiul Tehnic Grigore Moisil,Urban,M,9.7,9.66,8.19,9.31,7.13,8.79,1,0,2021
4581,2021,Iasi,Colegiul Economic Nicolae Balcescu,Rural,M,7.34,9.29,6.32,9.42,7.83,8.0,1,0,2021
4582,2021,Prahova,Liceul de Arte Dimitrie Cantemir,Urban,F,6.48,7.64,5.68,6.55,7.88,6.81,1,0,2021
4583,2021,Bacau,Scoala Nationala Bogdan Voda,Urban,M,8.79,6.56,9.94,10.0,7.89,8.51,1,0,2021
4584,2021,Valcea,Liceul Teoretic Grigore Moisil,Urban,M,7.05,7.48,7.62,6.28,7.54,7.31,1,0,2021
4585,2021,Brasov,Scoala Nationala Octavian Goga,Urban,F,8.65,4.9,5.46,7.73,7.62,6.28,0,0,2021
4586,2021,Dolj,Liceul de Arte Regina Maria,Urban,M,8.7,9.35,2.7,6.07,8.86,6.72,0,0,2021
4587,2021,Alba,Colegiul Economic Grigore Moisil,Urban,F,4.69,6.77,5.2,8.54,3.44,5.86,0,1,2021
4588,2021,Neamt,Scoala Nationala Stefan cel Mare,Urban,F,7.74,8.32,7.26,6.54,7.05,7.49,1,0,2021
4589,2021,Harghita,Colegiul Tehnic Emil Racovita,Urban,M,9.37,7.82,7.37,10.0,7.49,8.12,1,0,2021
4590,2021,Galati,Colegiul Economic Regina Maria,Urban,M,7.17,7.21,3.61,8.67,7.45,6.38,0,0,2021
4591,2021,Alba,Liceul Sportiv Avram Iancu,Rural,M,7.68,5.84,6.98,7.5,9.58,7.18,1,0,2021
4592,2021,Vrancea,Scoala Nationala Alexandru Ioan Cuza,Urban,F,7.57,8.12,5.6,5.15,5.58,6.48,1,0,2021
4593,2021,Galati,Scoala Nationala Lucian Blaga,Urban,M,7.38,4.74,6.12,7.3,6.36,6.04,0,0,2021
4594,2021,Giurgiu,Scoala Nationala Traian,Rural,M,7.43,3.17,3.5,4.33,8.16,4.62,0,0,2021
4595,2021,Vaslui,Colegiul National Constantin Brancusi,Urban,F,10.0,5.41,5.71,6.02,7.4,6.35,1,0,2021
4596,2021,Alba,Colegiul National Vasile Alecsandri,Rural,M,1.0,6.97,7.06,4.17,6.94,5.98,0,0,2021
4597,2021,Braila,Colegiul Economic Stefan cel Mare,Rural,M,7.48,7.56,6.98,7.57,6.18,7.17,1,0,2021
4598,2021,Valcea,Colegiul Economic Marin Preda,Rural,F,8.91,9.45,6.6,8.14,6.62,7.92,1,0,2021
4599,2021,Alba,Liceul Teoretic Emil Racovita,Rural,F,9.78,8.27,7.65,7.59,7.86,8.07,1,0,2021
4600,2021,Bacau,Liceul Tehnologic Mihai Eminescu,Rural,M,8.97,7.16,6.84,7.39,5.78,7.07,1,0,2021
4601,2021,Bucuresti,Liceul de Arte Mihai Eminescu,Rural,F,9.8,7.06,7.38,10.0,6.9,7.85,1,0,2021
4602,2021,Braila,Colegiul National Onisifor Ghibu,Urban,M,7.59,5.88,8.1,5.77,7.57,6.95,1,0,2021
4603,2021,Suceava,Liceul Teoretic Emil Racovita,Urban,M,8.66,9.49,8.24,8.17,5.85,8.29,1,0,2021
4604,2021,Bacau,Liceul Sportiv Stefan cel Mare,Rural,F,5.84,4.12,2.88,6.5,4.95,4.4,0,0,2021
4605,2021,Salaj,Scoala Nationala Spiru Haret,Rural,M,9.11,8.24,7.96,8.29,5.88,7.9,1,0,2021
4606,2021,Ialomita,Liceul Teoretic Marin Preda,Rural,F,5.92,7.3,8.99,7.23,8.36,7.82,1,0,2021
4607,2021,Salaj,Liceul Tehnologic Dimitrie Cantemir,Urban,M,6.86,8.98,5.32,7.61,6.34,7.07,1,0,2021
4608,2021,Vaslui,Liceul Tehnologic Grigore Moisil,Urban,M,8.84,8.62,8.73,9.45,10.0,9.01,1,0,2021
4609,2021,Prahova,Liceul Teoretic Lucian Blaga,Rural,M,10.0,3.69,3.86,7.29,3.16,4.83,0,0,2021
4610,2021,Dolj,Liceul de Arte Grigore Moisil,Urban,F,7.08,6.31,8.22,8.38,7.82,7.5,1,0,2021
4611,2021,Sibiu,Colegiul National Ion Barbu,Urban,F,9.5,8.06,6.19,5.82,9.5,7.52,1,0,2021
4612,2021,Gorj,Liceul de Arte Spiru Haret,Urban,F,8.75,5.64,5.0,7.98,8.55,6.55,1,0,2021
4613,2021,Tulcea,Liceul Pedagogic Nicolae Balcescu,Urban,F,7.35,7.78,8.28,8.85,7.46,8.0,1,0,2021
4614,2021,Ialomita,Liceul de Arte Marin Preda,Urban,M,8.87,6.2,6.2,6.17,7.96,6.73,1,0,2021
4615,2021,Covasna,Colegiul National Ion Luca Caragiale,Urban,F,6.21,1.84,4.83,7.65,7.7,4.92,0,0,2021
4616,2021,Olt,Liceul Sportiv Mircea cel Batran,Urban,F,8.17,7.56,10.0,8.67,8.89,8.72,1,0,2021
4617,2021,Salaj,Liceul Pedagogic Ana Ipatescu,Urban,M,8.26,6.84,6.47,5.69,2.87,6.1,0,0,2021
4618,2021,Olt,Colegiul Tehnic Mihai Viteazul,Urban,F,8.29,7.56,6.96,7.65,8.99,7.68,1,0,2021
4619,2021,Vrancea,Liceul de Arte Ana Ipatescu,Urban,F,8.11,8.64,8.52,8.02,9.49,8.59,1,0,2021
4620,2021,Gorj,Colegiul Economic Constantin Brancusi,Urban,F,7.81,7.38,3.92,4.16,7.83,5.97,0,0,2021
4621,2021,Botosani,Liceul de Arte Emil Racovita,Urban,F,8.7,10.0,8.31,9.5,8.52,9.07,1,0,2021
4622,2021,Salaj,Liceul de Arte Ana Ipatescu,Urban,F,9.26,6.72,5.34,10.0,8.17,7.27,1,0,2021
4623,2021,Calarasi,Colegiul National Tudor Vladimirescu,Rural,F,8.6,8.83,7.65,7.74,7.58,8.1,1,0,2021
4624,2021,Buzau,Liceul Sportiv Tudor Vladimirescu,Rural,M,8.18,6.93,8.21,7.72,7.46,7.64,1,0,2021
4625,2021,Bihor,Colegiul Tehnic Gheorghe Sincai,Rural,M,6.52,6.19,9.11,8.8,8.2,7.79,1,0,2021
4626,2021,Bucuresti,Liceul de Arte Lucian Blaga,Rural,F,7.21,7.22,5.71,5.96,7.18,6.57,1,0,2021
4627,2021,Gorj,Liceul de Arte Regina Maria,Urban,M,8.29,6.69,7.54,8.09,10.0,7.81,1,0,2021
4628,2021,Cluj,Colegiul Tehnic Stefan cel Mare,Rural,F,7.28,7.47,7.62,6.77,8.44,7.54,1,0,2021
4629,2021,Satu Mare,Scoala Nationala Nicolae Balcescu,Rural,M,8.24,4.64,3.48,7.35,5.22,5.15,0,0,2021
4630,2021,Iasi,Liceul Teoretic Mihai Eminescu,Rural,F,8.08,9.83,9.9,6.25,7.48,8.79,1,0,2021
4631,2021,Bacau,Liceul de Arte Bogdan Voda,Urban,F,9.18,6.18,7.99,9.37,10.0,8.07,1,0,2021
4632,2021,Hunedoara,Liceul Sportiv Unirea,Rural,F,8.87,9.09,6.69,7.33,8.12,7.94,1,0,2021
4633,2021,Mehedinti,Colegiul Tehnic Grigore Moisil,Urban,M,8.62,5.97,7.06,8.42,7.35,7.14,1,0,2021
4634,2021,Mures,Scoala Nationala Ion Luca Caragiale,Urban,M,7.39,5.42,9.76,7.5,6.46,7.39,1,0,2021
4635,2021,Arad,Scoala Nationala Stefan cel Mare,Rural,F,6.76,8.54,5.5,6.57,6.43,6.84,1,0,2021
4636,2021,Bistrita-Nasaud,Liceul Tehnologic Tudor Vladimirescu,Urban,M,6.57,7.48,8.08,6.5,6.22,7.23,1,0,2021
4637,2021,Arges,Colegiul Tehnic Elena Cuza,Rural,F,7.1,8.2,7.49,9.66,9.26,8.25,1,0,2021
4638,2021,Tulcea,Colegiul National Bogdan Voda,Urban,F,8.56,8.59,4.5,8.47,4.82,6.78,0,1,2021
4639,2021,Bucuresti,Liceul Teoretic Traian,Urban,F,9.75,6.44,8.12,7.65,8.85,7.82,1,0,2021
4640,2021,Covasna,Scoala Nationala Vasile Alecsandri,Urban,F,7.58,6.65,7.4,5.3,5.6,6.61,1,0,2021
4641,2021,Olt,Liceul Tehnologic Spiru Haret,Urban,F,7.41,8.26,8.78,9.51,8.92,8.62,1,0,2021
4642,2021,Dambovita,Liceul Tehnologic Spiru Haret,Urban,M,6.83,5.51,7.16,4.61,7.06,6.23,0,0,2021
4643,2021,Satu Mare,Liceul Pedagogic Grigore Moisil,Urban,M,8.74,6.54,5.0,8.69,10.0,7.14,1,0,2021
4644,2021,Prahova,Liceul Tehnologic Onisifor Ghibu,Rural,F,7.64,7.8,6.18,6.26,6.1,6.81,1,0,2021
4645,2021,Neamt,Liceul de Arte Ion Luca Caragiale,Urban,F,8.85,9.18,5.92,7.73,10.0,8.07,1,0,2021
4646,2021,Timis,Liceul Tehnologic Octavian Goga,Urban,M,7.58,8.31,7.38,8.56,6.68,7.75,1,0,2021
4647,2021,Olt,Colegiul Economic Ion Barbu,Rural,F,7.65,7.08,7.22,8.38,10.0,7.81,1,0,2021
4648,2021,Tulcea,Liceul de Arte Lucian Blaga,Rural,F,6.36,9.32,5.86,4.42,5.1,6.62,0,0,2021
4649,2021,Buzau,Colegiul Economic Emil Racovita,Urban,F,8.25,8.3,4.07,5.9,6.04,6.33,0,0,2021
4650,2021,Timis,Colegiul Economic Tudor Vladimirescu,Rural,M,8.59,5.16,5.0,6.61,7.11,5.96,1,0,2021
4651,2021,Suceava,Scoala Nationala Avram Iancu,Urban,M,9.01,8.29,5.43,7.81,5.48,7.01,1,0,2021
4652,2021,Buzau,Liceul Tehnologic Gheorghe Sincai,Urban,M,7.7,6.89,9.15,8.04,6.87,7.82,1,0,2021
4653,2021,Salaj,Colegiul Tehnic Alexandru Ioan Cuza,Urban,M,8.25,8.18,7.61,7.03,10.0,8.12,1,0,2021
4654,2021,Timis,Liceul Teoretic Stefan cel Mare,Rural,F,9.6,8.88,7.14,7.59,7.17,7.98,1,0,2021
4655,2021,Salaj,Liceul de Arte Mihai Viteazul,Rural,M,7.54,2.19,4.89,6.62,6.03,4.78,0,0,2021
4656,2021,Ialomita,Liceul de Arte Bogdan Voda,Urban,F,6.14,6.57,6.8,5.75,3.39,6.0,0,0,2021
4657,2021,Ilfov,Colegiul National Nicolae Balcescu,Rural,F,5.26,6.27,5.05,6.47,5.08,5.65,1,0,2021
4658,2021,Braila,Colegiul Economic Gheorghe Sincai,Rural,M,5.0,6.67,5.23,7.71,4.9,5.96,0,0,2021
4659,2021,Galati,Liceul Sportiv Nicolae Balcescu,Urban,F,7.12,5.0,5.36,7.95,6.74,6.02,1,0,2021
4660,2021,Botosani,Liceul Pedagogic Emil Racovita,Urban,F,7.6,9.27,5.46,9.33,7.51,7.7,1,0,2021
4661,2021,Arges,Scoala Nationala Dimitrie Cantemir,Urban,F,8.92,8.68,8.48,7.71,8.86,8.53,1,0,2021
4662,2021,Prahova,Colegiul Tehnic Lucian Blaga,Rural,M,10.0,8.43,8.15,6.58,7.86,8.14,1,0,2021
4663,2021,Tulcea,Colegiul National Emil Racovita,Urban,M,9.48,9.53,8.04,9.46,8.09,8.85,1,0,2021
4664,2021,Ilfov,Scoala Nationala Lucian Blaga,Rural,F,8.94,8.47,7.46,5.79,7.56,7.68,1,0,2021
4665,2021,Bistrita-Nasaud,Liceul Tehnologic Elena Cuza,Rural,M,5.38,8.25,6.83,3.28,5.38,6.36,0,0,2021
4666,2021,Satu Mare,Liceul Tehnologic Grigore Moisil,Rural,F,8.53,8.12,6.02,6.05,9.09,7.37,1,0,2021
4667,2021,Vaslui,Colegiul Tehnic Stefan cel Mare,Rural,F,4.9,4.96,5.49,6.11,7.78,5.71,0,0,2021
4668,2021,Sibiu,Colegiul National Nicolae Balcescu,Rural,F,9.06,8.09,7.26,9.33,9.45,8.33,1,0,2021
4669,2021,Braila,Liceul Pedagogic Unirea,Rural,F,5.43,5.02,7.6,6.78,1.95,5.64,0,0,2021
4670,2021,Vrancea,Colegiul National Elena Cuza,Urban,F,7.56,8.19,7.96,5.57,8.98,7.78,1,0,2021
4671,2021,Vrancea,Liceul Pedagogic Stefan cel Mare,Rural,F,6.83,8.2,6.89,8.47,6.43,7.44,1,0,2021
4672,2021,Sibiu,Colegiul National Mircea cel Batran,Rural,F,6.76,5.39,9.73,7.88,9.72,7.85,1,0,2021
4673,2021,Ilfov,Liceul Tehnologic Ana Ipatescu,Urban,F,7.42,6.58,2.66,4.9,6.95,5.29,0,0,2021
4674,2021,Timis,Colegiul Tehnic Ion Barbu,Urban,F,8.75,7.37,5.0,9.06,8.62,7.24,1,0,2021
4675,2021,Gorj,Colegiul National Octavian Goga,Rural,F,6.61,7.33,8.89,5.0,7.31,7.37,1,0,2021
4676,2021,Vrancea,Liceul Tehnologic Dimitrie Cantemir,Urban,F,9.23,8.47,5.0,6.71,5.94,6.86,1,0,2021
4677,2021,Iasi,Colegiul Economic George Cosbuc,Urban,F,7.54,9.55,3.67,6.95,6.99,6.81,0,0,2021
4678,2021,Ialomita,Liceul Sportiv Lucian Blaga,Urban,F,8.3,5.0,5.8,6.65,10.0,6.57,1,0,2021
4679,2021,Buzau,Colegiul Tehnic Tudor Vladimirescu,Urban,M,8.38,7.5,6.12,7.2,7.65,7.15,1,0,2021
4680,2021,Satu Mare,Liceul Teoretic Mihai Eminescu,Rural,F,8.17,7.22,5.83,8.5,10.0,7.51,1,0,2021
4681,2021,Iasi,Colegiul Economic Traian,Rural,M,7.68,8.36,7.22,8.99,8.6,8.08,1,0,2021
4682,2021,Neamt,Liceul Teoretic Avram Iancu,Urban,F,8.87,6.24,6.29,6.61,7.23,6.72,1,0,2021
4683,2021,Suceava,Colegiul Tehnic Emil Racovita,Urban,F,8.82,7.56,7.27,7.87,8.53,7.79,1,0,2021
4684,2021,Dolj,Colegiul Tehnic Onisifor Ghibu,Urban,M,8.86,5.35,3.06,5.43,9.53,5.65,0,0,2021
4685,2021,Giurgiu,Liceul Teoretic Grigore Moisil,Urban,M,7.98,6.51,7.38,7.32,6.88,7.1,1,0,2021
4686,2021,Bacau,Liceul Teoretic Elena Cuza,Rural,M,8.08,5.47,2.27,6.17,6.19,4.98,0,0,2021
4687,2021,Cluj,Liceul de Arte Mircea cel Batran,Urban,F,7.3,6.03,8.57,4.34,8.6,7.05,0,0,2021
4688,2021,Brasov,Liceul Teoretic Grigore Moisil,Urban,F,5.16,7.97,4.44,8.16,6.78,6.48,0,1,2021
4689,2021,Hunedoara,Liceul de Arte Vasile Alecsandri,Rural,M,4.81,9.12,4.72,7.46,5.12,6.52,0,1,2021
4690,2021,Mehedinti,Colegiul Economic Stefan cel Mare,Rural,M,5.05,1.94,2.16,2.85,4.89,2.9,0,0,2021
4691,2021,Ilfov,Colegiul National Mihai Eminescu,Rural,F,6.96,9.3,6.06,7.49,8.37,7.68,1,0,2021
4692,2021,Teleorman,Liceul Pedagogic Alexandru Ioan Cuza,Rural,F,7.22,7.48,7.34,6.33,10.0,7.62,1,0,2021
4693,2021,Olt,Liceul Sportiv Mihai Eminescu,Urban,M,8.28,9.67,8.02,7.87,6.44,8.28,1,0,2021
4694,2021,Olt,Liceul Tehnologic Traian,Urban,M,8.13,9.61,7.93,7.48,6.69,8.2,1,0,2021
4695,2021,Dambovita,Liceul Sportiv George Cosbuc,Rural,M,7.9,6.54,6.7,9.94,5.69,7.11,1,0,2021
4696,2021,Teleorman,Liceul Sportiv Marin Preda,Urban,F,8.14,5.77,6.3,7.69,7.49,6.71,1,0,2021
4697,2021,Valcea,Colegiul Tehnic Mihai Eminescu,Urban,M,4.23,7.22,5.31,7.03,5.87,6.12,0,0,2021
4698,2021,Iasi,Colegiul Economic Decebal,Rural,M,4.35,7.95,8.67,3.83,5.05,6.75,0,0,2021
4699,2021,Salaj,Liceul Sportiv Mihai Eminescu,Urban,M,9.71,8.17,5.98,7.38,7.6,7.46,1,0,2021
4700,2021,Galati,Liceul Pedagogic Regina Maria,Rural,F,8.68,5.52,5.44,8.47,6.15,6.35,1,0,2021
4701,2021,Buzau,Liceul de Arte Constantin Brancusi,Rural,F,8.67,6.96,6.88,8.11,5.64,7.08,1,0,2021
4702,2021,Salaj,Colegiul National Unirea,Rural,M,10.0,9.58,7.92,8.01,6.37,8.41,1,0,2021
4703,2021,Cluj,Liceul de Arte Dimitrie Cantemir,Rural,F,8.09,8.26,7.15,7.26,9.25,7.91,1,0,2021
4704,2021,Cluj,Colegiul Economic Mihai Eminescu,Urban,M,7.79,8.44,9.32,8.3,7.48,8.47,1,0,2021
4705,2021,Bucuresti,Liceul Teoretic Vasile Alecsandri,Rural,M,7.61,7.72,4.95,4.71,7.35,6.37,0,0,2021
4706,2021,Arad,Colegiul Tehnic Dimitrie Cantemir,Rural,F,6.89,5.5,6.76,8.93,6.09,6.62,1,0,2021
4707,2021,Bihor,Scoala Nationala George Cosbuc,Urban,M,7.61,2.96,5.73,7.58,6.96,5.55,0,1,2021
4708,2021,Braila,Colegiul National Marin Preda,Urban,F,8.62,7.1,10.0,7.55,2.06,7.43,0,0,2021
4709,2021,Suceava,Colegiul National George Cosbuc,Urban,M,7.23,7.96,7.19,6.21,8.39,7.46,1,0,2021
4710,2021,Vaslui,Liceul Teoretic Vasile Alecsandri,Urban,M,5.93,7.79,6.91,5.61,5.1,6.61,1,0,2021
4711,2021,Valcea,Liceul Sportiv Constantin Brancusi,Rural,F,7.71,5.28,5.18,7.81,7.36,6.18,0,1,2021
4712,2021,Valcea,Liceul Teoretic Unirea,Urban,M,6.32,6.9,2.23,8.68,9.77,6.14,0,0,2021
4713,2021,Brasov,Liceul Sportiv Emil Racovita,Rural,F,7.05,8.23,8.53,7.87,9.7,8.37,1,0,2021
4714,2021,Suceava,Colegiul National Mihai Viteazul,Rural,M,7.49,7.16,7.12,5.0,9.27,7.17,1,0,2021
4715,2021,Neamt,Scoala Nationala Dimitrie Cantemir,Urban,F,10.0,8.65,7.31,7.9,7.58,8.11,1,0,2021
4716,2021,Constanta,Liceul Teoretic Mihai Viteazul,Urban,F,7.76,10.0,9.05,8.42,9.02,9.11,1,0,2021
4717,2021,Galati,Liceul Sportiv Decebal,Urban,M,7.76,8.18,7.89,8.67,7.32,8.0,1,0,2021
4718,2021,Vrancea,Scoala Nationala Octavian Goga,Rural,M,10.0,6.35,8.27,6.9,9.2,7.8,1,0,2021
4719,2021,Dolj,Liceul Teoretic Avram Iancu,Urban,M,10.0,7.25,7.06,6.93,9.08,7.69,1,0,2021
4720,2021,Arges,Colegiul Economic Ana Ipatescu,Rural,M,7.18,7.43,8.13,6.57,9.01,7.72,1,0,2021
4721,2021,Bucuresti,Liceul Teoretic Unirea,Urban,F,6.01,9.78,8.8,6.79,5.42,8.01,1,0,2021
4722,2021,Mures,Colegiul Tehnic Bogdan Voda,Rural,M,10.0,6.65,7.52,6.91,9.7,7.74,1,0,2021
4723,2021,Bucuresti,Colegiul Tehnic Nicolae Balcescu,Urban,M,6.51,8.36,6.3,5.88,10.0,7.43,1,0,2021
4724,2021,Mehedinti,Liceul Sportiv Marin Preda,Urban,F,7.85,8.05,8.95,9.26,6.46,8.24,1,0,2021
4725,2021,Ialomita,Colegiul National Ioan Slavici,Rural,F,6.38,3.71,2.82,6.29,2.79,3.96,0,0,2021
4726,2021,Salaj,Scoala Nationala Avram Iancu,Urban,F,10.0,8.09,6.22,7.64,8.49,7.71,1,0,2021
4727,2021,Vaslui,Colegiul Tehnic Unirea,Urban,M,8.25,9.7,4.79,6.11,6.86,7.12,0,0,2021
4728,2021,Braila,Scoala Nationala Dimitrie Cantemir,Urban,F,9.19,9.3,7.94,7.71,9.46,8.67,1,0,2021
4729,2021,Alba,Liceul Sportiv Marin Preda,Rural,M,9.22,7.1,2.85,4.76,3.87,5.2,0,0,2021
4730,2021,Bacau,Liceul Sportiv Spiru Haret,Urban,M,7.57,7.7,9.23,5.91,7.07,7.78,1,0,2021
4731,2021,Tulcea,Liceul Tehnologic Bogdan Voda,Urban,F,8.24,7.38,5.45,6.27,7.61,6.76,1,0,2021
4732,2021,Harghita,Liceul Teoretic George Cosbuc,Rural,F,8.65,9.54,8.04,7.46,8.36,8.51,1,0,2021
4733,2021,Arges,Liceul Tehnologic Nicolae Balcescu,Rural,F,5.21,4.97,6.75,6.28,7.08,6.04,0,0,2021
4734,2021,Constanta,Liceul de Arte Dimitrie Cantemir,Urban,M,8.97,8.48,6.74,7.22,7.73,7.71,1,0,2021
4735,2021,Vrancea,Scoala Nationala Tudor Vladimirescu,Urban,F,9.5,7.95,6.31,9.81,7.59,7.84,1,0,2021
4736,2021,Alba,Colegiul Economic Unirea,Rural,M,5.72,6.65,9.91,4.42,4.42,6.87,0,0,2021
4737,2021,Giurgiu,Liceul Teoretic Mihai Eminescu,Urban,F,9.74,7.19,5.0,9.18,9.08,7.37,1,0,2021
4738,2021,Salaj,Colegiul Tehnic Marin Preda,Rural,M,9.07,6.07,7.75,9.21,9.2,7.81,1,0,2021
4739,2021,Vaslui,Scoala Nationala Emil Racovita,Urban,M,8.54,7.2,5.67,5.79,4.92,6.32,0,1,2021
4740,2021,Bucuresti,Liceul Teoretic Stefan cel Mare,Rural,M,6.12,4.45,6.22,8.81,6.81,6.16,0,0,2021
4741,2021,Bucuresti,Liceul de Arte Stefan cel Mare,Urban,F,9.16,8.89,6.82,8.48,8.86,8.23,1,0,2021
4742,2021,Sibiu,Liceul Sportiv Nicolae Balcescu,Rural,F,6.36,6.24,4.9,4.41,7.28,5.73,0,0,2021
4743,2021,Mehedinti,Colegiul Economic Octavian Goga,Urban,F,7.4,7.61,9.14,6.51,7.65,7.89,1,0,2021
4744,2021,Calarasi,Liceul de Arte Octavian Goga,Urban,F,7.89,7.9,9.5,8.99,8.0,8.56,1,0,2021
4745,2021,Calarasi,Colegiul Tehnic Lucian Blaga,Urban,F,8.31,6.46,5.87,8.04,7.16,6.81,1,0,2021
4746,2021,Vrancea,Liceul Pedagogic Mihai Eminescu,Rural,F,8.37,8.93,7.81,9.51,10.0,8.79,1,0,2021
4747,2021,Bistrita-Nasaud,Liceul Pedagogic Tudor Vladimirescu,Rural,F,7.59,8.78,6.04,10.0,8.71,8.01,1,0,2021
4748,2021,Bacau,Liceul Pedagogic Mihai Viteazul,Rural,M,8.29,1.69,2.83,7.41,9.97,4.79,0,0,2021
4749,2021,Bacau,Scoala Nationala Grigore Moisil,Urban,M,7.52,8.96,4.03,7.55,4.9,6.52,0,0,2021
4750,2021,Iasi,Liceul Pedagogic Mircea cel Batran,Urban,F,7.05,10.0,5.55,6.17,8.52,7.57,1,0,2021
4751,2021,Bistrita-Nasaud,Liceul Pedagogic Mircea cel Batran,Rural,F,7.55,6.76,8.64,7.38,9.99,7.98,1,0,2021
4752,2021,Ialomita,Liceul de Arte Dimitrie Cantemir,Urban,F,8.6,5.26,10.0,7.67,10.0,8.09,0,1,2021
4753,2021,Suceava,Colegiul Tehnic Stefan cel Mare,Rural,M,6.67,6.94,6.55,6.18,8.94,6.98,1,0,2021
4754,2021,Ilfov,Liceul Teoretic Lucian Blaga,Rural,F,10.0,1.81,7.39,4.8,1.21,4.66,0,0,2021
4755,2021,Hunedoara,Liceul de Arte Spiru Haret,Urban,F,8.32,7.93,7.76,9.43,8.58,8.24,1,0,2021
4756,2021,Calarasi,Liceul Pedagogic Unirea,Urban,M,8.27,7.33,5.0,8.51,5.73,6.66,1,0,2021
4757,2021,Bistrita-Nasaud,Liceul Teoretic Mircea cel Batran,Rural,M,9.09,9.36,5.36,8.15,8.93,7.89,1,0,2021
4758,2021,Tulcea,Liceul Pedagogic Vasile Alecsandri,Urban,M,10.0,8.56,6.64,10.0,7.32,8.16,1,0,2021
4759,2021,Bistrita-Nasaud,Colegiul Economic Ana Ipatescu,Urban,F,8.31,8.83,7.24,7.62,7.74,7.96,1,0,2021
4760,2021,Constanta,Liceul de Arte Ioan Slavici,Urban,F,8.42,9.15,5.49,7.93,5.56,7.26,1,0,2021
4761,2021,Brasov,Liceul Sportiv Octavian Goga,Rural,M,5.95,8.69,1.94,3.96,2.83,4.8,0,1,2021
4762,2021,Sibiu,Scoala Nationala Ion Luca Caragiale,Rural,M,7.46,5.42,10.0,4.05,6.96,7.02,0,0,2021
4763,2021,Ilfov,Liceul Tehnologic Constantin Brancusi,Rural,M,9.5,9.39,6.59,8.16,9.48,8.39,1,0,2021
4764,2021,Valcea,Liceul de Arte Decebal,Urban,M,8.68,7.0,4.79,10.0,5.58,6.74,0,0,2021
4765,2021,Harghita,Liceul de Arte Stefan cel Mare,Rural,M,7.61,7.42,6.83,10.0,6.5,7.51,1,0,2021
4766,2021,Timis,Colegiul National Ion Luca Caragiale,Rural,M,8.91,9.5,5.77,8.16,6.79,7.71,1,0,2021
4767,2021,Braila,Scoala Nationala Onisifor Ghibu,Urban,F,8.83,7.96,8.12,8.02,7.24,8.0,1,0,2021
4768,2021,Dolj,Colegiul National Spiru Haret,Urban,M,7.45,7.43,7.08,9.14,8.92,7.81,1,0,2021
4769,2021,Galati,Liceul Teoretic Mircea cel Batran,Urban,M,10.0,8.4,9.88,7.13,7.93,8.74,1,0,2021
4770,2021,Calarasi,Liceul Pedagogic Avram Iancu,Urban,F,9.52,6.65,7.42,8.31,6.71,7.43,1,0,2021
4771,2021,Neamt,Colegiul Economic Mihai Eminescu,Urban,F,9.39,6.05,5.98,8.67,10.0,7.35,1,0,2021
4772,2021,Braila,Scoala Nationala Mihai Viteazul,Rural,M,6.18,5.6,2.4,6.76,8.96,5.38,0,0,2021
4773,2021,Neamt,Scoala Nationala Elena Cuza,Rural,M,6.17,7.67,4.32,4.42,7.76,6.04,0,0,2021
4774,2021,Salaj,Liceul de Arte Avram Iancu,Rural,F,10.0,7.49,4.69,5.84,10.0,7.03,0,0,2021
4775,2021,Bacau,Liceul de Arte Grigore Moisil,Urban,M,9.61,9.11,6.86,7.57,7.84,8.06,1,0,2021
4776,2021,Valcea,Liceul Pedagogic Emil Racovita,Rural,F,8.46,8.36,5.57,7.43,9.83,7.61,1,0,2021
4777,2021,Braila,Liceul Teoretic Dimitrie Cantemir,Urban,F,8.35,3.16,8.23,8.44,7.18,6.6,0,0,2021
4778,2021,Teleorman,Colegiul Economic Onisifor Ghibu,Urban,F,6.85,6.97,2.47,8.6,6.71,5.81,0,0,2021
4779,2021,Dambovita,Scoala Nationala Bogdan Voda,Urban,F,9.72,7.71,6.69,7.88,6.65,7.47,1,0,2021
4780,2021,Timis,Colegiul Economic Mircea cel Batran,Urban,M,9.6,10.0,10.0,7.49,8.13,9.3,1,0,2021
4781,2021,Bucuresti,Colegiul Economic Ion Luca Caragiale,Urban,M,8.07,6.36,8.03,8.0,7.07,7.38,1,0,2021
4782,2021,Arges,Liceul Sportiv Onisifor Ghibu,Urban,M,10.0,7.69,8.25,9.47,8.01,8.4,1,0,2021
4783,2021,Bistrita-Nasaud,Liceul Teoretic Ion Barbu,Urban,M,7.23,7.18,6.99,6.88,9.31,7.4,1,0,2021
4784,2021,Neamt,Colegiul Tehnic Lucian Blaga,Rural,M,9.1,7.03,6.69,10.0,10.0,8.03,1,0,2021
4785,2021,Prahova,Colegiul National Mihai Viteazul,Rural,F,9.1,6.07,5.09,9.27,10.0,7.15,1,0,2021
4786,2021,Alba,Liceul Pedagogic Unirea,Rural,M,8.29,8.81,6.93,9.23,6.05,7.84,1,0,2021
4787,2021,Tulcea,Liceul de Arte Constantin Brancusi,Rural,M,7.94,6.44,8.16,8.58,8.31,7.71,1,0,2021
4788,2021,Mures,Colegiul Tehnic Traian,Rural,F,10.0,5.61,6.19,8.62,8.69,7.14,1,0,2021
4789,2021,Vaslui,Scoala Nationala Gheorghe Sincai,Urban,M,6.73,3.59,5.1,5.67,9.65,5.58,0,0,2021
4790,2021,Calarasi,Colegiul Tehnic Ion Barbu,Rural,M,4.9,6.9,5.72,6.08,4.88,5.92,0,0,2021
4791,2021,Hunedoara,Colegiul Economic Stefan cel Mare,Rural,F,6.19,4.54,5.42,10.0,4.76,5.82,0,0,2021
4792,2021,Botosani,Liceul Teoretic Bogdan Voda,Urban,F,8.59,8.56,6.71,8.77,8.24,7.99,1,0,2021
4793,2021,Neamt,Colegiul National Grigore Moisil,Urban,M,9.2,8.9,7.92,10.0,8.13,8.69,1,0,2021
4794,2021,Arad,Liceul Tehnologic Ioan Slavici,Urban,F,9.08,10.0,7.08,9.58,10.0,8.97,1,0,2021
4795,2021,Braila,Liceul Sportiv Grigore Moisil,Urban,M,7.29,2.28,6.4,8.11,6.95,5.59,0,0,2021
4796,2021,Cluj,Scoala Nationala George Cosbuc,Urban,M,9.05,9.27,9.81,6.83,9.62,9.1,1,0,2021
4797,2021,Suceava,Colegiul Tehnic Marin Preda,Rural,M,4.75,7.31,4.29,7.41,2.89,5.5,0,0,2021
4798,2021,Olt,Liceul Tehnologic Ion Barbu,Rural,M,7.97,8.55,5.13,5.89,10.0,7.28,1,0,2021
4799,2021,Calarasi,Colegiul Tehnic Onisifor Ghibu,Urban,F,5.51,5.74,6.7,7.01,7.6,6.47,1,0,2021
4800,2021,Covasna,Colegiul Tehnic Alexandru Ioan Cuza,Urban,F,4.61,4.85,4.22,3.5,6.33,4.66,0,0,2021
4801,2021,Teleorman,Colegiul Economic Spiru Haret,Urban,F,9.69,7.34,9.08,7.85,7.19,8.15,1,0,2021
4802,2021,Vaslui,Colegiul Tehnic Ion Barbu,Rural,M,2.08,1.63,8.29,6.4,9.18,5.52,0,1,2021
4803,2021,Dolj,Liceul Teoretic Bogdan Voda,Rural,F,10.0,6.43,5.0,6.19,8.82,6.68,1,0,2021
4804,2021,Arges,Liceul Pedagogic Mihai Eminescu,Urban,F,7.46,6.0,8.32,8.14,10.0,7.76,1,0,2021
4805,2021,Olt,Liceul Teoretic Dimitrie Cantemir,Urban,F,8.47,7.79,8.69,7.86,7.4,8.08,1,0,2021
4806,2021,Satu Mare,Liceul Tehnologic Onisifor Ghibu,Urban,M,9.62,8.26,9.04,7.85,8.44,8.6,1,0,2021
4807,2021,Tulcea,Colegiul National Stefan cel Mare,Rural,F,5.18,8.08,5.77,6.08,7.15,6.66,1,0,2021
4808,2021,Giurgiu,Colegiul Tehnic Spiru Haret,Urban,F,8.47,7.77,5.44,8.55,8.35,7.35,1,0,2021
4809,2021,Harghita,Colegiul National Emil Racovita,Urban,F,9.42,7.26,5.8,7.8,8.53,7.31,1,0,2021
4810,2021,Mehedinti,Colegiul Tehnic Vasile Alecsandri,Urban,F,6.79,7.62,6.52,10.0,5.9,7.31,1,0,2021
4811,2021,Ilfov,Liceul Tehnologic Nicolae Balcescu,Urban,M,8.39,6.36,5.76,8.28,7.69,6.87,1,0,2021
4812,2021,Buzau,Liceul de Arte Dimitrie Cantemir,Rural,F,6.09,7.3,9.01,4.58,7.91,7.38,0,0,2021
4813,2021,Prahova,Liceul Teoretic Elena Cuza,Urban,F,8.67,9.12,6.73,6.34,9.07,7.93,1,0,2021
4814,2021,Valcea,Liceul Sportiv Elena Cuza,Rural,M,7.4,5.69,3.52,8.98,4.58,5.54,0,0,2021
4815,2021,Prahova,Liceul de Arte Grigore Moisil,Urban,F,8.35,8.94,9.87,6.71,7.54,8.62,1,0,2021
4816,2021,Sibiu,Colegiul Tehnic Decebal,Urban,M,7.38,8.2,6.59,6.94,7.13,7.29,1,0,2021
4817,2021,Teleorman,Liceul Tehnologic Nicolae Balcescu,Rural,F,7.73,5.64,5.1,9.48,8.17,6.64,1,0,2021
4818,2021,Satu Mare,Liceul Pedagogic Lucian Blaga,Urban,F,10.0,8.63,7.18,9.63,8.69,8.49,1,0,2021
4819,2021,Sibiu,Liceul Sportiv Ion Barbu,Urban,F,10.0,10.0,8.89,8.67,10.0,9.47,1,0,2021
4820,2021,Giurgiu,Liceul Sportiv Unirea,Urban,M,6.5,8.74,5.59,7.46,7.15,7.14,1,0,2021
4821,2021,Arges,Liceul Sportiv Emil Racovita,Urban,M,8.99,9.74,6.84,7.41,8.29,8.23,1,0,2021
4822,2021,Ialomita,Scoala Nationala Mircea cel Batran,Rural,M,7.98,7.46,7.83,7.54,8.56,7.8,1,0,2021
4823,2021,Mehedinti,Liceul Pedagogic Decebal,Rural,F,7.82,5.72,8.48,8.93,9.2,7.76,1,0,2021
4824,2021,Dolj,Liceul de Arte Gheorghe Sincai,Urban,F,7.34,8.33,7.89,7.42,8.41,7.97,1,0,2021
4825,2021,Mures,Liceul Sportiv Mihai Eminescu,Urban,F,8.97,5.98,7.61,7.82,9.63,7.59,1,0,2021
4826,2021,Bacau,Liceul de Arte Stefan cel Mare,Rural,M,7.51,8.12,7.67,10.0,6.59,7.98,1,0,2021
4827,2021,Giurgiu,Liceul de Arte Spiru Haret,Urban,M,7.41,10.0,5.0,10.0,9.31,8.14,1,0,2021
4828,2021,Dambovita,Colegiul National Constantin Brancusi,Rural,F,8.55,9.28,6.49,3.26,7.43,7.19,0,0,2021
4829,2021,Vaslui,Scoala Nationala Grigore Moisil,Rural,F,4.73,5.34,5.43,4.77,8.29,5.66,0,0,2021
4830,2021,Vaslui,Liceul Tehnologic Emil Racovita,Rural,F,6.76,7.22,5.58,9.49,5.0,6.69,1,0,2021
4831,2021,Arges,Colegiul National Regina Maria,Rural,F,10.0,7.65,8.02,8.4,9.08,8.32,1,0,2021
4832,2021,Vrancea,Liceul Teoretic Emil Racovita,Urban,M,10.0,7.03,7.17,8.57,7.92,7.73,1,0,2021
4833,2021,Mehedinti,Scoala Nationala Elena Cuza,Urban,F,8.78,6.21,7.08,7.0,5.48,6.74,1,0,2021
4834,2021,Giurgiu,Liceul Pedagogic Traian,Urban,M,9.44,9.12,8.08,7.51,7.84,8.41,1,0,2021
4835,2021,Satu Mare,Liceul Tehnologic Dimitrie Cantemir,Urban,F,9.0,9.18,5.0,6.6,7.27,7.23,1,0,2021
4836,2021,Gorj,Liceul Pedagogic Unirea,Urban,M,9.92,9.05,7.76,5.61,10.0,8.38,1,0,2021
4837,2021,Satu Mare,Scoala Nationala Constantin Brancusi,Urban,M,7.72,7.45,8.12,7.89,7.15,7.7,1,0,2021
4838,2021,Alba,Colegiul National Elena Cuza,Urban,F,9.93,8.8,10.0,6.87,10.0,9.16,1,0,2021
4839,2021,Gorj,Liceul Tehnologic Octavian Goga,Urban,M,8.2,5.86,1.23,8.52,4.21,4.86,0,0,2021
4840,2021,Suceava,Liceul Pedagogic Decebal,Urban,M,8.1,10.0,3.81,8.45,5.54,7.05,0,0,2021
4841,2021,Covasna,Colegiul Tehnic Ion Luca Caragiale,Rural,F,8.91,6.53,5.56,8.79,7.65,6.98,1,0,2021
4842,2021,Olt,Liceul Tehnologic Gheorghe Sincai,Rural,M,6.02,9.97,6.41,7.92,8.79,8.02,1,0,2021
4843,2021,Tulcea,Scoala Nationala Vasile Alecsandri,Urban,F,9.67,8.61,8.88,8.97,10.0,9.06,1,0,2021
4844,2021,Constanta,Liceul Pedagogic Alexandru Ioan Cuza,Urban,F,8.42,7.78,5.11,8.93,7.65,7.2,1,0,2021
4845,2021,Bistrita-Nasaud,Liceul de Arte Vasile Alecsandri,Rural,M,8.39,5.84,7.77,2.54,5.46,6.12,0,0,2021
4846,2021,Ilfov,Colegiul National Alexandru Ioan Cuza,Urban,M,7.0,9.1,8.41,10.0,9.58,8.89,1,0,2021
4847,2021,Prahova,Colegiul Economic Emil Racovita,Urban,M,6.32,8.29,5.1,9.48,7.97,7.27,1,0,2021
4848,2021,Gorj,Liceul de Arte Stefan cel Mare,Urban,M,8.2,6.53,6.63,9.55,6.96,7.24,1,0,2021
4849,2021,Hunedoara,Liceul Teoretic George Cosbuc,Urban,M,4.26,7.72,8.01,7.69,8.52,7.58,0,0,2021
4850,2021,Brasov,Liceul Tehnologic Mihai Eminescu,Urban,M,8.52,7.8,4.09,5.21,6.36,6.15,0,1,2021
4851,2021,Dolj,Colegiul National Marin Preda,Rural,M,9.58,6.06,3.63,2.76,6.79,5.3,0,0,2021
4852,2021,Galati,Liceul Sportiv Mircea cel Batran,Urban,M,3.86,7.52,3.74,5.97,8.79,5.98,0,0,2021
4853,2021,Constanta,Colegiul Economic Vasile Alecsandri,Urban,M,9.15,6.04,5.32,8.89,6.4,6.62,1,0,2021
4854,2021,Mures,Liceul Pedagogic Gheorghe Sincai,Urban,M,7.7,8.18,4.69,7.43,8.17,6.97,0,0,2021
4855,2021,Bistrita-Nasaud,Colegiul Tehnic Constantin Brancusi,Urban,M,9.9,6.08,5.23,8.16,7.38,6.71,1,0,2021
4856,2021,Hunedoara,Liceul de Arte Nicolae Balcescu,Urban,F,9.24,9.87,5.0,7.22,7.06,7.53,1,0,2021
4857,2021,Giurgiu,Liceul Pedagogic Nicolae Balcescu,Rural,M,8.06,9.14,8.25,8.16,6.97,8.29,1,0,2021
4858,2021,Constanta,Colegiul Tehnic Ion Barbu,Urban,F,8.32,6.21,9.28,7.62,8.67,7.92,1,0,2021
4859,2021,Bacau,Liceul de Arte Ana Ipatescu,Rural,M,8.63,10.0,6.0,5.76,5.66,7.38,1,0,2021
4860,2021,Arad,Colegiul National Grigore Moisil,Urban,M,9.69,5.19,6.38,7.6,6.72,6.59,1,0,2021
4861,2021,Sibiu,Liceul Sportiv Emil Racovita,Urban,M,8.83,8.5,8.36,9.92,7.79,8.6,1,0,2021
4862,2021,Galati,Liceul de Arte Avram Iancu,Rural,M,7.49,8.96,6.68,9.42,7.39,7.96,1,0,2021
4863,2021,Satu Mare,Liceul Pedagogic Unirea,Urban,F,8.82,6.56,6.28,8.06,8.0,7.14,1,0,2021
4864,2021,Vaslui,Colegiul National Nicolae Balcescu,Urban,F,8.29,9.84,7.68,8.09,9.21,8.68,1,0,2021
4865,2021,Maramures,Colegiul Economic Octavian Goga,Urban,M,8.37,9.71,5.57,8.66,7.41,7.83,1,0,2021
4866,2021,Braila,Liceul de Arte Emil Racovita,Rural,M,9.94,6.22,5.36,8.13,7.8,6.86,1,0,2021
4867,2021,Prahova,Scoala Nationala Marin Preda,Urban,M,7.59,5.66,1.0,5.49,8.0,4.78,0,0,2021
4868,2021,Maramures,Liceul Pedagogic Mihai Eminescu,Urban,F,8.0,8.74,6.92,8.45,8.38,8.02,1,0,2021
4869,2021,Ilfov,Colegiul Economic Nicolae Balcescu,Urban,M,7.45,6.29,8.17,6.66,8.99,7.43,1,0,2021
4870,2021,Neamt,Colegiul Tehnic Ioan Slavici,Urban,M,7.14,6.46,4.64,6.76,7.39,6.17,0,0,2021
4871,2021,Prahova,Liceul Tehnologic Marin Preda,Urban,M,7.7,6.73,8.33,7.67,8.91,7.78,1,0,2021
4872,2021,Botosani,Colegiul Economic Onisifor Ghibu,Rural,F,8.19,7.12,6.78,8.58,7.46,7.4,1,0,2021
4873,2021,Braila,Liceul Pedagogic Alexandru Ioan Cuza,Urban,M,5.81,6.0,6.03,6.64,6.63,6.18,1,0,2021
4874,2021,Suceava,Scoala Nationala Unirea,Urban,F,10.0,9.22,7.0,10.0,8.34,8.62,1,0,2021
4875,2021,Dolj,Liceul Pedagogic Unirea,Urban,M,8.03,6.92,6.99,6.78,8.42,7.26,1,0,2021
4876,2021,Galati,Liceul de Arte Elena Cuza,Urban,M,9.28,7.73,7.73,7.53,7.36,7.8,1,0,2021
4877,2021,Prahova,Colegiul Tehnic Spiru Haret,Rural,M,7.84,8.49,8.9,9.72,6.0,8.36,1,0,2021
4878,2021,Gorj,Liceul Sportiv Spiru Haret,Rural,M,7.5,5.6,9.22,8.98,6.74,7.55,1,0,2021
4879,2021,Dambovita,Colegiul National Avram Iancu,Urban,F,10.0,8.69,6.82,5.64,10.0,8.0,1,0,2021
4880,2021,Covasna,Colegiul Economic Vasile Alecsandri,Urban,M,8.16,8.81,9.9,7.82,6.74,8.61,1,0,2021
4881,2021,Giurgiu,Colegiul National Gheorghe Sincai,Rural,M,6.51,4.3,8.15,3.51,9.59,6.35,0,0,2021
4882,2021,Ilfov,Scoala Nationala George Cosbuc,Urban,F,9.4,5.35,5.33,5.99,7.77,6.21,1,0,2021
4883,2021,Iasi,Liceul Tehnologic Traian,Urban,F,9.58,9.13,9.28,9.33,9.11,9.25,1,0,2021
4884,2021,Calarasi,Liceul de Arte Unirea,Urban,M,10.0,7.99,6.88,9.51,10.0,8.39,1,0,2021
4885,2021,Suceava,Colegiul Economic Mihai Viteazul,Rural,M,7.05,8.67,7.84,7.2,9.02,8.09,1,0,2021
4886,2021,Giurgiu,Liceul Pedagogic Stefan cel Mare,Urban,M,8.77,3.85,8.96,4.9,8.86,6.78,0,0,2021
4887,2021,Constanta,Colegiul Tehnic Decebal,Rural,F,7.27,6.39,6.07,8.37,8.19,6.95,1,0,2021
4888,2021,Vaslui,Colegiul National Mihai Eminescu,Urban,M,9.5,10.0,7.46,7.75,8.49,8.62,1,0,2021
4889,2021,Alba,Colegiul Tehnic Ana Ipatescu,Urban,M,7.86,8.04,8.14,8.08,7.36,7.96,1,0,2021
4890,2021,Galati,Colegiul Economic Emil Racovita,Rural,M,7.75,4.04,6.51,8.97,6.78,6.3,0,0,2021
4891,2021,Salaj,Liceul Teoretic Mihai Eminescu,Urban,M,7.75,7.5,7.41,8.17,8.31,7.72,1,0,2021
4892,2021,Alba,Liceul Sportiv Alexandru Ioan Cuza,Urban,M,8.03,9.32,8.55,7.67,8.07,8.52,1,0,2021
4893,2021,Tulcea,Colegiul Tehnic Constantin Brancusi,Rural,F,8.83,7.47,9.96,7.85,8.01,8.49,1,0,2021
4894,2021,Dambovita,Colegiul Tehnic Ana Ipatescu,Urban,F,6.4,4.87,7.5,5.34,8.16,6.38,0,0,2021
4895,2021,Harghita,Liceul Tehnologic Bogdan Voda,Urban,F,9.99,8.7,7.4,7.66,8.87,8.31,1,0,2021
4896,2021,Ilfov,Scoala Nationala Ioan Slavici,Rural,M,7.58,9.2,8.28,7.45,7.32,8.22,1,0,2021
4897,2021,Arad,Colegiul National Traian,Urban,F,10.0,8.57,5.76,7.03,6.15,7.28,1,0,2021
4898,2021,Satu Mare,Scoala Nationala Unirea,Urban,F,6.58,9.03,6.5,6.72,7.05,7.38,1,0,2021
4899,2021,Iasi,Liceul de Arte Unirea,Urban,M,8.25,8.58,9.95,9.48,8.78,9.12,1,0,2021
4900,2021,Arges,Scoala Nationala Spiru Haret,Urban,F,8.53,9.0,6.28,8.46,8.21,7.94,1,0,2021
4901,2021,Iasi,Colegiul National Stefan cel Mare,Urban,F,9.22,7.16,6.15,9.45,8.09,7.55,1,0,2021
4902,2021,Alba,Colegiul Economic Grigore Moisil,Rural,M,9.41,7.52,5.0,6.39,7.48,6.78,1,0,2021
4903,2021,Valcea,Liceul Tehnologic Emil Racovita,Urban,F,7.87,4.85,7.24,8.9,7.62,6.89,0,0,2021
4904,2021,Arad,Liceul Sportiv Mircea cel Batran,Urban,F,7.91,10.0,8.85,9.45,10.0,9.36,1,0,2021
4905,2021,Salaj,Colegiul National Unirea,Urban,M,10.0,8.74,8.16,9.78,9.23,8.92,1,0,2021
4906,2021,Botosani,Liceul Sportiv Avram Iancu,Urban,F,8.03,6.09,6.4,8.06,4.18,6.39,0,0,2021
4907,2021,Vrancea,Scoala Nationala Dimitrie Cantemir,Urban,F,3.43,7.74,9.68,6.83,9.48,8.02,0,0,2021
4908,2021,Gorj,Colegiul Tehnic Mircea cel Batran,Rural,F,7.32,6.96,10.0,4.14,7.39,7.55,0,0,2021
4909,2021,Hunedoara,Colegiul Economic Ioan Slavici,Rural,M,9.28,6.82,6.88,8.6,10.0,7.83,1,0,2021
4910,2021,Maramures,Colegiul Tehnic Grigore Moisil,Urban,F,9.22,6.75,9.08,9.08,8.28,8.27,1,0,2021
4911,2021,Gorj,Colegiul Economic Constantin Brancusi,Urban,M,7.66,7.7,6.94,5.94,8.79,7.37,1,0,2021
4912,2021,Arges,Colegiul Economic Unirea,Urban,M,6.8,7.09,9.28,9.03,7.04,8.0,1,0,2021
4913,2021,Ilfov,Liceul Teoretic Nicolae Balcescu,Urban,F,9.52,7.98,7.46,8.92,8.58,8.21,1,0,2021
4914,2021,Neamt,Liceul Teoretic Ion Luca Caragiale,Urban,F,9.59,8.06,6.63,6.2,10.0,7.8,1,0,2021
4915,2021,Dolj,Liceul de Arte Stefan cel Mare,Rural,F,9.99,10.0,8.3,7.38,7.46,8.72,1,0,2021
4916,2021,Bacau,Liceul Teoretic Dimitrie Cantemir,Urban,F,9.44,9.34,5.77,8.3,8.53,8.0,1,0,2021
4917,2021,Iasi,Liceul Pedagogic Alexandru Ioan Cuza,Rural,M,8.67,1.46,7.56,9.63,6.91,6.05,0,0,2021
4918,2021,Alba,Colegiul Tehnic Tudor Vladimirescu,Urban,F,8.93,9.3,6.67,8.58,7.02,8.02,0,1,2021
4919,2021,Olt,Colegiul Economic Ana Ipatescu,Urban,M,7.53,5.81,6.56,10.0,5.38,6.77,1,0,2021
4920,2021,Bacau,Colegiul Tehnic Bogdan Voda,Rural,M,8.09,7.04,8.84,9.66,4.55,7.7,0,0,2021
4921,2021,Satu Mare,Liceul Teoretic Ioan Slavici,Rural,M,6.78,6.13,5.08,8.14,7.09,6.33,1,0,2021
4922,2021,Satu Mare,Colegiul Tehnic Mihai Eminescu,Rural,M,10.0,8.36,9.79,9.6,7.35,8.99,1,0,2021
4923,2021,Ialomita,Liceul Teoretic Marin Preda,Urban,F,8.78,7.73,8.55,8.92,8.11,8.32,1,0,2021
4924,2021,Harghita,Colegiul National Unirea,Urban,M,9.31,8.29,6.08,10.0,8.87,8.07,1,0,2021
4925,2021,Alba,Scoala Nationala Stefan cel Mare,Rural,F,7.78,8.12,9.68,6.53,8.35,8.35,1,0,2021
4926,2021,Valcea,Liceul Pedagogic George Cosbuc,Urban,M,9.01,5.32,6.57,10.0,6.39,6.93,0,1,2021
4927,2021,Bucuresti,Scoala Nationala Lucian Blaga,Urban,M,9.1,6.75,9.98,7.0,7.12,8.05,1,0,2021
4928,2021,Teleorman,Liceul Sportiv Grigore Moisil,Urban,M,7.5,7.83,2.98,6.12,10.0,6.41,0,0,2021
4929,2021,Arad,Colegiul National Mihai Viteazul,Rural,M,7.63,10.0,10.0,7.0,8.5,9.09,1,0,2021
4930,2021,Maramures,Liceul Sportiv Nicolae Balcescu,Urban,F,8.89,8.9,4.86,10.0,6.88,7.55,0,0,2021
4931,2021,Vaslui,Liceul Pedagogic Ana Ipatescu,Urban,M,8.19,7.0,5.91,7.67,1.0,5.99,0,0,2021
4932,2021,Olt,Colegiul Economic Alexandru Ioan Cuza,Urban,M,9.58,7.19,7.35,7.94,8.97,7.86,1,0,2021
4933,2021,Prahova,Liceul Sportiv Elena Cuza,Urban,M,7.96,7.98,7.41,10.0,9.17,8.29,1,0,2021
4934,2021,Harghita,Liceul de Arte Ion Barbu,Rural,M,7.36,6.98,5.68,6.49,6.61,6.5,1,0,2021
4935,2021,Suceava,Liceul Pedagogic George Cosbuc,Urban,M,7.58,8.09,6.71,6.82,9.15,7.59,1,0,2021
4936,2021,Salaj,Liceul Pedagogic Vasile Alecsandri,Urban,M,7.04,7.33,7.42,7.41,8.17,7.47,1,0,2021
4937,2021,Sibiu,Liceul Tehnologic George Cosbuc,Urban,F,5.56,8.56,8.29,9.29,7.9,8.19,1,0,2021
4938,2021,Braila,Scoala Nationala Ana Ipatescu,Urban,F,7.85,8.25,7.75,7.9,6.23,7.7,1,0,2021
4939,2021,Brasov,Liceul Teoretic Stefan cel Mare,Urban,M,4.9,8.79,5.88,5.87,5.69,6.62,0,1,2021
4940,2021,Gorj,Liceul de Arte Dimitrie Cantemir,Rural,M,8.62,7.44,8.63,5.93,7.48,7.69,1,0,2021
4941,2021,Satu Mare,Liceul Teoretic Spiru Haret,Urban,M,9.0,7.4,5.1,7.22,8.72,7.04,1,0,2021
4942,2021,Maramures,Colegiul Tehnic Unirea,Urban,F,8.56,8.62,8.63,8.08,5.43,8.06,1,0,2021
4943,2021,Botosani,Liceul Sportiv Mircea cel Batran,Urban,M,8.02,8.82,10.0,8.14,7.08,8.73,1,0,2021
4944,2021,Olt,Liceul Sportiv Spiru Haret,Rural,F,7.55,7.14,5.0,10.0,8.12,7.12,1,0,2021
4945,2021,Mehedinti,Scoala Nationala Marin Preda,Rural,F,8.87,7.61,8.1,8.44,6.33,7.82,1,0,2021
4946,2021,Sibiu,Liceul Tehnologic Unirea,Rural,M,7.24,8.44,6.62,8.18,7.66,7.62,1,0,2021
4947,2021,Ialomita,Liceul de Arte Nicolae Balcescu,Rural,M,8.96,9.87,10.0,6.76,8.44,9.14,1,0,2021
4948,2021,Vrancea,Scoala Nationala Ion Luca Caragiale,Urban,F,8.81,8.47,6.72,9.35,8.18,8.07,1,0,2021
4949,2021,Buzau,Liceul Tehnologic Mihai Eminescu,Urban,F,10.0,8.07,7.33,7.27,7.17,7.79,1,0,2021
4950,2021,Timis,Liceul Tehnologic Decebal,Urban,F,8.11,7.36,8.38,8.19,8.38,8.02,1,0,2021
4951,2021,Prahova,Liceul Pedagogic Nicolae Balcescu,Rural,F,6.93,10.0,7.81,5.2,6.2,7.75,1,0,2021
4952,2021,Satu Mare,Colegiul Tehnic Unirea,Urban,F,5.84,7.49,7.43,8.81,8.18,7.61,1,0,2021
4953,2021,Calarasi,Colegiul Tehnic George Cosbuc,Rural,F,4.52,9.41,3.79,5.5,1.75,5.5,0,0,2021
4954,2021,Dolj,Liceul Teoretic Emil Racovita,Urban,F,2.34,8.61,3.22,6.35,4.97,5.48,0,0,2021
4955,2021,Mehedinti,Scoala Nationala Mihai Viteazul,Urban,F,9.26,9.53,6.74,8.1,7.91,8.21,1,0,2021
4956,2021,Braila,Liceul Teoretic Lucian Blaga,Rural,F,7.76,8.07,5.49,8.68,9.51,7.57,1,0,2021
4957,2021,Constanta,Liceul Sportiv Elena Cuza,Urban,F,4.02,7.25,5.99,6.72,5.97,6.28,0,0,2021
4958,2021,Olt,Scoala Nationala Constantin Brancusi,Rural,M,4.92,2.78,4.31,10.0,5.77,4.98,0,0,2021
4959,2021,Ialomita,Colegiul Economic Ana Ipatescu,Urban,F,8.36,7.25,7.48,9.19,8.78,7.95,1,0,2021
4960,2021,Covasna,Liceul de Arte Elena Cuza,Rural,M,7.55,7.25,3.06,10.0,7.46,6.47,0,0,2021
4961,2021,Galati,Liceul de Arte Bogdan Voda,Urban,M,8.48,6.95,5.89,8.56,9.11,7.35,1,0,2021
4962,2021,Arges,Liceul Teoretic Onisifor Ghibu,Rural,M,7.37,5.27,4.8,6.69,6.84,5.79,0,0,2021
4963,2021,Braila,Liceul Sportiv Dimitrie Cantemir,Urban,F,8.21,1.0,7.31,7.97,6.29,5.45,0,0,2021
4964,2021,Mehedinti,Liceul Tehnologic Dimitrie Cantemir,Rural,M,5.68,9.54,1.87,9.0,2.94,5.78,0,0,2021
4965,2021,Brasov,Liceul Sportiv Unirea,Urban,M,6.68,7.98,9.94,7.24,6.61,8.12,1,0,2021
4966,2021,Valcea,Colegiul National Ioan Slavici,Rural,F,8.25,7.92,3.64,5.31,4.95,5.83,0,0,2021
4967,2021,Salaj,Liceul de Arte Grigore Moisil,Rural,M,7.39,8.21,6.03,2.34,7.92,6.55,0,0,2021
4968,2021,Braila,Liceul Sportiv Avram Iancu,Rural,F,7.07,5.75,6.04,8.87,8.15,6.8,1,0,2021
4969,2021,Braila,Liceul Teoretic Unirea,Urban,M,8.74,9.39,8.6,8.54,6.83,8.58,1,0,2021
4970,2021,Giurgiu,Liceul Pedagogic Ion Barbu,Rural,M,6.1,3.06,5.22,6.92,7.51,5.26,0,0,2021
4971,2021,Buzau,Colegiul Tehnic Mircea cel Batran,Urban,F,6.57,3.39,7.82,7.33,6.68,6.12,0,0,2021
4972,2021,Iasi,Liceul Tehnologic Tudor Vladimirescu,Urban,F,9.24,8.41,7.87,6.02,8.18,7.94,1,0,2021
4973,2021,Dolj,Colegiul Tehnic Nicolae Balcescu,Rural,F,5.66,7.26,7.4,4.59,3.81,6.22,0,0,2021
4974,2021,Valcea,Liceul Pedagogic Ana Ipatescu,Rural,M,8.85,10.0,6.69,9.42,7.38,8.41,1,0,2021
4975,2021,Buzau,Liceul de Arte Nicolae Balcescu,Rural,F,8.0,7.47,5.84,8.82,9.62,7.56,1,0,2021
4976,2021,Ilfov,Colegiul Tehnic Avram Iancu,Urban,M,9.1,9.67,7.94,9.66,10.0,9.14,1,0,2021
4977,2021,Vaslui,Liceul Sportiv Mihai Eminescu,Rural,M,5.65,6.97,7.49,8.52,8.4,7.44,1,0,2021
4978,2021,Giurgiu,Colegiul National Regina Maria,Urban,M,7.95,6.32,7.25,6.69,8.62,7.16,1,0,2021
4979,2021,Botosani,Colegiul Tehnic Regina Maria,Rural,F,10.0,7.99,7.6,8.63,7.6,8.11,1,0,2021
4980,2021,Salaj,Liceul de Arte Lucian Blaga,Urban,M,7.16,8.62,7.73,10.0,10.0,8.62,1,0,2021
4981,2021,Mehedinti,Colegiul Tehnic Lucian Blaga,Urban,F,8.44,9.8,8.13,9.67,7.34,8.77,1,0,2021
4982,2021,Timis,Liceul Tehnologic Regina Maria,Rural,F,8.14,9.56,6.75,7.2,5.99,7.69,1,0,2021
4983,2021,Neamt,Colegiul Tehnic Emil Racovita,Urban,M,8.12,7.57,4.68,8.94,10.0,7.33,0,0,2021
4984,2021,Braila,Liceul Tehnologic George Cosbuc,Rural,F,7.41,7.0,9.83,7.97,7.33,8.09,1,0,2021
4985,2021,Botosani,Colegiul Tehnic Unirea,Urban,F,8.8,9.27,6.32,8.86,5.0,7.64,1,0,2021
4986,2021,Calarasi,Liceul de Arte Ion Luca Caragiale,Urban,M,8.29,8.86,9.23,8.33,7.54,8.64,1,0,2021
4987,2021,Gorj,Liceul Teoretic Ion Barbu,Rural,F,9.11,8.04,8.39,7.25,8.33,8.18,1,0,2021
4988,2021,Valcea,Liceul Teoretic Ioan Slavici,Rural,F,5.5,6.28,1.57,6.56,8.85,5.22,0,0,2021
4989,2021,Dolj,Liceul Teoretic Octavian Goga,Urban,M,4.9,8.3,6.77,6.23,6.66,6.94,0,0,2021
4990,2021,Mures,Colegiul Economic Grigore Moisil,Rural,F,8.25,5.16,2.55,6.89,5.24,4.96,0,0,2021
4991,2021,Valcea,Liceul Pedagogic Stefan cel Mare,Urban,F,7.35,6.78,8.39,7.04,7.1,7.41,1,0,2021
4992,2021,Covasna,Liceul Tehnologic Spiru Haret,Urban,F,9.54,3.85,6.59,5.86,9.41,6.38,0,0,2021
4993,2021,Mures,Colegiul National Mircea cel Batran,Urban,F,7.35,5.4,8.85,7.79,10.0,7.68,1,0,2021
4994,2021,Bucuresti,Colegiul Economic Elena Cuza,Urban,M,9.39,7.84,6.08,7.79,8.9,7.62,1,0,2021
4995,2021,Hunedoara,Scoala Nationala Ana Ipatescu,Urban,F,9.0,7.67,9.41,6.15,9.05,8.3,1,0,2021
4996,2021,Teleorman,Colegiul Tehnic Stefan cel Mare,Urban,F,8.59,5.9,6.69,7.71,6.74,6.8,1,0,2021
4997,2021,Ilfov,Colegiul National Bogdan Voda,Urban,F,9.05,8.91,5.98,10.0,9.17,8.25,1,0,2021
4998,2021,Bucuresti,Colegiul Economic Mircea cel Batran,Rural,F,6.96,7.29,6.17,6.31,6.31,6.63,1,0,2021
4999,2021,Ialomita,Liceul Sportiv Avram Iancu,Urban,F,8.67,7.49,7.57,8.5,7.33,7.76,1,0,2021
5000,2021,Harghita,Liceul Pedagogic Emil Racovita,Rural,M,8.0,7.34,7.1,10.0,6.71,7.64,1,0,2021
5001,2021,Covasna,Liceul de Arte Mircea cel Batran,Urban,M,6.9,10.0,4.47,9.39,6.59,7.43,0,0,2021
5002,2021,Mures,Liceul Teoretic Lucian Blaga,Rural,F,7.32,6.14,8.52,5.0,10.0,7.38,1,0,2021
5003,2021,Mures,Liceul Sportiv Stefan cel Mare,Rural,F,8.09,5.9,8.54,8.63,8.97,7.78,1,0,2021
5004,2021,Bihor,Liceul Sportiv Tudor Vladimirescu,Rural,F,5.66,6.94,7.81,8.67,10.0,7.79,1,0,2021
5005,2021,Maramures,Colegiul Economic Lucian Blaga,Urban,M,9.66,4.06,9.71,8.0,9.29,7.69,0,0,2021
5006,2021,Dambovita,Colegiul Economic Spiru Haret,Urban,F,8.52,8.28,8.6,9.88,8.1,8.61,1,0,2021
5007,2021,Galati,Liceul Tehnologic Ana Ipatescu,Rural,F,8.02,8.55,6.96,10.0,7.36,8.06,1,0,2021
5008,2021,Bistrita-Nasaud,Liceul de Arte Ion Barbu,Rural,F,10.0,8.21,4.48,7.44,2.75,6.34,0,0,2021
5009,2021,Braila,Liceul Teoretic Octavian Goga,Urban,F,7.8,7.16,4.31,6.86,5.75,6.11,0,1,2021
5010,2021,Covasna,Scoala Nationala George Cosbuc,Urban,M,7.0,8.21,8.37,8.07,8.79,8.2,1,0,2021
5011,2021,Salaj,Colegiul National Decebal,Urban,M,7.32,8.38,3.26,6.03,8.55,6.41,0,0,2021
5012,2021,Buzau,Liceul Tehnologic Avram Iancu,Urban,M,8.82,5.0,6.84,8.3,7.15,6.75,1,0,2021
5013,2021,Ilfov,Liceul Pedagogic Unirea,Urban,M,7.95,6.68,7.33,8.19,8.42,7.49,1,0,2021
5014,2021,Braila,Liceul de Arte Stefan cel Mare,Urban,F,7.55,9.88,5.0,8.96,6.52,7.54,1,0,2021
5015,2021,Teleorman,Liceul Pedagogic Onisifor Ghibu,Urban,M,7.4,8.41,9.43,7.06,6.27,8.09,1,0,2021
5016,2021,Prahova,Liceul Sportiv Ion Luca Caragiale,Rural,F,7.85,7.23,5.0,7.91,7.03,6.7,1,0,2021
5017,2021,Harghita,Liceul Pedagogic Elena Cuza,Urban,M,7.53,8.34,7.54,5.59,9.91,7.84,1,0,2021
5018,2021,Neamt,Liceul Pedagogic Stefan cel Mare,Rural,M,3.48,7.86,5.55,9.16,6.07,6.66,0,0,2021
5019,2021,Iasi,Liceul Tehnologic Lucian Blaga,Rural,F,7.49,5.86,3.68,5.73,3.99,5.07,0,0,2021
5020,2021,Tulcea,Liceul Tehnologic Stefan cel Mare,Urban,F,8.14,6.45,5.99,10.0,6.27,6.99,1,0,2021
5021,2021,Hunedoara,Liceul Pedagogic Elena Cuza,Urban,M,8.04,6.9,8.63,7.61,6.51,7.58,1,0,2021
5022,2021,Teleorman,Colegiul National Spiru Haret,Rural,M,10.0,4.68,5.17,8.24,4.76,5.9,0,0,2021
5023,2021,Constanta,Liceul Pedagogic Ana Ipatescu,Rural,M,8.32,5.44,7.81,8.36,6.22,6.99,1,0,2021
5024,2021,Mehedinti,Liceul Pedagogic Decebal,Urban,F,6.2,6.3,6.17,8.71,7.58,6.8,1,0,2021
5025,2021,Teleorman,Liceul Tehnologic Ion Luca Caragiale,Urban,F,8.35,7.63,7.98,6.86,7.3,7.64,1,0,2021
5026,2021,Suceava,Liceul Tehnologic Gheorghe Sincai,Rural,M,7.15,5.52,7.83,8.38,8.81,7.3,1,0,2021
5027,2021,Galati,Liceul de Arte George Cosbuc,Rural,M,5.88,7.1,8.0,9.36,3.38,7.03,0,0,2021
5028,2021,Hunedoara,Liceul Pedagogic Nicolae Balcescu,Urban,F,7.6,6.66,9.54,3.44,5.11,6.9,0,0,2021
5029,2021,Dambovita,Colegiul Tehnic Traian,Rural,F,9.39,5.46,5.0,9.37,5.74,6.34,1,0,2021
5030,2021,Mehedinti,Liceul Teoretic Emil Racovita,Urban,F,8.95,10.0,7.65,9.97,7.58,8.82,1,0,2021
5031,2021,Covasna,Colegiul Tehnic Mircea cel Batran,Urban,F,10.0,6.11,2.82,8.53,4.44,5.62,0,0,2021
5032,2021,Alba,Colegiul National George Cosbuc,Urban,M,9.32,9.41,7.9,10.0,7.97,8.82,1,0,2021
5033,2021,Botosani,Liceul Tehnologic Alexandru Ioan Cuza,Urban,F,7.27,6.71,5.19,6.09,7.21,6.29,0,1,2021
5034,2021,Covasna,Colegiul Economic Mircea cel Batran,Urban,F,3.59,9.9,2.09,3.05,9.93,5.9,0,0,2021
5035,2021,Gorj,Liceul Tehnologic Mihai Viteazul,Rural,M,7.28,7.4,6.24,10.0,9.8,7.79,1,0,2021
5036,2021,Dolj,Liceul Tehnologic Nicolae Balcescu,Urban,M,7.77,4.89,2.36,9.65,8.91,5.74,0,0,2021
5037,2021,Valcea,Liceul Sportiv Mihai Viteazul,Urban,M,9.38,9.57,5.07,8.33,8.37,7.84,1,0,2021
5038,2021,Mehedinti,Colegiul National Elena Cuza,Rural,M,9.28,7.35,6.37,8.49,3.66,6.87,0,1,2021
5039,2021,Bistrita-Nasaud,Colegiul Tehnic Ion Barbu,Rural,F,5.69,3.83,1.0,8.1,9.26,4.62,0,0,2021
5040,2021,Harghita,Scoala Nationala Regina Maria,Urban,F,4.9,7.68,6.38,7.29,10.0,7.3,0,0,2021
5041,2021,Hunedoara,Liceul Teoretic Vasile Alecsandri,Urban,F,8.22,9.0,8.78,8.57,7.7,8.6,1,0,2021
5042,2021,Bucuresti,Colegiul National Ioan Slavici,Urban,M,8.82,6.61,6.69,8.67,7.84,7.35,1,0,2021
5043,2021,Teleorman,Colegiul National Nicolae Balcescu,Rural,M,6.16,7.0,1.23,6.5,5.16,4.83,0,0,2021
5044,2021,Suceava,Colegiul Tehnic Octavian Goga,Urban,M,9.73,6.57,9.83,6.47,8.11,8.08,1,0,2021
5045,2021,Tulcea,Liceul Teoretic Tudor Vladimirescu,Rural,F,6.96,6.3,4.9,8.4,6.93,6.36,0,0,2021
5046,2021,Valcea,Liceul Teoretic Traian,Rural,F,7.17,8.13,7.11,8.69,6.73,7.6,1,0,2021
5047,2021,Iasi,Liceul Tehnologic Mircea cel Batran,Urban,F,7.35,7.01,7.56,6.51,8.26,7.32,1,0,2021
5048,2021,Bistrita-Nasaud,Liceul de Arte Spiru Haret,Urban,F,8.97,10.0,9.74,6.42,6.89,8.82,1,0,2021
5049,2021,Suceava,Colegiul Economic Mihai Viteazul,Rural,M,2.73,7.01,2.86,6.31,3.89,4.76,0,0,2021
5050,2021,Mehedinti,Liceul Sportiv Emil Racovita,Urban,F,7.46,7.91,7.44,8.49,4.33,7.27,0,0,2021
5051,2021,Braila,Liceul de Arte Stefan cel Mare,Rural,F,9.12,5.11,4.34,7.01,5.73,5.66,0,0,2021
5052,2021,Calarasi,Liceul Tehnologic Nicolae Balcescu,Urban,F,8.11,7.99,4.6,4.9,6.72,6.33,0,1,2021
5053,2021,Ialomita,Colegiul National Marin Preda,Urban,M,6.95,6.08,4.05,5.65,2.45,4.95,0,0,2021
5054,2021,Giurgiu,Liceul Sportiv Lucian Blaga,Rural,F,9.65,7.78,3.97,4.69,2.5,5.57,0,0,2021
5055,2021,Sibiu,Liceul Sportiv Constantin Brancusi,Urban,M,10.0,6.13,6.41,5.72,7.05,6.68,1,0,2021
5056,2021,Salaj,Colegiul National Spiru Haret,Urban,F,8.19,7.95,9.26,9.15,7.81,8.53,1,0,2021
5057,2021,Dambovita,Liceul Pedagogic Ion Barbu,Rural,M,6.36,9.84,5.0,10.0,9.52,8.02,1,0,2021
5058,2021,Sibiu,Liceul Teoretic Mihai Viteazul,Urban,F,5.48,4.98,3.91,8.09,10.0,5.93,0,0,2021
5059,2021,Prahova,Liceul Tehnologic Traian,Rural,M,8.95,7.48,5.62,5.6,7.18,6.74,1,0,2021
5060,2021,Arad,Liceul Tehnologic Mihai Eminescu,Urban,M,10.0,9.27,5.0,8.15,7.82,7.68,1,0,2021
5061,2021,Bistrita-Nasaud,Colegiul National Dimitrie Cantemir,Rural,F,4.16,10.0,8.86,5.3,8.89,8.2,0,0,2021
5062,2021,Teleorman,Liceul de Arte Mihai Eminescu,Urban,M,10.0,9.58,7.99,9.53,7.69,8.85,1,0,2021
5063,2021,Arges,Liceul Pedagogic Grigore Moisil,Urban,F,8.31,7.95,7.68,6.34,7.69,7.62,1,0,2021
5064,2021,Bistrita-Nasaud,Liceul de Arte Emil Racovita,Urban,M,8.8,2.82,5.54,5.66,8.19,5.47,0,0,2021
5065,2021,Sibiu,Liceul Teoretic Avram Iancu,Urban,M,9.53,5.9,3.91,7.4,4.92,5.74,0,0,2021
5066,2021,Galati,Colegiul National Octavian Goga,Rural,F,6.74,5.74,6.88,7.1,6.72,6.53,1,0,2021
5067,2021,Bistrita-Nasaud,Liceul Teoretic Unirea,Rural,M,9.72,6.94,8.54,6.32,7.61,7.71,1,0,2021
5068,2021,Brasov,Liceul de Arte Elena Cuza,Urban,M,7.18,8.49,8.62,8.78,6.72,8.18,1,0,2021
5069,2021,Mehedinti,Liceul de Arte Ioan Slavici,Urban,F,7.03,7.91,7.22,8.05,7.03,7.5,1,0,2021
5070,2021,Mehedinti,Liceul Tehnologic Emil Racovita,Rural,F,8.65,9.38,6.38,7.78,5.32,7.56,0,1,2021
5071,2021,Ialomita,Liceul Sportiv Onisifor Ghibu,Urban,M,6.58,4.48,4.36,8.39,10.0,6.07,0,0,2021
5072,2021,Covasna,Colegiul Tehnic Octavian Goga,Urban,F,9.03,7.75,7.02,8.92,6.68,7.67,1,0,2021
5073,2021,Calarasi,Colegiul Tehnic Spiru Haret,Urban,M,8.14,6.44,7.41,7.17,8.95,7.39,1,0,2021
5074,2021,Vrancea,Liceul Tehnologic Traian,Rural,M,6.81,5.64,7.81,6.79,8.35,6.99,1,0,2021
5075,2021,Tulcea,Scoala Nationala Mihai Viteazul,Urban,M,9.61,6.52,7.1,8.71,5.0,7.1,1,0,2021
5076,2021,Prahova,Colegiul Tehnic Stefan cel Mare,Rural,M,9.1,7.15,6.22,5.42,4.75,6.45,0,0,2021
5077,2021,Satu Mare,Liceul Pedagogic Mihai Eminescu,Rural,M,6.5,4.65,8.26,5.09,7.41,6.4,0,0,2021
5078,2021,Tulcea,Scoala Nationala Octavian Goga,Urban,M,9.01,5.41,2.81,5.68,6.69,5.22,0,0,2021
5079,2021,Giurgiu,Colegiul Tehnic Lucian Blaga,Urban,F,6.63,7.28,3.65,8.78,5.05,6.02,0,0,2021
5080,2021,Iasi,Scoala Nationala Dimitrie Cantemir,Urban,F,5.85,8.68,6.0,7.8,10.0,7.66,1,0,2021
5081,2021,Mehedinti,Liceul de Arte Grigore Moisil,Urban,M,9.4,7.38,5.0,8.07,9.09,7.23,1,0,2021
5082,2021,Dolj,Liceul Tehnologic Nicolae Balcescu,Rural,M,9.54,5.5,7.02,6.32,8.16,6.88,1,0,2021
5083,2021,Constanta,Liceul Tehnologic George Cosbuc,Urban,M,8.01,6.1,8.97,7.37,6.37,7.38,1,0,2021
5084,2021,Constanta,Colegiul Economic Stefan cel Mare,Urban,M,10.0,5.19,10.0,7.3,6.81,7.67,1,0,2021
5085,2021,Suceava,Liceul de Arte Constantin Brancusi,Urban,F,10.0,7.85,8.92,8.21,6.13,8.18,1,0,2021
5086,2021,Giurgiu,Liceul Pedagogic Stefan cel Mare,Urban,F,7.83,6.44,10.0,5.66,6.13,7.48,1,0,2021
5087,2021,Gorj,Liceul de Arte Gheorghe Sincai,Rural,F,5.28,3.12,8.39,7.49,4.75,5.82,0,0,2021
5088,2021,Ialomita,Liceul Teoretic Mircea cel Batran,Urban,F,10.0,6.95,8.33,9.99,7.37,8.19,1,0,2021
5089,2021,Harghita,Colegiul Tehnic Ion Luca Caragiale,Urban,M,10.0,8.82,7.07,8.96,9.12,8.48,1,0,2021
5090,2021,Ilfov,Colegiul Economic Gheorghe Sincai,Urban,M,8.38,7.93,5.04,8.11,8.89,7.28,1,0,2021
5091,2021,Vrancea,Liceul Tehnologic Unirea,Urban,F,7.33,6.8,8.09,8.48,5.18,7.25,1,0,2021
5092,2021,Sibiu,Colegiul Tehnic Lucian Blaga,Rural,F,8.06,6.3,5.87,6.88,8.33,6.74,1,0,2021
5093,2021,Vrancea,Liceul Teoretic Marin Preda,Rural,M,9.29,7.81,5.0,8.16,9.68,7.45,1,0,2021
5094,2021,Alba,Liceul de Arte Mircea cel Batran,Urban,F,8.0,5.58,8.48,7.43,7.94,7.32,1,0,2021
5095,2021,Suceava,Liceul Tehnologic Regina Maria,Urban,F,6.09,9.16,9.48,9.49,9.75,9.09,1,0,2021
5096,2021,Dolj,Scoala Nationala Avram Iancu,Urban,M,8.67,9.41,7.26,6.99,10.0,8.42,1,0,2021
5097,2021,Constanta,Liceul Tehnologic Gheorghe Sincai,Rural,F,9.01,6.08,5.0,9.16,6.87,6.63,1,0,2021
5098,2021,Harghita,Colegiul Economic Avram Iancu,Rural,F,7.19,8.83,6.47,7.7,8.56,7.75,1,0,2021
5099,2021,Bacau,Colegiul Economic Mihai Eminescu,Rural,M,9.07,8.4,7.81,9.45,7.15,8.26,1,0,2021
5100,2021,Vaslui,Colegiul Economic Alexandru Ioan Cuza,Urban,M,7.68,8.47,5.83,8.02,5.99,7.16,1,0,2021
5101,2022,Valcea,Liceul Teoretic Ion Luca Caragiale,Urban,M,4.41,8.08,2.95,6.01,8.48,5.92,0,0,2022
5102,2022,Bucuresti,Liceul Pedagogic Constantin Brancusi,Urban,F,8.99,9.41,5.0,7.7,8.43,7.64,1,0,2022
5103,2022,Vaslui,Colegiul National Ioan Slavici,Urban,F,7.13,10.0,5.36,3.73,5.07,6.64,0,0,2022
5104,2022,Arges,Liceul Sportiv Avram Iancu,Urban,F,9.14,9.08,8.86,10.0,7.79,8.96,1,0,2022
5105,2022,Vrancea,Scoala Nationala Alexandru Ioan Cuza,Urban,M,9.07,6.61,9.33,7.6,6.59,7.82,1,0,2022
5106,2022,Brasov,Liceul Teoretic Gheorghe Sincai,Rural,F,5.87,8.88,10.0,4.75,6.79,7.98,0,0,2022
5107,2022,Gorj,Colegiul Economic Onisifor Ghibu,Urban,F,7.96,10.0,9.23,8.78,9.13,9.25,1,0,2022
5108,2022,Valcea,Liceul Pedagogic Avram Iancu,Rural,M,6.95,7.41,8.15,9.3,10.0,8.26,1,0,2022
5109,2022,Bacau,Liceul Pedagogic Ioan Slavici,Rural,F,7.03,9.03,6.72,10.0,6.36,7.88,1,0,2022
5110,2022,Alba,Colegiul Tehnic Elena Cuza,Rural,F,6.83,7.38,4.28,5.58,6.54,6.0,0,0,2022
5111,2022,Bihor,Scoala Nationala Elena Cuza,Rural,F,6.4,2.83,4.17,7.67,7.69,5.04,0,0,2022
5112,2022,Valcea,Liceul de Arte Bogdan Voda,Rural,M,9.24,8.91,3.62,5.08,5.0,6.2,0,0,2022
5113,2022,Salaj,Colegiul Tehnic Mihai Eminescu,Rural,M,6.86,5.7,7.44,8.48,7.97,7.1,1,0,2022
5114,2022,Salaj,Scoala Nationala Grigore Moisil,Urban,F,8.82,8.43,10.0,8.45,10.0,9.18,1,0,2022
5115,2022,Neamt,Colegiul National Marin Preda,Urban,F,7.69,9.52,9.18,6.96,9.02,8.78,1,0,2022
5116,2022,Valcea,Colegiul National Onisifor Ghibu,Urban,M,8.53,5.0,5.0,10.0,10.0,6.85,1,0,2022
5117,2022,Dambovita,Colegiul Economic Spiru Haret,Urban,M,10.0,6.38,5.58,8.19,7.25,6.9,1,0,2022
5118,2022,Braila,Colegiul Economic Dimitrie Cantemir,Urban,M,7.08,7.92,9.65,10.0,7.82,8.65,1,0,2022
5119,2022,Mures,Colegiul Economic Mihai Eminescu,Urban,F,7.48,9.37,8.65,8.7,4.16,8.08,0,0,2022
5120,2022,Bistrita-Nasaud,Liceul Pedagogic Ioan Slavici,Rural,F,9.03,7.12,5.32,6.26,7.56,6.71,1,0,2022
5121,2022,Braila,Liceul Teoretic Ion Luca Caragiale,Urban,M,10.0,8.89,5.0,8.22,5.47,7.22,1,0,2022
5122,2022,Braila,Scoala Nationala Marin Preda,Rural,F,8.68,7.64,8.84,6.86,8.04,8.05,1,0,2022
5123,2022,Dambovita,Liceul Pedagogic Mircea cel Batran,Urban,F,7.66,8.46,8.44,6.79,7.17,7.93,1,0,2022
5124,2022,Prahova,Liceul Sportiv Spiru Haret,Rural,M,9.48,5.33,4.72,3.94,4.43,5.22,0,0,2022
5125,2022,Ilfov,Liceul Sportiv Ana Ipatescu,Rural,F,7.76,6.46,5.71,9.81,3.06,6.36,0,0,2022
5126,2022,Iasi,Liceul Tehnologic Avram Iancu,Rural,M,10.0,8.76,4.88,7.24,5.03,6.93,0,0,2022
5127,2022,Timis,Colegiul National George Cosbuc,Rural,F,7.61,10.0,4.18,6.06,4.89,6.66,0,0,2022
5128,2022,Calarasi,Liceul Tehnologic Decebal,Rural,M,7.32,5.59,6.22,7.33,10.0,6.87,1,0,2022
5129,2022,Neamt,Colegiul Economic Mihai Viteazul,Urban,F,8.41,8.68,7.75,10.0,6.17,8.2,1,0,2022
5130,2022,Vaslui,Colegiul National Ion Barbu,Rural,M,9.36,8.71,5.71,9.99,8.07,7.97,1,0,2022
5131,2022,Suceava,Scoala Nationala Gheorghe Sincai,Urban,F,7.45,10.0,5.28,4.26,10.0,7.47,0,1,2022
5132,2022,Bistrita-Nasaud,Liceul de Arte Mihai Viteazul,Rural,F,8.72,7.65,4.85,7.15,3.16,6.17,0,0,2022
5133,2022,Ialomita,Liceul Sportiv Tudor Vladimirescu,Urban,M,6.33,7.47,8.14,5.42,8.3,7.37,1,0,2022
5134,2022,Vrancea,Colegiul Economic Spiru Haret,Urban,F,7.88,8.23,5.69,8.4,9.58,7.66,1,0,2022
5135,2022,Giurgiu,Colegiul Tehnic Stefan cel Mare,Urban,F,7.48,8.65,7.85,7.21,10.0,8.28,0,1,2022
5136,2022,Bihor,Liceul Sportiv Ioan Slavici,Urban,F,10.0,9.51,5.93,9.64,7.72,8.24,1,0,2022
5137,2022,Maramures,Colegiul Tehnic Bogdan Voda,Rural,M,8.83,8.92,6.45,9.68,6.85,7.97,1,0,2022
5138,2022,Sibiu,Liceul Teoretic Mihai Viteazul,Urban,F,9.92,9.44,8.97,7.02,9.21,8.95,1,0,2022
5139,2022,Maramures,Colegiul Tehnic Nicolae Balcescu,Urban,F,10.0,7.13,10.0,6.62,6.49,8.11,1,0,2022
5140,2022,Ilfov,Colegiul Tehnic Dimitrie Cantemir,Urban,F,8.02,6.95,7.08,7.76,7.32,7.27,1,0,2022
5141,2022,Neamt,Colegiul Tehnic George Cosbuc,Urban,F,8.97,4.67,6.44,5.04,6.57,5.97,0,1,2022
5142,2022,Teleorman,Colegiul National Unirea,Urban,F,9.21,8.41,7.91,7.6,9.64,8.4,1,0,2022
5143,2022,Mures,Liceul Sportiv Constantin Brancusi,Urban,M,7.19,10.0,4.22,5.28,4.49,6.45,0,0,2022
5144,2022,Mures,Liceul de Arte Marin Preda,Urban,M,6.14,6.5,8.01,8.65,7.06,7.32,1,0,2022
5145,2022,Vrancea,Scoala Nationala Vasile Alecsandri,Rural,F,4.68,5.55,4.05,6.34,7.35,5.4,0,0,2022
5146,2022,Galati,Liceul Teoretic Ana Ipatescu,Urban,M,7.2,7.97,7.19,7.57,10.0,7.9,1,0,2022
5147,2022,Maramures,Colegiul Tehnic Ion Barbu,Rural,M,9.75,7.92,8.46,7.31,10.0,8.49,1,0,2022
5148,2022,Vrancea,Colegiul Tehnic Mircea cel Batran,Rural,F,9.41,7.88,3.61,7.54,10.0,7.02,0,0,2022
5149,2022,Bihor,Colegiul National Constantin Brancusi,Urban,M,8.95,8.44,8.45,8.74,9.07,8.63,1,0,2022
5150,2022,Maramures,Colegiul Economic Mihai Eminescu,Urban,F,8.09,7.02,6.7,9.19,5.26,7.09,1,0,2022
5151,2022,Gorj,Liceul Pedagogic Octavian Goga,Rural,F,9.12,7.26,3.71,5.85,9.39,6.49,0,0,2022
5152,2022,Calarasi,Liceul Pedagogic Traian,Urban,M,8.18,5.26,4.55,8.26,8.34,6.25,0,0,2022
5153,2022,Galati,Liceul Sportiv Alexandru Ioan Cuza,Rural,F,9.7,7.93,7.38,7.6,7.14,7.77,1,0,2022
5154,2022,Vaslui,Liceul Sportiv Regina Maria,Urban,F,7.11,7.42,5.39,8.69,6.99,6.91,1,0,2022
5155,2022,Calarasi,Liceul de Arte Ion Luca Caragiale,Rural,F,8.76,6.18,7.16,6.52,5.49,6.68,1,0,2022
5156,2022,Brasov,Scoala Nationala Onisifor Ghibu,Urban,M,6.58,7.91,8.14,8.44,6.5,7.71,1,0,2022
5157,2022,Bistrita-Nasaud,Liceul Pedagogic Ion Barbu,Urban,M,7.73,8.0,6.41,9.95,6.41,7.55,1,0,2022
5158,2022,Bistrita-Nasaud,Liceul Teoretic Spiru Haret,Urban,M,7.4,3.56,5.7,9.66,4.29,5.61,0,0,2022
5159,2022,Hunedoara,Liceul Pedagogic Dimitrie Cantemir,Rural,F,7.08,5.0,5.62,9.28,8.51,6.56,1,0,2022
5160,2022,Hunedoara,Liceul Pedagogic George Cosbuc,Urban,M,7.47,4.16,4.04,9.39,5.71,5.47,0,1,2022
5161,2022,Suceava,Liceul Sportiv Ana Ipatescu,Urban,M,6.5,6.68,8.82,8.86,8.35,7.88,1,0,2022
5162,2022,Bihor,Liceul de Arte Onisifor Ghibu,Urban,F,9.33,9.06,8.33,7.01,9.91,8.69,1,0,2022
5163,2022,Harghita,Colegiul Tehnic Dimitrie Cantemir,Urban,M,10.0,8.86,5.2,5.17,8.59,7.28,1,0,2022
5164,2022,Ialomita,Colegiul National Nicolae Balcescu,Rural,M,10.0,5.06,7.42,10.0,6.02,7.15,1,0,2022
5165,2022,Bihor,Liceul Sportiv Alexandru Ioan Cuza,Urban,M,7.36,8.01,5.6,9.48,6.27,7.18,0,1,2022
5166,2022,Arges,Liceul Pedagogic Mihai Eminescu,Rural,F,7.05,3.52,5.08,4.59,7.09,5.04,0,0,2022
5167,2022,Braila,Liceul Pedagogic Marin Preda,Rural,M,4.44,8.36,3.68,9.89,9.14,6.91,0,0,2022
5168,2022,Salaj,Colegiul Tehnic Grigore Moisil,Urban,M,9.69,6.97,5.32,6.28,6.25,6.54,1,0,2022
5169,2022,Timis,Liceul de Arte Regina Maria,Rural,F,7.95,7.13,9.09,9.2,6.13,7.96,1,0,2022
5170,2022,Iasi,Scoala Nationala Regina Maria,Rural,F,9.35,6.6,5.0,7.93,8.59,6.89,1,0,2022
5171,2022,Iasi,Liceul de Arte Ion Barbu,Urban,F,8.99,7.22,7.47,9.32,7.42,7.82,1,0,2022
5172,2022,Mures,Liceul Pedagogic Nicolae Balcescu,Urban,F,8.83,6.49,8.98,8.51,7.99,8.0,1,0,2022
5173,2022,Mures,Colegiul National Lucian Blaga,Rural,F,9.89,8.36,9.33,6.5,6.91,8.31,1,0,2022
5174,2022,Ilfov,Liceul Teoretic Alexandru Ioan Cuza,Urban,M,9.8,8.2,7.81,9.98,10.0,8.78,1,0,2022
5175,2022,Ialomita,Liceul de Arte Regina Maria,Urban,F,7.83,7.08,5.23,8.68,6.56,6.76,1,0,2022
5176,2022,Buzau,Liceul Tehnologic George Cosbuc,Urban,M,6.63,5.1,5.99,8.25,9.02,6.58,1,0,2022
5177,2022,Neamt,Liceul Pedagogic Traian,Rural,F,4.87,9.61,6.24,4.36,5.59,6.73,0,0,2022
5178,2022,Maramures,Scoala Nationala Mircea cel Batran,Urban,M,7.67,7.23,9.81,6.01,9.21,8.16,1,0,2022
5179,2022,Mures,Colegiul Tehnic Nicolae Balcescu,Rural,F,7.6,8.27,6.63,5.85,7.68,7.26,1,0,2022
5180,2022,Salaj,Liceul Tehnologic Avram Iancu,Rural,F,6.67,2.76,6.03,5.48,7.09,5.19,0,0,2022
5181,2022,Bistrita-Nasaud,Liceul Teoretic Ioan Slavici,Urban,F,6.4,4.83,8.68,8.63,6.99,7.04,0,1,2022
5182,2022,Alba,Liceul Teoretic Unirea,Urban,F,8.21,8.46,6.18,5.15,7.54,7.12,1,0,2022
5183,2022,Dolj,Scoala Nationala Marin Preda,Urban,M,9.0,8.07,6.32,4.9,6.6,6.94,0,1,2022
5184,2022,Alba,Colegiul Economic Stefan cel Mare,Urban,F,9.49,6.23,8.54,10.0,7.95,8.07,1,0,2022
5185,2022,Satu Mare,Liceul de Arte Tudor Vladimirescu,Urban,M,7.98,6.75,7.96,8.0,7.32,7.51,1,0,2022
5186,2022,Gorj,Liceul Teoretic Mihai Eminescu,Urban,M,9.09,8.01,9.5,7.09,6.42,8.19,1,0,2022
5187,2022,Arges,Colegiul National Stefan cel Mare,Urban,M,7.31,9.12,5.89,7.05,10.0,7.79,1,0,2022
5188,2022,Suceava,Colegiul Economic Stefan cel Mare,Urban,F,7.0,7.64,7.39,8.68,5.28,7.3,1,0,2022
5189,2022,Hunedoara,Colegiul Economic George Cosbuc,Urban,M,7.78,8.32,7.53,5.31,8.57,7.61,1,0,2022
5190,2022,Sibiu,Scoala Nationala Mihai Eminescu,Rural,F,6.68,5.76,4.74,9.72,3.0,5.73,0,0,2022
5191,2022,Vaslui,Liceul Tehnologic Bogdan Voda,Urban,M,9.09,7.92,6.25,8.41,8.94,7.76,1,0,2022
5192,2022,Ialomita,Liceul Teoretic Elena Cuza,Urban,M,9.12,8.14,10.0,6.66,9.17,8.73,1,0,2022
5193,2022,Calarasi,Colegiul National Emil Racovita,Urban,F,6.36,4.23,8.27,6.83,9.29,6.8,0,0,2022
5194,2022,Neamt,Liceul Pedagogic Mihai Viteazul,Urban,F,9.66,6.5,9.02,9.27,9.21,8.39,1,0,2022
5195,2022,Bihor,Liceul de Arte Unirea,Rural,F,8.25,8.42,9.85,5.23,7.19,8.17,1,0,2022
5196,2022,Ialomita,Colegiul National Elena Cuza,Urban,F,8.19,5.02,8.98,9.74,7.18,7.56,1,0,2022
5197,2022,Valcea,Liceul Sportiv Marin Preda,Urban,M,7.76,6.46,6.9,8.16,7.74,7.17,1,0,2022
5198,2022,Bucuresti,Colegiul Tehnic Ioan Slavici,Rural,M,9.35,10.0,3.11,5.77,7.89,6.92,0,0,2022
5199,2022,Braila,Colegiul Economic Constantin Brancusi,Rural,F,6.9,1.0,5.18,8.84,3.61,4.41,0,0,2022
5200,2022,Ialomita,Colegiul Tehnic Nicolae Balcescu,Urban,M,7.91,5.0,8.31,7.61,7.9,7.11,1,0,2022
5201,2022,Sibiu,Liceul Tehnologic Elena Cuza,Urban,F,7.04,10.0,10.0,10.0,10.0,9.7,1,0,2022
5202,2022,Mehedinti,Liceul Pedagogic Emil Racovita,Urban,F,8.43,6.4,7.94,7.67,8.41,7.56,1,0,2022
5203,2022,Bihor,Scoala Nationala Alexandru Ioan Cuza,Urban,F,10.0,5.53,10.0,7.54,6.76,7.8,1,0,2022
5204,2022,Calarasi,Liceul Teoretic Gheorghe Sincai,Rural,M,5.31,3.86,4.85,7.03,7.64,5.34,0,0,2022
5205,2022,Mures,Liceul Teoretic Dimitrie Cantemir,Urban,F,7.97,6.08,9.01,10.0,9.69,8.28,1,0,2022
5206,2022,Iasi,Liceul Tehnologic Elena Cuza,Urban,M,7.1,7.9,7.39,9.93,6.39,7.74,1,0,2022
5207,2022,Botosani,Colegiul National Ana Ipatescu,Rural,M,5.56,8.67,4.9,4.39,7.81,6.46,0,0,2022
5208,2022,Timis,Liceul Pedagogic Spiru Haret,Rural,M,5.99,4.62,5.67,7.79,6.25,5.79,0,0,2022
5209,2022,Mures,Scoala Nationala Traian,Rural,F,8.92,6.92,7.83,5.13,3.94,6.68,0,0,2022
5210,2022,Ialomita,Colegiul National Elena Cuza,Urban,M,7.12,4.58,7.06,3.77,6.19,5.7,0,0,2022
5211,2022,Ilfov,Scoala Nationala Stefan cel Mare,Urban,M,7.2,7.74,7.5,7.37,9.28,7.79,1,0,2022
5212,2022,Covasna,Liceul de Arte Regina Maria,Urban,M,6.01,10.0,6.35,6.66,10.0,8.0,1,0,2022
5213,2022,Maramures,Liceul Pedagogic George Cosbuc,Rural,M,7.65,10.0,5.68,7.48,6.45,7.56,1,0,2022
5214,2022,Prahova,Liceul de Arte Bogdan Voda,Urban,F,7.45,5.95,9.23,7.2,7.38,7.49,1,0,2022
5215,2022,Arges,Liceul Sportiv Ioan Slavici,Rural,F,5.33,1.41,3.42,4.53,8.67,3.96,0,1,2022
5216,2022,Bucuresti,Liceul Teoretic Avram Iancu,Rural,M,8.68,9.8,9.06,7.31,8.7,8.93,1,0,2022
5217,2022,Tulcea,Colegiul Tehnic Constantin Brancusi,Rural,F,8.72,10.0,5.24,5.0,7.89,7.38,1,0,2022
5218,2022,Arad,Liceul Pedagogic Ion Luca Caragiale,Urban,F,8.25,6.55,6.71,6.72,10.0,7.31,1,0,2022
5219,2022,Maramures,Liceul Teoretic Unirea,Urban,F,8.91,6.83,5.0,8.21,8.06,6.88,1,0,2022
5220,2022,Alba,Liceul Pedagogic Ion Barbu,Urban,M,7.34,7.35,7.87,1.75,8.41,6.82,0,0,2022
5221,2022,Salaj,Liceul Sportiv Stefan cel Mare,Urban,F,8.13,9.44,8.72,8.17,7.07,8.55,1,0,2022
5222,2022,Bihor,Liceul de Arte Gheorghe Sincai,Urban,M,7.34,6.41,6.08,8.01,5.57,6.52,0,1,2022
5223,2022,Teleorman,Colegiul National Onisifor Ghibu,Urban,M,7.79,7.63,5.04,8.06,7.65,6.94,1,0,2022
5224,2022,Sibiu,Liceul de Arte Stefan cel Mare,Urban,F,9.55,6.34,4.33,8.32,2.31,5.75,0,0,2022
5225,2022,Cluj,Liceul Pedagogic Mihai Viteazul,Urban,M,10.0,9.46,7.39,9.06,8.65,8.71,1,0,2022
5226,2022,Bacau,Liceul Pedagogic Mihai Eminescu,Rural,M,6.42,4.89,5.01,7.13,9.56,6.12,0,0,2022
5227,2022,Maramures,Colegiul National Nicolae Balcescu,Urban,F,9.27,6.8,7.35,8.68,8.62,7.77,1,0,2022
5228,2022,Vaslui,Liceul Sportiv Stefan cel Mare,Rural,M,7.54,8.21,6.72,6.35,10.0,7.69,1,0,2022
5229,2022,Galati,Liceul Pedagogic Spiru Haret,Urban,M,10.0,7.02,6.07,8.43,8.71,7.5,1,0,2022
5230,2022,Dolj,Colegiul National Traian,Rural,M,4.31,4.49,1.91,4.84,3.85,3.65,0,0,2022
5231,2022,Tulcea,Liceul Teoretic Ion Luca Caragiale,Urban,M,7.92,8.27,6.25,9.23,7.99,7.73,1,0,2022
5232,2022,Botosani,Scoala Nationala Mircea cel Batran,Urban,F,7.11,6.01,9.71,8.34,10.0,8.18,1,0,2022
5233,2022,Cluj,Colegiul National Stefan cel Mare,Urban,F,7.83,9.81,9.23,7.24,8.55,8.86,1,0,2022
5234,2022,Valcea,Liceul Tehnologic Bogdan Voda,Urban,M,8.1,8.15,7.36,9.32,7.8,8.03,1,0,2022
5235,2022,Bihor,Colegiul National Spiru Haret,Rural,F,7.19,5.2,4.97,6.94,7.87,5.99,0,0,2022
5236,2022,Braila,Colegiul Economic Constantin Brancusi,Urban,M,8.86,8.0,5.0,7.83,9.0,7.31,1,0,2022
5237,2022,Neamt,Scoala Nationala Unirea,Urban,M,7.42,7.75,4.38,9.35,7.63,6.93,0,0,2022
5238,2022,Bihor,Colegiul National Mircea cel Batran,Rural,M,8.18,7.48,5.93,9.02,9.37,7.6,1,0,2022
5239,2022,Vrancea,Liceul Sportiv Octavian Goga,Rural,F,9.17,8.05,8.66,7.26,5.41,7.83,1,0,2022
5240,2022,Constanta,Colegiul Tehnic Avram Iancu,Urban,F,10.0,9.06,6.46,9.74,9.53,8.55,1,0,2022
5241,2022,Tulcea,Liceul Sportiv Elena Cuza,Rural,M,9.12,8.06,6.3,8.69,8.59,7.81,1,0,2022
5242,2022,Maramures,Colegiul National Mihai Viteazul,Rural,F,10.0,7.69,6.84,7.63,6.81,7.52,1,0,2022
5243,2022,Harghita,Colegiul Tehnic Ion Barbu,Urban,M,8.71,9.64,5.68,3.68,10.0,7.52,0,0,2022
5244,2022,Sibiu,Colegiul Economic Ion Barbu,Urban,F,10.0,10.0,8.56,9.92,9.58,9.49,1,0,2022
5245,2022,Bihor,Scoala Nationala Traian,Urban,M,9.17,6.34,7.96,5.71,6.47,7.03,1,0,2022
5246,2022,Arges,Liceul Sportiv Lucian Blaga,Rural,F,6.89,5.18,2.02,4.6,4.98,4.29,0,0,2022
5247,2022,Sibiu,Colegiul National Stefan cel Mare,Rural,M,7.72,9.49,6.18,7.18,10.0,8.05,1,0,2022
5248,2022,Maramures,Liceul Tehnologic Gheorghe Sincai,Urban,F,8.5,4.76,5.4,7.72,3.52,5.58,0,0,2022
5249,2022,Cluj,Liceul Teoretic Stefan cel Mare,Urban,F,9.42,8.91,1.79,4.76,7.19,5.94,0,0,2022
5250,2022,Satu Mare,Liceul Pedagogic Lucian Blaga,Rural,M,9.54,7.67,10.0,10.0,7.5,8.88,1,0,2022
5251,2022,Iasi,Liceul Pedagogic Bogdan Voda,Rural,F,5.53,4.72,8.84,7.8,3.29,6.28,0,0,2022
5252,2022,Teleorman,Colegiul Economic Mircea cel Batran,Urban,M,5.35,7.05,7.49,6.05,3.98,6.4,0,0,2022
5253,2022,Bacau,Liceul Teoretic Onisifor Ghibu,Rural,M,5.3,9.69,6.69,8.4,8.73,8.01,1,0,2022
5254,2022,Hunedoara,Colegiul Tehnic Traian,Rural,F,6.1,5.65,5.23,4.9,8.58,5.9,0,0,2022
5255,2022,Neamt,Liceul de Arte Nicolae Balcescu,Urban,F,8.74,8.48,10.0,6.85,9.14,8.82,1,0,2022
5256,2022,Teleorman,Colegiul Tehnic George Cosbuc,Urban,M,8.09,5.96,6.0,2.78,5.43,5.63,0,0,2022
5257,2022,Hunedoara,Scoala Nationala Dimitrie Cantemir,Rural,F,7.32,9.0,7.17,9.27,10.0,8.47,1,0,2022
5258,2022,Bucuresti,Colegiul Tehnic Elena Cuza,Urban,M,9.24,6.1,5.44,7.87,7.47,6.69,1,0,2022
5259,2022,Covasna,Liceul de Arte Ioan Slavici,Rural,M,7.43,9.77,5.0,6.17,5.67,6.95,1,0,2022
5260,2022,Hunedoara,Liceul de Arte Spiru Haret,Urban,F,7.76,7.03,6.99,7.1,6.41,7.01,1,0,2022
5261,2022,Suceava,Scoala Nationala Traian,Rural,M,8.35,7.61,6.8,8.77,6.57,7.46,1,0,2022
5262,2022,Bucuresti,Liceul Tehnologic Constantin Brancusi,Urban,F,7.99,9.76,7.14,9.02,7.5,8.35,1,0,2022
5263,2022,Brasov,Liceul Tehnologic Elena Cuza,Rural,M,9.01,3.51,8.5,5.57,7.82,6.51,0,0,2022
5264,2022,Bucuresti,Liceul Pedagogic Mihai Viteazul,Urban,M,9.36,10.0,6.67,8.62,7.85,8.41,1,0,2022
5265,2022,Cluj,Colegiul National Stefan cel Mare,Rural,M,8.05,7.13,1.0,4.6,6.82,4.96,0,0,2022
5266,2022,Giurgiu,Liceul Tehnologic Dimitrie Cantemir,Urban,M,7.83,10.0,6.39,9.25,7.64,8.23,1,0,2022
5267,2022,Tulcea,Liceul Tehnologic Avram Iancu,Rural,F,9.38,5.84,6.45,2.73,7.86,6.21,0,0,2022
5268,2022,Bistrita-Nasaud,Colegiul Tehnic Ioan Slavici,Rural,M,7.77,7.63,7.69,6.84,5.98,7.3,1,0,2022
5269,2022,Mehedinti,Liceul Teoretic Regina Maria,Urban,F,6.61,8.11,8.73,8.31,5.0,7.71,1,0,2022
5270,2022,Giurgiu,Liceul Tehnologic Lucian Blaga,Urban,F,9.23,7.48,8.31,7.69,7.95,8.01,1,0,2022
5271,2022,Suceava,Colegiul National Nicolae Balcescu,Rural,M,8.41,10.0,4.37,6.33,4.42,6.76,0,0,2022
5272,2022,Dambovita,Liceul Tehnologic Dimitrie Cantemir,Urban,M,9.06,6.72,8.63,9.61,8.42,8.22,1,0,2022
5273,2022,Hunedoara,Liceul Sportiv Unirea,Rural,M,10.0,2.56,6.96,7.65,4.88,5.74,0,1,2022
5274,2022,Maramures,Scoala Nationala Unirea,Urban,F,7.39,6.39,5.0,9.68,10.0,7.11,1,0,2022
5275,2022,Braila,Liceul de Arte Nicolae Balcescu,Urban,F,9.29,10.0,6.68,6.73,9.27,8.33,1,0,2022
5276,2022,Cluj,Colegiul Economic Octavian Goga,Rural,F,8.32,7.84,6.41,4.28,4.97,6.49,0,0,2022
5277,2022,Maramures,Scoala Nationala Avram Iancu,Urban,M,8.19,8.29,6.82,10.0,7.88,8.03,1,0,2022
5278,2022,Tulcea,Scoala Nationala Decebal,Urban,F,7.18,6.81,3.74,9.29,7.57,6.41,0,0,2022
5279,2022,Mehedinti,Colegiul Tehnic George Cosbuc,Urban,M,8.06,6.33,7.84,7.32,8.72,7.46,1,0,2022
5280,2022,Dolj,Liceul Teoretic Mihai Viteazul,Urban,M,8.85,8.27,8.01,7.26,9.02,8.21,1,0,2022
5281,2022,Mehedinti,Colegiul Tehnic Stefan cel Mare,Rural,F,7.04,4.88,6.73,8.3,7.29,6.53,0,0,2022
5282,2022,Valcea,Liceul Sportiv Octavian Goga,Urban,M,8.14,8.59,8.04,7.5,8.91,8.26,1,0,2022
5283,2022,Bucuresti,Colegiul Tehnic Grigore Moisil,Urban,M,2.98,9.74,9.0,6.89,6.34,7.9,0,0,2022
5284,2022,Bacau,Colegiul Tehnic Onisifor Ghibu,Rural,M,10.0,5.0,6.17,7.08,6.86,6.44,1,0,2022
5285,2022,Cluj,Liceul de Arte Ion Barbu,Rural,M,9.11,7.57,5.0,7.28,6.52,6.75,1,0,2022
5286,2022,Bihor,Liceul Sportiv Decebal,Urban,F,6.1,8.6,5.61,7.29,8.06,7.18,1,0,2022
5287,2022,Maramures,Liceul Teoretic Mircea cel Batran,Urban,M,8.0,8.39,6.27,8.37,7.28,7.55,1,0,2022
5288,2022,Harghita,Colegiul Economic Spiru Haret,Urban,F,7.46,10.0,5.89,10.0,7.42,8.13,1,0,2022
5289,2022,Bacau,Colegiul Economic Unirea,Urban,F,6.45,7.63,3.87,5.8,5.77,5.83,0,1,2022
5290,2022,Vrancea,Liceul Teoretic Regina Maria,Rural,F,7.84,6.0,6.49,8.12,6.75,6.76,1,0,2022
5291,2022,Braila,Colegiul Economic Tudor Vladimirescu,Rural,F,5.99,6.36,9.46,7.13,8.88,7.75,1,0,2022
5292,2022,Gorj,Liceul Tehnologic Regina Maria,Urban,F,6.88,8.93,9.53,9.75,9.21,9.07,1,0,2022
5293,2022,Iasi,Liceul Tehnologic Ana Ipatescu,Urban,F,7.57,7.32,6.7,5.19,9.65,7.19,1,0,2022
5294,2022,Suceava,Colegiul National Constantin Brancusi,Urban,F,8.76,8.49,6.8,8.41,10.0,8.22,1,0,2022
5295,2022,Bihor,Liceul Tehnologic Decebal,Rural,F,8.51,6.99,7.5,6.81,8.49,7.49,1,0,2022
5296,2022,Arad,Liceul de Arte Mircea cel Batran,Urban,M,6.99,3.18,5.25,4.16,7.99,5.05,0,1,2022
5297,2022,Neamt,Colegiul Tehnic Bogdan Voda,Urban,F,7.74,10.0,9.84,6.59,7.21,8.8,1,0,2022
5298,2022,Brasov,Liceul de Arte Marin Preda,Urban,F,9.19,7.26,8.12,6.98,5.72,7.44,1,0,2022
5299,2022,Bihor,Liceul Tehnologic Octavian Goga,Urban,M,8.64,5.78,2.26,5.97,5.51,5.0,0,0,2022
5300,2022,Calarasi,Scoala Nationala George Cosbuc,Urban,M,7.39,7.99,5.2,6.2,7.24,6.71,1,0,2022
5301,2022,Cluj,Liceul de Arte Ioan Slavici,Urban,M,8.52,7.87,8.39,9.1,8.08,8.31,1,0,2022
5302,2022,Olt,Liceul Tehnologic Dimitrie Cantemir,Rural,M,1.59,6.78,6.9,5.51,2.33,5.44,0,0,2022
5303,2022,Hunedoara,Liceul Tehnologic Gheorghe Sincai,Rural,F,7.68,10.0,5.55,8.99,4.29,7.42,0,0,2022
5304,2022,Dambovita,Liceul Tehnologic Marin Preda,Rural,F,7.2,10.0,9.73,5.0,8.05,8.6,1,0,2022
5305,2022,Calarasi,Colegiul Tehnic Traian,Urban,M,6.56,8.16,6.79,9.65,8.86,7.92,1,0,2022
5306,2022,Gorj,Colegiul Tehnic Mihai Viteazul,Urban,M,8.7,6.87,7.48,4.87,6.95,6.95,0,0,2022
5307,2022,Covasna,Scoala Nationala Onisifor Ghibu,Urban,M,9.21,9.54,6.56,7.46,9.46,8.29,1,0,2022
5308,2022,Suceava,Colegiul Economic Mircea cel Batran,Urban,F,5.85,8.76,9.82,7.38,4.9,8.0,0,1,2022
5309,2022,Mures,Colegiul National Ion Luca Caragiale,Rural,M,7.64,6.24,7.79,8.74,7.15,7.36,1,0,2022
5310,2022,Arad,Scoala Nationala Grigore Moisil,Urban,F,9.57,9.76,9.4,7.11,7.59,8.91,1,0,2022
5311,2022,Botosani,Scoala Nationala Ioan Slavici,Urban,F,4.28,6.97,5.09,5.78,8.53,6.19,0,0,2022
5312,2022,Calarasi,Liceul Pedagogic Gheorghe Sincai,Urban,M,6.75,8.16,6.6,7.47,8.73,7.53,1,0,2022
5313,2022,Dambovita,Liceul Sportiv Gheorghe Sincai,Urban,M,8.68,4.31,5.92,7.54,8.34,6.32,0,0,2022
5314,2022,Galati,Liceul Pedagogic Regina Maria,Urban,F,7.17,9.1,8.01,10.0,4.17,7.98,0,0,2022
5315,2022,Salaj,Colegiul Economic Tudor Vladimirescu,Rural,F,9.65,8.7,7.81,10.0,5.06,8.18,1,0,2022
5316,2022,Alba,Colegiul National Onisifor Ghibu,Urban,F,8.94,8.82,5.23,7.49,8.22,7.47,1,0,2022
5317,2022,Satu Mare,Scoala Nationala Mihai Eminescu,Urban,F,8.83,6.63,7.82,5.16,7.51,7.12,1,0,2022
5318,2022,Suceava,Liceul Tehnologic Emil Racovita,Urban,F,7.97,7.84,9.01,7.65,8.31,8.25,1,0,2022
5319,2022,Vaslui,Colegiul Tehnic Onisifor Ghibu,Rural,F,8.1,7.7,7.29,6.6,10.0,7.8,1,0,2022
5320,2022,Mehedinti,Liceul de Arte Mihai Viteazul,Urban,F,9.68,5.67,7.07,8.72,6.61,7.09,1,0,2022
5321,2022,Neamt,Colegiul National Stefan cel Mare,Urban,F,7.47,8.72,5.91,6.63,9.71,7.59,1,0,2022
5322,2022,Botosani,Liceul Sportiv Lucian Blaga,Urban,F,7.84,8.7,10.0,7.24,8.59,8.77,1,0,2022
5323,2022,Timis,Liceul Pedagogic Avram Iancu,Urban,F,10.0,7.93,7.43,8.56,8.0,8.09,1,0,2022
5324,2022,Sibiu,Liceul de Arte Alexandru Ioan Cuza,Urban,M,9.22,8.08,4.3,4.9,7.18,6.45,0,1,2022
5325,2022,Arges,Liceul Tehnologic Decebal,Urban,M,9.77,6.78,8.04,8.96,7.29,7.86,1,0,2022
5326,2022,Dolj,Liceul Pedagogic Decebal,Urban,M,10.0,8.88,4.97,7.64,8.55,7.58,0,0,2022
5327,2022,Harghita,Colegiul Tehnic Bogdan Voda,Urban,F,10.0,8.12,6.81,9.35,6.6,7.87,1,0,2022
5328,2022,Prahova,Colegiul National Unirea,Urban,M,6.21,8.27,5.41,10.0,7.46,7.34,1,0,2022
5329,2022,Bihor,Liceul de Arte Unirea,Rural,F,8.24,5.26,8.38,8.22,6.15,7.07,1,0,2022
5330,2022,Olt,Colegiul National Bogdan Voda,Urban,F,9.03,6.67,6.71,6.08,7.4,6.94,1,0,2022
5331,2022,Galati,Colegiul Economic Traian,Urban,F,7.22,8.59,2.28,7.11,6.82,6.07,0,0,2022
5332,2022,Botosani,Liceul Pedagogic Emil Racovita,Rural,F,6.69,5.69,8.02,10.0,7.94,7.47,1,0,2022
5333,2022,Salaj,Liceul Pedagogic Ana Ipatescu,Rural,F,8.51,6.43,6.52,7.9,8.69,7.22,1,0,2022
5334,2022,Satu Mare,Scoala Nationala Bogdan Voda,Rural,M,7.48,7.51,4.51,8.28,8.87,6.93,0,0,2022
5335,2022,Prahova,Liceul Teoretic Tudor Vladimirescu,Rural,M,8.09,8.24,7.28,7.91,8.46,7.92,1,0,2022
5336,2022,Prahova,Liceul Teoretic Vasile Alecsandri,Urban,F,6.64,8.8,5.0,7.55,8.03,7.14,1,0,2022
5337,2022,Teleorman,Colegiul Economic Constantin Brancusi,Rural,F,5.32,1.0,7.02,5.02,8.36,4.94,0,0,2022
5338,2022,Maramures,Liceul Teoretic Traian,Urban,F,8.26,4.76,5.1,6.42,9.31,6.14,0,0,2022
5339,2022,Vaslui,Scoala Nationala Decebal,Rural,F,6.3,6.24,4.64,4.63,4.34,5.24,0,0,2022
5340,2022,Ilfov,Liceul Teoretic Decebal,Rural,F,7.59,6.35,7.28,6.04,4.65,6.45,0,0,2022
5341,2022,Gorj,Scoala Nationala Onisifor Ghibu,Urban,M,7.08,5.74,7.98,7.91,7.12,7.08,1,0,2022
5342,2022,Ilfov,Liceul Pedagogic Stefan cel Mare,Urban,M,9.42,8.86,6.75,9.9,10.0,8.61,1,0,2022
5343,2022,Mures,Colegiul Economic Mihai Viteazul,Urban,F,8.08,8.65,7.91,7.31,9.51,8.3,1,0,2022
5344,2022,Brasov,Scoala Nationala Elena Cuza,Urban,M,6.5,10.0,1.49,8.44,10.0,6.86,0,0,2022
5345,2022,Alba,Liceul Sportiv Marin Preda,Urban,M,8.46,7.04,9.97,10.0,7.3,8.54,1,0,2022
5346,2022,Buzau,Colegiul Economic Octavian Goga,Urban,M,6.5,6.3,7.05,7.77,1.06,5.98,0,0,2022
5347,2022,Salaj,Liceul Tehnologic Spiru Haret,Urban,F,7.96,6.86,9.62,9.38,8.03,8.35,1,0,2022
5348,2022,Ialomita,Colegiul Tehnic Spiru Haret,Rural,F,8.34,7.0,7.05,7.66,5.53,7.03,1,0,2022
5349,2022,Vaslui,Liceul Tehnologic Ana Ipatescu,Rural,M,7.54,7.63,5.68,9.21,3.44,6.64,0,0,2022
5350,2022,Satu Mare,Liceul de Arte Gheorghe Sincai,Rural,M,8.28,10.0,6.94,6.92,7.4,8.06,1,0,2022
5351,2022,Ilfov,Colegiul Tehnic Bogdan Voda,Urban,M,9.02,6.66,9.94,8.33,9.22,8.51,1,0,2022
5352,2022,Bihor,Liceul Tehnologic Marin Preda,Rural,M,3.8,2.97,7.66,5.19,8.89,5.68,0,0,2022
5353,2022,Neamt,Liceul de Arte Stefan cel Mare,Rural,F,4.9,6.22,2.92,5.88,9.5,5.54,0,0,2022
5354,2022,Satu Mare,Colegiul National Regina Maria,Urban,F,8.32,4.13,3.67,7.47,5.55,5.12,0,1,2022
5355,2022,Bacau,Colegiul Economic Bogdan Voda,Urban,F,8.52,10.0,6.54,8.75,7.73,8.29,1,0,2022
5356,2022,Salaj,Colegiul National Constantin Brancusi,Urban,F,7.52,7.41,6.38,8.19,7.22,7.2,1,0,2022
5357,2022,Buzau,Liceul Sportiv Vasile Alecsandri,Rural,M,9.54,8.37,5.56,9.86,6.14,7.53,1,0,2022
5358,2022,Covasna,Liceul Pedagogic Avram Iancu,Rural,F,6.84,6.79,8.78,6.64,7.04,7.41,1,0,2022
5359,2022,Tulcea,Colegiul Tehnic Ion Luca Caragiale,Rural,M,7.66,5.74,5.18,2.13,7.65,5.51,0,0,2022
5360,2022,Prahova,Liceul Sportiv Nicolae Balcescu,Urban,M,8.41,9.26,5.52,8.54,7.42,7.67,1,0,2022
5361,2022,Iasi,Colegiul Tehnic Unirea,Urban,M,7.66,7.01,8.93,6.91,9.36,7.99,1,0,2022
5362,2022,Sibiu,Liceul Tehnologic Lucian Blaga,Urban,F,7.32,10.0,9.58,7.94,9.18,9.17,1,0,2022
5363,2022,Gorj,Liceul Tehnologic Mircea cel Batran,Urban,F,8.47,8.69,5.0,8.15,9.45,7.59,1,0,2022
5364,2022,Covasna,Liceul Teoretic Lucian Blaga,Urban,F,8.57,9.41,9.11,7.5,8.62,8.83,1,0,2022
5365,2022,Iasi,Liceul Teoretic Alexandru Ioan Cuza,Urban,M,7.66,9.18,7.9,7.57,6.78,8.04,1,0,2022
5366,2022,Vrancea,Liceul Tehnologic Ioan Slavici,Rural,F,6.24,4.56,7.4,3.58,3.28,5.24,0,0,2022
5367,2022,Neamt,Liceul Pedagogic Mircea cel Batran,Urban,F,8.87,7.64,10.0,7.55,10.0,8.81,1,0,2022
5368,2022,Dambovita,Liceul Teoretic Elena Cuza,Rural,F,3.73,4.08,4.13,7.61,9.95,5.47,0,0,2022
5369,2022,Giurgiu,Scoala Nationala Spiru Haret,Urban,F,8.84,8.76,10.0,9.86,6.34,8.94,1,0,2022
5370,2022,Bihor,Liceul Teoretic Alexandru Ioan Cuza,Urban,M,7.77,4.52,2.5,6.71,7.57,5.03,0,0,2022
5371,2022,Ialomita,Liceul Sportiv Grigore Moisil,Urban,F,9.41,8.1,6.29,8.31,10.0,8.0,1,0,2022
5372,2022,Timis,Liceul Tehnologic Dimitrie Cantemir,Urban,F,9.85,7.92,5.88,7.21,9.13,7.58,1,0,2022
5373,2022,Brasov,Liceul de Arte Mihai Viteazul,Urban,F,7.08,7.89,6.95,8.32,6.91,7.44,1,0,2022
5374,2022,Calarasi,Scoala Nationala Mihai Viteazul,Rural,F,4.9,5.54,6.84,8.72,5.39,6.32,0,0,2022
5375,2022,Braila,Scoala Nationala Unirea,Rural,F,9.37,6.94,5.2,7.57,9.72,7.17,1,0,2022
5376,2022,Cluj,Liceul Tehnologic Grigore Moisil,Rural,F,8.63,7.0,8.42,8.31,7.92,7.92,1,0,2022
5377,2022,Hunedoara,Liceul de Arte Bogdan Voda,Urban,F,8.97,7.91,5.07,10.0,10.0,7.79,1,0,2022
5378,2022,Ilfov,Liceul Sportiv Elena Cuza,Urban,M,7.84,5.97,6.64,6.22,2.01,5.8,0,0,2022
5379,2022,Constanta,Colegiul Tehnic George Cosbuc,Urban,F,6.87,1.97,5.58,6.9,9.15,5.36,0,0,2022
5380,2022,Giurgiu,Scoala Nationala Mircea cel Batran,Rural,F,9.82,8.02,6.76,5.12,5.0,6.93,1,0,2022
5381,2022,Bihor,Liceul Teoretic Stefan cel Mare,Rural,F,8.26,7.96,3.97,6.55,6.31,6.33,0,0,2022
5382,2022,Bistrita-Nasaud,Liceul Tehnologic Elena Cuza,Urban,M,7.84,6.33,7.91,9.08,5.27,7.21,1,0,2022
5383,2022,Ialomita,Liceul Pedagogic Ana Ipatescu,Urban,M,5.93,5.57,6.3,7.8,8.42,6.59,1,0,2022
5384,2022,Sibiu,Scoala Nationala Elena Cuza,Urban,M,8.96,7.68,6.68,10.0,9.22,8.09,1,0,2022
5385,2022,Vaslui,Liceul Pedagogic Nicolae Balcescu,Rural,F,6.96,5.69,3.98,7.3,5.38,5.5,0,0,2022
5386,2022,Galati,Scoala Nationala Bogdan Voda,Urban,M,8.06,7.32,5.3,4.83,5.15,6.09,0,0,2022
5387,2022,Brasov,Liceul Sportiv Onisifor Ghibu,Rural,M,2.92,4.39,6.6,10.0,5.38,5.9,0,0,2022
5388,2022,Suceava,Colegiul National Lucian Blaga,Rural,F,6.16,8.12,6.54,6.47,3.97,6.58,0,0,2022
5389,2022,Sibiu,Colegiul Tehnic Octavian Goga,Urban,F,1.67,7.32,6.67,7.17,8.2,6.67,0,1,2022
5390,2022,Timis,Colegiul National Lucian Blaga,Rural,F,7.59,10.0,7.5,7.31,7.79,8.27,1,0,2022
5391,2022,Dambovita,Colegiul Economic Emil Racovita,Urban,M,8.7,6.26,5.42,9.67,6.15,6.75,1,0,2022
5392,2022,Bucuresti,Liceul Teoretic Vasile Alecsandri,Urban,F,7.79,5.63,6.74,8.19,10.0,7.22,1,0,2022
5393,2022,Mures,Liceul Teoretic Avram Iancu,Urban,F,8.33,10.0,5.25,3.44,6.57,6.91,0,0,2022
5394,2022,Neamt,Liceul Tehnologic Ion Luca Caragiale,Rural,M,8.75,7.08,7.49,6.76,6.92,7.3,1,0,2022
5395,2022,Iasi,Liceul Tehnologic Nicolae Balcescu,Urban,M,8.86,7.33,6.21,6.62,8.31,7.19,1,0,2022
5396,2022,Giurgiu,Liceul Pedagogic Unirea,Rural,M,7.42,8.79,7.46,5.76,9.27,7.87,1,0,2022
5397,2022,Valcea,Liceul Tehnologic Mihai Eminescu,Urban,F,9.72,3.79,2.28,6.27,6.53,4.71,0,1,2022
5398,2022,Neamt,Liceul Teoretic Onisifor Ghibu,Urban,M,9.32,8.62,7.84,7.69,6.69,8.03,1,0,2022
5399,2022,Iasi,Liceul Teoretic Stefan cel Mare,Urban,M,7.7,9.71,6.18,8.64,7.15,7.91,1,0,2022
5400,2022,Tulcea,Scoala Nationala Unirea,Rural,M,7.11,6.73,8.86,6.85,8.62,7.71,1,0,2022
5401,2022,Botosani,Liceul Tehnologic Ana Ipatescu,Urban,F,9.06,6.71,6.04,6.56,9.31,7.11,1,0,2022
5402,2022,Hunedoara,Colegiul Tehnic Mihai Eminescu,Urban,M,9.16,8.18,5.74,8.6,10.0,7.88,1,0,2022
5403,2022,Buzau,Scoala Nationala Regina Maria,Rural,M,7.6,4.29,7.47,5.94,6.79,6.2,0,0,2022
5404,2022,Mures,Liceul de Arte Ion Barbu,Urban,F,6.56,2.3,4.45,3.53,5.65,4.06,0,0,2022
5405,2022,Salaj,Colegiul National Elena Cuza,Urban,M,8.64,8.58,8.52,8.12,8.39,8.47,1,0,2022
5406,2022,Sibiu,Colegiul National Ion Luca Caragiale,Urban,F,10.0,8.43,6.52,8.31,5.0,7.48,1,0,2022
5407,2022,Giurgiu,Liceul Sportiv Ion Luca Caragiale,Rural,M,6.38,5.95,4.66,9.26,7.25,6.3,0,0,2022
5408,2022,Sibiu,Colegiul Economic Marin Preda,Urban,F,8.15,8.87,8.73,8.24,10.0,8.83,1,0,2022
5409,2022,Constanta,Liceul Tehnologic Constantin Brancusi,Urban,M,7.16,7.81,5.44,7.76,5.83,6.73,1,0,2022
5410,2022,Calarasi,Liceul Tehnologic Mihai Viteazul,Urban,F,8.3,5.0,5.75,8.82,7.84,6.55,1,0,2022
5411,2022,Galati,Liceul de Arte Lucian Blaga,Urban,F,9.16,8.72,6.13,9.42,9.54,8.22,1,0,2022
5412,2022,Satu Mare,Colegiul National Avram Iancu,Rural,M,6.41,4.67,7.7,7.05,8.25,6.65,0,0,2022
5413,2022,Braila,Liceul Sportiv George Cosbuc,Rural,F,9.6,4.26,3.93,5.68,6.54,5.25,0,0,2022
5414,2022,Tulcea,Colegiul Economic Bogdan Voda,Urban,M,6.91,5.75,8.21,1.0,7.57,6.16,0,1,2022
5415,2022,Dambovita,Liceul Pedagogic Elena Cuza,Rural,M,9.03,6.77,5.24,5.0,7.0,6.31,1,0,2022
5416,2022,Bihor,Liceul Teoretic Ion Barbu,Urban,F,6.52,8.31,5.0,9.23,9.98,7.53,1,0,2022
5417,2022,Neamt,Colegiul Economic Dimitrie Cantemir,Rural,M,8.99,5.02,5.85,9.39,7.45,6.69,1,0,2022
5418,2022,Galati,Colegiul National Elena Cuza,Urban,M,2.35,8.17,6.36,7.08,4.82,6.38,0,0,2022
5419,2022,Gorj,Liceul Sportiv Grigore Moisil,Urban,F,8.6,6.58,7.83,9.11,7.76,7.71,1,0,2022
5420,2022,Mehedinti,Liceul Sportiv Elena Cuza,Urban,F,8.65,9.56,7.21,8.25,9.76,8.6,1,0,2022
5421,2022,Vrancea,Liceul Pedagogic Ioan Slavici,Rural,M,8.59,10.0,8.46,7.83,8.8,8.89,1,0,2022
5422,2022,Covasna,Liceul Pedagogic Ioan Slavici,Urban,M,9.43,7.54,5.83,8.79,8.34,7.52,1,0,2022
5423,2022,Salaj,Liceul Pedagogic Marin Preda,Urban,M,8.25,7.01,8.56,6.25,8.51,7.71,1,0,2022
5424,2022,Ialomita,Scoala Nationala Ion Luca Caragiale,Urban,M,3.28,8.2,7.74,6.61,4.71,6.81,0,0,2022
5425,2022,Gorj,Colegiul Economic Stefan cel Mare,Urban,F,9.25,4.72,8.42,4.32,4.95,6.26,0,1,2022
5426,2022,Mehedinti,Scoala Nationala Grigore Moisil,Rural,M,8.02,8.3,8.84,9.45,9.5,8.79,1,0,2022
5427,2022,Arad,Liceul de Arte Ana Ipatescu,Rural,M,8.08,9.18,6.35,6.46,7.85,7.61,1,0,2022
5428,2022,Vaslui,Liceul Pedagogic Constantin Brancusi,Rural,F,7.86,8.17,5.31,3.82,8.12,6.62,0,0,2022
5429,2022,Tulcea,Liceul Tehnologic Ion Luca Caragiale,Rural,M,5.9,9.51,6.53,9.71,9.99,8.36,1,0,2022
5430,2022,Braila,Liceul de Arte Octavian Goga,Rural,F,8.64,9.1,6.21,8.22,8.61,7.98,1,0,2022
5431,2022,Mures,Liceul Pedagogic Dimitrie Cantemir,Rural,M,7.4,10.0,5.3,9.65,8.69,8.08,1,0,2022
5432,2022,Olt,Scoala Nationala Emil Racovita,Urban,M,8.39,9.69,8.46,9.78,7.66,8.9,1,0,2022
5433,2022,Mures,Liceul de Arte Decebal,Rural,F,4.28,7.59,8.37,6.16,1.87,6.42,0,0,2022
5434,2022,Hunedoara,Liceul Teoretic Vasile Alecsandri,Rural,M,4.71,7.27,5.58,8.94,6.55,6.65,0,0,2022
5435,2022,Olt,Colegiul National George Cosbuc,Urban,M,6.56,7.56,8.33,9.5,6.8,7.87,1,0,2022
5436,2022,Salaj,Colegiul Tehnic Ion Luca Caragiale,Urban,F,7.69,8.4,4.63,8.45,6.58,6.93,0,0,2022
5437,2022,Iasi,Liceul Sportiv Bogdan Voda,Urban,M,7.49,9.37,7.3,10.0,6.16,8.17,1,0,2022
5438,2022,Bistrita-Nasaud,Liceul Tehnologic Mihai Eminescu,Rural,M,7.49,8.72,8.55,7.69,7.82,8.26,1,0,2022
5439,2022,Brasov,Liceul Tehnologic Ion Luca Caragiale,Urban,F,9.45,6.29,7.27,6.54,5.17,6.77,1,0,2022
5440,2022,Mures,Liceul de Arte Mihai Viteazul,Urban,F,8.64,8.22,8.36,8.4,6.15,8.02,1,0,2022
5441,2022,Ialomita,Colegiul National Unirea,Urban,M,8.98,8.1,6.51,9.21,10.0,8.16,1,0,2022
5442,2022,Bucuresti,Scoala Nationala Mihai Eminescu,Rural,M,7.69,6.91,6.69,7.67,8.88,7.33,1,0,2022
5443,2022,Galati,Liceul Tehnologic Gheorghe Sincai,Rural,F,8.29,9.29,6.33,9.86,6.91,8.03,1,0,2022
5444,2022,Cluj,Colegiul Economic Dimitrie Cantemir,Urban,M,8.01,6.69,6.19,7.31,8.22,6.99,1,0,2022
5445,2022,Braila,Colegiul National Marin Preda,Rural,M,8.47,7.75,7.82,7.58,7.86,7.83,1,0,2022
5446,2022,Brasov,Liceul Tehnologic Mircea cel Batran,Urban,F,6.96,9.72,9.81,8.0,8.71,9.06,1,0,2022
5447,2022,Galati,Colegiul Economic Constantin Brancusi,Urban,M,7.32,7.34,6.79,8.28,9.09,7.58,1,0,2022
5448,2022,Olt,Liceul Tehnologic Tudor Vladimirescu,Rural,F,7.95,8.09,3.47,7.18,5.07,6.1,0,0,2022
5449,2022,Teleorman,Liceul Teoretic Mihai Eminescu,Rural,F,7.34,9.82,6.79,7.41,8.18,8.06,1,0,2022
5450,2022,Vaslui,Liceul Sportiv George Cosbuc,Urban,F,5.78,5.59,7.32,7.47,5.7,6.43,0,1,2022
5451,2022,Cluj,Liceul Teoretic Bogdan Voda,Rural,F,8.14,7.01,6.71,7.24,5.04,6.77,1,0,2022
5452,2022,Satu Mare,Colegiul Economic Decebal,Rural,M,6.98,2.69,4.48,6.03,7.65,4.9,0,0,2022
5453,2022,Giurgiu,Liceul Teoretic Constantin Brancusi,Urban,M,8.32,8.38,6.36,9.42,6.6,7.66,1,0,2022
5454,2022,Calarasi,Scoala Nationala Bogdan Voda,Urban,F,6.89,7.26,2.37,6.59,7.97,5.76,0,0,2022
5455,2022,Bacau,Liceul de Arte Elena Cuza,Urban,F,8.19,9.54,7.96,7.89,7.05,8.31,1,0,2022
5456,2022,Ilfov,Colegiul Economic Mihai Viteazul,Urban,F,8.38,9.08,6.43,7.25,8.71,7.88,1,0,2022
5457,2022,Alba,Colegiul National Bogdan Voda,Urban,M,7.02,9.83,6.71,8.02,8.37,8.12,1,0,2022
5458,2022,Suceava,Liceul Sportiv Ion Barbu,Rural,M,7.66,7.3,7.4,8.25,8.14,7.63,1,0,2022
5459,2022,Mures,Colegiul Economic George Cosbuc,Rural,M,8.21,6.95,5.72,8.27,7.79,7.03,1,0,2022
5460,2022,Bucuresti,Colegiul Tehnic Vasile Alecsandri,Rural,F,6.9,5.55,1.69,7.97,4.99,4.81,0,0,2022
5461,2022,Olt,Colegiul National Unirea,Urban,M,8.29,7.62,5.15,8.12,6.37,6.83,1,0,2022
5462,2022,Bucuresti,Colegiul Economic Stefan cel Mare,Rural,F,5.32,4.95,7.39,4.01,7.7,5.99,0,0,2022
5463,2022,Constanta,Colegiul National Marin Preda,Urban,M,7.7,7.44,7.94,8.36,10.0,8.14,1,0,2022
5464,2022,Maramures,Colegiul National Grigore Moisil,Urban,F,7.25,6.71,5.71,7.44,8.11,6.78,1,0,2022
5465,2022,Sibiu,Colegiul Tehnic Grigore Moisil,Urban,F,6.79,5.98,8.36,4.94,6.71,6.73,0,0,2022
5466,2022,Bucuresti,Liceul de Arte Regina Maria,Rural,M,8.8,7.07,7.65,9.74,8.0,7.96,1,0,2022
5467,2022,Bucuresti,Scoala Nationala Tudor Vladimirescu,Rural,M,8.62,7.78,7.04,7.11,5.77,7.24,1,0,2022
5468,2022,Satu Mare,Colegiul National Mihai Viteazul,Rural,F,8.85,7.66,6.68,6.72,9.32,7.59,1,0,2022
5469,2022,Cluj,Liceul Teoretic Lucian Blaga,Rural,M,7.56,7.25,6.18,8.53,8.51,7.34,1,0,2022
5470,2022,Timis,Colegiul National Bogdan Voda,Urban,M,7.93,10.0,8.87,8.57,7.32,8.84,1,0,2022
5471,2022,Dolj,Liceul Tehnologic Tudor Vladimirescu,Urban,M,9.39,8.81,9.78,8.2,6.94,8.79,1,0,2022
5472,2022,Constanta,Liceul Teoretic Alexandru Ioan Cuza,Urban,F,7.32,10.0,6.22,9.35,8.86,8.33,0,1,2022
5473,2022,Teleorman,Liceul Tehnologic Spiru Haret,Urban,F,7.48,8.6,7.3,9.34,8.8,8.24,1,0,2022
5474,2022,Bihor,Liceul de Arte George Cosbuc,Urban,F,8.2,8.91,7.94,9.22,10.0,8.76,1,0,2022
5475,2022,Iasi,Liceul de Arte Lucian Blaga,Rural,M,6.24,1.35,9.97,8.19,6.92,6.29,0,0,2022
5476,2022,Ilfov,Scoala Nationala Mihai Viteazul,Urban,F,10.0,8.56,6.81,9.83,7.11,8.15,1,0,2022
5477,2022,Neamt,Liceul Tehnologic Traian,Urban,M,7.78,10.0,7.2,8.84,5.28,8.06,1,0,2022
5478,2022,Valcea,Liceul Tehnologic Traian,Rural,M,4.93,9.33,8.19,9.76,6.24,8.15,0,0,2022
5479,2022,Salaj,Colegiul Economic Octavian Goga,Urban,M,9.36,6.93,7.34,8.96,9.63,8.01,1,0,2022
5480,2022,Calarasi,Liceul Sportiv Gheorghe Sincai,Urban,M,8.57,6.07,7.17,8.32,7.35,7.18,1,0,2022
5481,2022,Ilfov,Scoala Nationala Alexandru Ioan Cuza,Urban,F,7.84,10.0,6.58,9.41,9.36,8.57,1,0,2022
5482,2022,Alba,Liceul de Arte Spiru Haret,Rural,F,4.99,5.82,8.72,6.84,6.17,6.81,0,0,2022
5483,2022,Bacau,Liceul Pedagogic Ion Barbu,Rural,F,8.3,8.54,5.54,5.97,1.67,6.2,0,0,2022
5484,2022,Arad,Colegiul National Lucian Blaga,Rural,F,8.0,6.78,7.3,7.66,9.14,7.54,1,0,2022
5485,2022,Botosani,Colegiul Economic Mihai Viteazul,Urban,M,7.46,10.0,9.65,9.73,7.45,9.22,1,0,2022
5486,2022,Galati,Liceul Sportiv Traian,Urban,F,8.97,5.51,6.88,8.6,9.62,7.35,1,0,2022
5487,2022,Neamt,Liceul Pedagogic Tudor Vladimirescu,Urban,M,7.93,3.48,6.29,9.01,8.42,6.34,0,0,2022
5488,2022,Dambovita,Colegiul Economic Alexandru Ioan Cuza,Urban,F,7.53,10.0,6.72,8.48,7.91,8.23,1,0,2022
5489,2022,Satu Mare,Colegiul Economic Regina Maria,Urban,M,4.21,6.28,3.64,10.0,3.73,5.46,0,0,2022
5490,2022,Vrancea,Liceul Sportiv Octavian Goga,Rural,F,8.0,7.95,6.93,7.97,8.88,7.79,1,0,2022
5491,2022,Bucuresti,Liceul de Arte Avram Iancu,Urban,F,8.29,8.26,5.0,9.85,7.22,7.37,1,0,2022
5492,2022,Gorj,Liceul Sportiv Ioan Slavici,Urban,M,6.59,4.71,3.32,4.41,7.57,4.86,0,1,2022
5493,2022,Tulcea,Liceul Sportiv Constantin Brancusi,Urban,M,6.64,6.95,9.32,7.37,7.47,7.77,1,0,2022
5494,2022,Mures,Liceul de Arte Unirea,Urban,M,8.3,5.26,7.74,6.06,8.14,6.86,1,0,2022
5495,2022,Timis,Colegiul Tehnic Tudor Vladimirescu,Urban,M,9.5,5.26,5.24,9.11,8.07,6.68,1,0,2022
5496,2022,Covasna,Scoala Nationala Constantin Brancusi,Rural,M,7.58,6.49,4.64,9.47,7.95,6.71,0,0,2022
5497,2022,Valcea,Liceul de Arte Constantin Brancusi,Rural,F,8.98,6.35,5.87,8.44,7.17,6.91,1,0,2022
5498,2022,Brasov,Liceul Pedagogic Gheorghe Sincai,Rural,M,5.28,7.93,10.0,5.36,3.21,7.19,0,0,2022
5499,2022,Maramures,Liceul de Arte Avram Iancu,Urban,F,7.46,7.57,7.23,9.92,9.52,8.1,1,0,2022
5500,2022,Galati,Liceul Tehnologic George Cosbuc,Urban,F,8.47,8.81,6.96,10.0,5.95,7.97,1,0,2022
5501,2022,Sibiu,Liceul Teoretic Emil Racovita,Urban,F,8.92,8.91,5.0,7.83,8.2,7.47,1,0,2022
5502,2022,Vrancea,Scoala Nationala Mihai Viteazul,Urban,M,8.34,7.98,8.6,8.1,7.07,8.08,1,0,2022
5503,2022,Salaj,Colegiul Tehnic Ioan Slavici,Urban,M,7.29,5.57,7.5,9.8,8.01,7.32,1,0,2022
5504,2022,Arges,Colegiul National Lucian Blaga,Rural,F,8.36,9.31,9.77,5.61,6.91,8.44,1,0,2022
5505,2022,Brasov,Liceul Pedagogic Nicolae Balcescu,Urban,F,9.43,7.4,6.41,7.06,10.0,7.64,1,0,2022
5506,2022,Tulcea,Liceul Tehnologic Octavian Goga,Urban,F,8.87,7.72,5.85,9.94,9.25,7.84,1,0,2022
5507,2022,Satu Mare,Colegiul Tehnic Ana Ipatescu,Urban,F,5.26,5.38,8.02,6.35,7.75,6.66,1,0,2022
5508,2022,Mures,Colegiul Tehnic Ana Ipatescu,Urban,F,8.18,8.6,6.42,6.96,8.2,7.6,1,0,2022
5509,2022,Vrancea,Scoala Nationala Mihai Eminescu,Rural,F,4.31,6.0,6.59,6.98,5.42,6.07,0,0,2022
5510,2022,Calarasi,Colegiul Economic Regina Maria,Urban,M,8.71,9.78,8.12,6.07,9.51,8.58,1,0,2022
5511,2022,Salaj,Liceul Sportiv Ion Luca Caragiale,Urban,M,8.93,7.44,6.71,7.04,5.98,7.09,1,0,2022
5512,2022,Satu Mare,Colegiul Tehnic Nicolae Balcescu,Rural,F,7.96,4.81,5.93,6.68,7.17,6.1,0,0,2022
5513,2022,Dambovita,Colegiul Economic Grigore Moisil,Urban,M,8.92,7.76,7.66,9.13,7.83,8.06,1,0,2022
5514,2022,Arad,Scoala Nationala Emil Racovita,Urban,M,7.56,8.72,8.1,7.06,6.99,7.91,1,0,2022
5515,2022,Ialomita,Liceul Pedagogic Gheorghe Sincai,Rural,M,7.11,5.11,1.0,5.08,5.84,4.18,0,0,2022
5516,2022,Olt,Colegiul National Bogdan Voda,Rural,M,7.0,7.84,5.27,8.07,7.99,7.04,1,0,2022
5517,2022,Olt,Liceul Tehnologic Tudor Vladimirescu,Rural,M,6.24,8.96,8.72,6.97,8.8,8.29,1,0,2022
5518,2022,Olt,Colegiul National Lucian Blaga,Urban,F,7.8,7.06,6.73,9.28,7.12,7.38,1,0,2022
5519,2022,Bistrita-Nasaud,Liceul Sportiv Constantin Brancusi,Rural,F,10.0,9.07,6.2,9.03,7.61,8.08,1,0,2022
5520,2022,Vaslui,Liceul Sportiv Avram Iancu,Urban,M,8.18,8.01,8.61,8.4,9.89,8.55,1,0,2022
5521,2022,Bucuresti,Scoala Nationala Constantin Brancusi,Urban,F,9.0,9.1,7.91,8.48,5.24,8.06,1,0,2022
5522,2022,Sibiu,Liceul de Arte Onisifor Ghibu,Rural,F,7.19,7.15,7.58,5.96,7.55,7.16,1,0,2022
5523,2022,Timis,Liceul de Arte Decebal,Rural,F,9.29,7.16,5.42,8.79,7.63,7.17,1,0,2022
5524,2022,Buzau,Liceul de Arte Nicolae Balcescu,Urban,F,8.84,6.78,3.45,10.0,5.92,6.34,0,0,2022
5525,2022,Arad,Colegiul Economic Decebal,Urban,M,7.63,8.29,9.36,7.23,7.22,8.23,1,0,2022
5526,2022,Cluj,Colegiul Economic Traian,Urban,F,8.97,7.16,6.77,8.63,8.22,7.6,1,0,2022
5527,2022,Olt,Scoala Nationala Regina Maria,Rural,M,8.81,5.05,7.63,8.62,7.38,7.08,1,0,2022
5528,2022,Olt,Liceul Teoretic Octavian Goga,Urban,M,7.03,8.5,8.52,6.05,10.0,8.22,1,0,2022
5529,2022,Calarasi,Colegiul Tehnic Mihai Eminescu,Urban,F,5.1,4.29,5.25,6.63,6.48,5.34,0,0,2022
5530,2022,Constanta,Scoala Nationala Stefan cel Mare,Urban,M,7.84,6.87,6.37,9.07,8.23,7.35,1,0,2022
5531,2022,Timis,Colegiul Economic Onisifor Ghibu,Urban,M,5.82,5.24,5.71,8.02,8.58,6.36,1,0,2022
5532,2022,Brasov,Colegiul Economic Lucian Blaga,Urban,F,9.91,8.33,5.0,10.0,6.5,7.46,1,0,2022
5533,2022,Arges,Liceul de Arte Unirea,Rural,F,7.92,9.04,9.23,10.0,8.44,9.04,1,0,2022
5534,2022,Dolj,Liceul Teoretic Emil Racovita,Rural,M,8.93,9.47,6.41,7.83,8.82,8.15,1,0,2022
5535,2022,Bucuresti,Liceul Tehnologic Marin Preda,Rural,F,7.11,1.15,4.27,8.23,4.78,4.29,0,0,2022
5536,2022,Ialomita,Scoala Nationala Traian,Rural,M,9.18,6.25,7.49,5.0,8.5,7.06,1,0,2022
5537,2022,Bucuresti,Liceul Sportiv Ioan Slavici,Urban,F,8.71,8.37,8.59,9.41,6.56,8.35,1,0,2022
5538,2022,Salaj,Liceul Tehnologic Nicolae Balcescu,Urban,M,8.67,6.68,7.62,7.42,6.83,7.29,1,0,2022
5539,2022,Buzau,Liceul Teoretic Marin Preda,Urban,F,9.3,6.45,9.86,7.96,7.87,8.2,1,0,2022
5540,2022,Prahova,Colegiul Tehnic Vasile Alecsandri,Rural,M,8.15,8.35,5.12,7.55,8.49,7.26,1,0,2022
5541,2022,Alba,Liceul Teoretic George Cosbuc,Urban,F,7.07,8.48,6.89,8.64,5.93,7.5,1,0,2022
5542,2022,Ilfov,Liceul Pedagogic Mihai Eminescu,Rural,M,7.7,7.9,1.0,8.15,9.01,6.01,0,0,2022
5543,2022,Iasi,Liceul de Arte Traian,Urban,F,7.17,7.62,7.93,9.29,10.0,8.28,1,0,2022
5544,2022,Timis,Colegiul Economic Grigore Moisil,Urban,F,7.49,5.96,6.38,7.0,6.83,6.53,1,0,2022
5545,2022,Vrancea,Liceul Pedagogic Decebal,Rural,M,7.81,8.31,7.95,6.97,6.11,7.62,1,0,2022
5546,2022,Neamt,Scoala Nationala Nicolae Balcescu,Rural,M,7.17,5.17,5.44,2.33,8.5,5.52,0,0,2022
5547,2022,Covasna,Liceul Tehnologic Octavian Goga,Urban,F,9.28,10.0,8.0,9.04,5.02,8.44,1,0,2022
5548,2022,Sibiu,Colegiul Tehnic Alexandru Ioan Cuza,Rural,F,7.39,7.1,10.0,5.9,4.98,7.5,0,1,2022
5549,2022,Gorj,Colegiul Economic Tudor Vladimirescu,Rural,M,7.66,4.55,6.5,6.4,4.89,5.77,0,0,2022
5550,2022,Arges,Colegiul Tehnic Unirea,Rural,M,7.89,6.62,7.27,9.64,5.4,7.21,1,0,2022
5551,2022,Arad,Scoala Nationala Grigore Moisil,Urban,M,7.02,4.58,7.29,6.1,7.62,6.32,0,0,2022
5552,2022,Mures,Liceul Pedagogic Mihai Eminescu,Urban,F,9.23,6.61,5.2,8.92,8.27,7.04,1,0,2022
5553,2022,Maramures,Scoala Nationala Constantin Brancusi,Urban,F,8.41,7.51,10.0,6.58,8.17,8.31,1,0,2022
5554,2022,Salaj,Liceul Teoretic Ana Ipatescu,Rural,M,7.73,7.79,5.45,8.06,10.0,7.45,1,0,2022
5555,2022,Mures,Colegiul National Alexandru Ioan Cuza,Rural,M,7.71,7.62,5.04,4.37,8.45,6.49,0,0,2022
5556,2022,Maramures,Liceul de Arte Nicolae Balcescu,Rural,M,8.26,6.37,9.55,6.33,8.83,7.88,1,0,2022
5557,2022,Galati,Liceul Tehnologic Marin Preda,Urban,M,10.0,10.0,9.02,7.84,8.65,9.18,1,0,2022
5558,2022,Brasov,Liceul Tehnologic Constantin Brancusi,Urban,F,8.72,7.8,5.66,9.22,9.89,7.78,1,0,2022
5559,2022,Sibiu,Liceul de Arte Regina Maria,Urban,F,10.0,8.37,7.33,6.61,6.85,7.73,1,0,2022
5560,2022,Bucuresti,Colegiul National Traian,Urban,F,10.0,10.0,6.76,10.0,7.37,8.63,1,0,2022
5561,2022,Tulcea,Liceul Sportiv Ana Ipatescu,Rural,M,6.7,6.86,5.18,9.07,9.15,7.02,1,0,2022
5562,2022,Dambovita,Colegiul Economic Nicolae Balcescu,Urban,F,1.91,7.63,10.0,6.02,7.39,7.49,0,0,2022
5563,2022,Galati,Colegiul Economic Lucian Blaga,Rural,M,8.02,7.62,5.0,8.61,9.77,7.34,1,0,2022
5564,2022,Galati,Liceul Pedagogic Octavian Goga,Urban,F,5.98,7.02,3.27,7.77,8.01,6.05,0,0,2022
5565,2022,Sibiu,Colegiul Economic Spiru Haret,Rural,F,8.26,7.34,8.74,7.19,7.86,7.91,1,0,2022
5566,2022,Ilfov,Liceul Teoretic Ion Barbu,Urban,M,7.79,6.98,8.75,8.17,9.88,8.21,1,0,2022
5567,2022,Prahova,Colegiul Economic Ioan Slavici,Urban,F,8.73,7.57,8.98,8.14,6.86,8.09,1,0,2022
5568,2022,Constanta,Colegiul Economic Regina Maria,Rural,M,8.45,7.39,8.26,9.6,8.03,8.18,1,0,2022
5569,2022,Calarasi,Colegiul Economic Mihai Eminescu,Urban,F,9.59,9.03,5.64,8.62,4.69,7.36,0,0,2022
5570,2022,Brasov,Liceul Pedagogic Mihai Eminescu,Urban,F,7.86,8.56,6.36,5.0,8.97,7.36,1,0,2022
5571,2022,Neamt,Liceul Tehnologic Lucian Blaga,Rural,F,6.29,6.37,8.92,9.68,5.94,7.56,1,0,2022
5572,2022,Maramures,Colegiul Economic Spiru Haret,Urban,F,7.25,9.36,6.81,8.56,7.97,8.06,1,0,2022
5573,2022,Bistrita-Nasaud,Liceul de Arte Marin Preda,Urban,F,7.81,7.69,6.88,7.12,9.41,7.63,1,0,2022
5574,2022,Alba,Liceul de Arte Onisifor Ghibu,Urban,F,9.97,8.27,6.76,8.43,7.21,7.85,1,0,2022
5575,2022,Satu Mare,Scoala Nationala Mircea cel Batran,Urban,F,6.22,7.68,6.57,5.72,7.29,6.85,1,0,2022
5576,2022,Giurgiu,Colegiul National Constantin Brancusi,Rural,F,7.97,7.37,6.57,10.0,7.4,7.59,1,0,2022
5577,2022,Bihor,Liceul Tehnologic Bogdan Voda,Urban,F,7.36,6.53,8.32,8.34,5.39,7.25,1,0,2022
5578,2022,Salaj,Liceul Tehnologic Dimitrie Cantemir,Urban,F,7.49,10.0,6.26,8.21,7.16,7.93,1,0,2022
5579,2022,Olt,Liceul Sportiv Constantin Brancusi,Urban,F,6.93,3.78,7.95,6.6,7.19,6.28,0,0,2022
5580,2022,Gorj,Scoala Nationala Grigore Moisil,Urban,M,7.78,7.65,5.27,5.6,6.53,6.47,1,0,2022
5581,2022,Bucuresti,Liceul Sportiv Mircea cel Batran,Rural,M,8.35,4.52,5.63,5.25,8.66,5.97,0,0,2022
5582,2022,Vaslui,Colegiul Tehnic Emil Racovita,Rural,M,6.29,8.95,8.3,9.43,5.0,7.97,1,0,2022
5583,2022,Mures,Colegiul Economic Dimitrie Cantemir,Urban,M,9.7,6.64,5.0,8.78,7.7,6.93,1,0,2022
5584,2022,Valcea,Colegiul Tehnic Tudor Vladimirescu,Rural,F,6.52,6.46,4.77,7.81,9.78,6.66,0,0,2022
5585,2022,Sibiu,Colegiul Economic Vasile Alecsandri,Urban,F,6.58,7.76,2.99,5.38,8.01,5.89,0,0,2022
5586,2022,Covasna,Liceul de Arte Alexandru Ioan Cuza,Rural,F,9.9,8.06,7.57,8.17,9.9,8.39,1,0,2022
5587,2022,Covasna,Liceul Teoretic Mircea cel Batran,Urban,M,9.56,7.78,7.79,9.15,7.98,8.2,1,0,2022
5588,2022,Botosani,Scoala Nationala Ion Barbu,Urban,F,9.13,10.0,7.28,9.0,7.15,8.52,1,0,2022
5589,2022,Dolj,Colegiul Tehnic Ion Luca Caragiale,Urban,M,8.72,10.0,7.45,8.92,8.1,8.66,1,0,2022
5590,2022,Vrancea,Liceul Teoretic Marin Preda,Rural,F,9.72,9.42,8.32,7.49,5.54,8.25,1,0,2022
5591,2022,Dolj,Liceul Sportiv Alexandru Ioan Cuza,Urban,M,10.0,7.18,8.64,7.91,9.51,8.36,1,0,2022
5592,2022,Bistrita-Nasaud,Colegiul Economic Onisifor Ghibu,Rural,M,7.69,6.99,8.44,8.3,6.88,7.68,1,0,2022
5593,2022,Sibiu,Liceul de Arte Nicolae Balcescu,Urban,F,7.77,7.68,7.69,6.31,7.96,7.53,1,0,2022
5594,2022,Arges,Liceul Tehnologic Emil Racovita,Rural,F,9.72,7.74,5.0,7.06,6.12,6.77,1,0,2022
5595,2022,Salaj,Liceul de Arte Vasile Alecsandri,Urban,M,8.74,9.07,6.58,7.34,6.4,7.63,1,0,2022
5596,2022,Buzau,Liceul Teoretic Emil Racovita,Rural,M,7.07,8.83,4.84,7.75,5.34,6.77,0,0,2022
5597,2022,Mures,Liceul Teoretic Lucian Blaga,Urban,F,9.02,8.04,8.24,10.0,2.35,7.64,0,0,2022
5598,2022,Vaslui,Scoala Nationala George Cosbuc,Urban,M,8.66,8.56,7.99,7.61,7.43,8.09,1,0,2022
5599,2022,Vrancea,Colegiul Economic Ion Luca Caragiale,Urban,F,8.69,6.4,9.94,9.29,8.35,8.42,1,0,2022
5600,2022,Ilfov,Liceul Teoretic Onisifor Ghibu,Urban,M,9.44,9.01,5.62,10.0,7.3,7.93,1,0,2022
5601,2022,Calarasi,Liceul Sportiv Stefan cel Mare,Urban,F,8.13,8.26,7.94,6.63,9.21,8.05,1,0,2022
5602,2022,Prahova,Colegiul National Stefan cel Mare,Urban,F,6.15,8.02,8.11,8.6,9.0,8.09,1,0,2022
5603,2022,Valcea,Liceul de Arte Grigore Moisil,Rural,F,6.37,7.84,1.68,6.07,5.63,5.25,0,0,2022
5604,2022,Cluj,Liceul Tehnologic Mircea cel Batran,Urban,F,5.64,9.0,4.86,5.94,9.34,7.01,0,1,2022
5605,2022,Sibiu,Scoala Nationala Elena Cuza,Rural,M,8.82,7.96,6.91,5.91,10.0,7.73,1,0,2022
5606,2022,Suceava,Colegiul Tehnic Traian,Rural,F,8.25,6.95,6.17,7.17,5.85,6.71,1,0,2022
5607,2022,Ialomita,Colegiul Tehnic Avram Iancu,Rural,F,8.73,6.36,5.37,8.28,7.0,6.68,1,0,2022
5608,2022,Prahova,Liceul Pedagogic Nicolae Balcescu,Rural,F,7.55,6.49,6.78,8.88,7.96,7.26,1,0,2022
5609,2022,Vaslui,Liceul Pedagogic Mihai Viteazul,Rural,M,5.89,3.48,6.74,4.26,5.34,5.1,0,0,2022
5610,2022,Dolj,Liceul Pedagogic Marin Preda,Rural,F,7.42,8.69,8.43,6.62,5.38,7.68,1,0,2022
5611,2022,Bacau,Liceul Tehnologic Spiru Haret,Urban,M,5.92,10.0,5.59,8.35,7.35,7.62,1,0,2022
5612,2022,Covasna,Colegiul Tehnic Mihai Viteazul,Urban,M,6.91,6.03,3.3,9.11,6.78,5.87,0,0,2022
5613,2022,Bucuresti,Liceul de Arte Traian,Rural,M,9.39,7.8,6.69,9.61,5.78,7.59,1,0,2022
5614,2022,Salaj,Liceul Sportiv Nicolae Balcescu,Urban,F,9.3,6.19,6.92,10.0,7.36,7.47,1,0,2022
5615,2022,Bacau,Liceul Teoretic Mircea cel Batran,Rural,F,7.1,5.36,1.38,4.36,5.46,4.2,0,0,2022
5616,2022,Ilfov,Colegiul Tehnic Stefan cel Mare,Rural,M,7.85,6.58,2.71,3.02,7.24,5.11,0,1,2022
5617,2022,Ilfov,Liceul Teoretic Nicolae Balcescu,Rural,M,8.79,9.62,7.32,8.67,7.49,8.38,1,0,2022
5618,2022,Mehedinti,Colegiul Tehnic Lucian Blaga,Urban,M,8.16,9.29,8.5,7.79,8.44,8.59,1,0,2022
5619,2022,Neamt,Colegiul National Bogdan Voda,Urban,F,7.53,7.88,6.0,7.02,8.94,7.31,1,0,2022
5620,2022,Bihor,Colegiul Economic Tudor Vladimirescu,Rural,M,3.75,5.3,7.33,4.56,7.5,5.97,0,0,2022
5621,2022,Maramures,Liceul Tehnologic Stefan cel Mare,Urban,F,8.49,7.31,7.07,7.67,6.68,7.32,1,0,2022
5622,2022,Bihor,Liceul Pedagogic Lucian Blaga,Urban,M,9.04,10.0,9.45,8.34,8.8,9.31,1,0,2022
5623,2022,Galati,Liceul de Arte Mihai Eminescu,Urban,M,8.5,10.0,10.0,10.0,5.0,9.1,1,0,2022
5624,2022,Valcea,Liceul de Arte Dimitrie Cantemir,Rural,F,8.37,6.88,7.32,4.53,4.26,6.42,0,0,2022
5625,2022,Dambovita,Colegiul Tehnic Marin Preda,Rural,F,6.87,5.64,5.25,2.5,6.0,5.23,0,0,2022
5626,2022,Dolj,Colegiul National Ioan Slavici,Urban,F,9.39,5.96,8.64,7.89,8.7,7.81,1,0,2022
5627,2022,Suceava,Colegiul National Tudor Vladimirescu,Rural,F,8.34,7.53,7.78,10.0,8.55,8.21,1,0,2022
5628,2022,Neamt,Colegiul Tehnic Marin Preda,Urban,F,6.65,6.85,7.59,6.14,8.61,7.21,1,0,2022
5629,2022,Gorj,Liceul Sportiv George Cosbuc,Urban,F,7.65,4.29,10.0,7.5,6.9,7.21,0,1,2022
5630,2022,Salaj,Liceul Sportiv Elena Cuza,Rural,M,9.98,6.31,6.57,6.29,6.19,6.73,1,0,2022
5631,2022,Calarasi,Scoala Nationala Decebal,Urban,F,6.91,5.99,9.76,6.26,4.23,6.99,0,0,2022
5632,2022,Suceava,Scoala Nationala Grigore Moisil,Urban,M,10.0,8.83,8.81,5.55,10.0,8.62,1,0,2022
5633,2022,Satu Mare,Liceul Teoretic George Cosbuc,Rural,F,7.74,10.0,7.33,7.09,5.32,7.83,1,0,2022
5634,2022,Galati,Liceul Pedagogic Marin Preda,Urban,F,8.14,8.59,4.93,8.11,5.92,6.97,0,0,2022
5635,2022,Olt,Liceul Sportiv George Cosbuc,Urban,M,4.95,7.82,10.0,5.17,7.32,7.71,0,0,2022
5636,2022,Galati,Colegiul Economic Tudor Vladimirescu,Urban,M,9.43,6.82,3.2,7.28,9.68,6.49,0,1,2022
5637,2022,Hunedoara,Colegiul National Stefan cel Mare,Rural,M,7.95,6.86,7.3,8.4,8.28,7.54,1,0,2022
5638,2022,Brasov,Colegiul Economic Ana Ipatescu,Rural,M,6.63,5.16,9.92,6.76,5.89,7.08,1,0,2022
5639,2022,Maramures,Liceul Teoretic Bogdan Voda,Urban,M,5.53,3.52,4.85,7.95,6.36,5.21,0,1,2022
5640,2022,Bistrita-Nasaud,Liceul Teoretic Constantin Brancusi,Rural,F,7.42,9.21,7.03,6.95,7.6,7.8,1,0,2022
5641,2022,Dolj,Colegiul Economic Gheorghe Sincai,Rural,F,7.26,9.17,7.2,7.1,7.13,7.77,1,0,2022
5642,2022,Bihor,Liceul de Arte Octavian Goga,Urban,M,6.57,10.0,7.22,7.32,6.14,7.84,1,0,2022
5643,2022,Bacau,Liceul Tehnologic Grigore Moisil,Rural,M,8.88,7.63,7.45,10.0,6.15,7.83,1,0,2022
5644,2022,Brasov,Liceul Tehnologic Octavian Goga,Urban,F,7.92,6.18,1.3,5.8,6.43,4.87,0,0,2022
5645,2022,Bihor,Liceul de Arte Ana Ipatescu,Rural,F,9.27,8.09,9.76,7.29,10.0,8.88,1,0,2022
5646,2022,Mehedinti,Scoala Nationala Ioan Slavici,Rural,F,5.41,10.0,9.91,10.0,9.87,9.49,1,0,2022
5647,2022,Bacau,Liceul Tehnologic Spiru Haret,Rural,M,8.34,6.75,9.28,8.48,8.26,8.15,1,0,2022
5648,2022,Bistrita-Nasaud,Colegiul Tehnic Ion Luca Caragiale,Urban,F,5.72,5.92,6.36,8.69,8.09,6.77,1,0,2022
5649,2022,Iasi,Colegiul Tehnic Gheorghe Sincai,Urban,M,6.12,8.11,7.72,8.03,10.0,8.07,1,0,2022
5650,2022,Hunedoara,Colegiul Economic Gheorghe Sincai,Urban,M,9.29,8.74,10.0,8.65,9.07,9.21,1,0,2022
5651,2022,Dambovita,Liceul de Arte Mihai Eminescu,Urban,F,8.51,8.91,7.51,7.52,7.97,8.1,1,0,2022
5652,2022,Hunedoara,Colegiul Tehnic Mihai Viteazul,Rural,F,6.06,10.0,6.57,6.73,5.19,7.36,1,0,2022
5653,2022,Botosani,Colegiul Economic Spiru Haret,Rural,M,4.23,3.98,6.29,5.67,6.64,5.35,0,0,2022
5654,2022,Alba,Colegiul National Mircea cel Batran,Rural,M,7.32,10.0,8.81,8.97,7.15,8.79,1,0,2022
5655,2022,Neamt,Colegiul Economic Nicolae Balcescu,Urban,M,9.05,7.61,8.22,7.29,5.59,7.59,1,0,2022
5656,2022,Suceava,Liceul de Arte Mircea cel Batran,Urban,F,8.32,7.0,2.75,7.43,4.41,5.53,0,0,2022
5657,2022,Salaj,Colegiul Tehnic Marin Preda,Urban,F,5.98,8.01,8.48,4.58,6.78,7.25,0,0,2022
5658,2022,Valcea,Colegiul National Vasile Alecsandri,Urban,F,9.21,8.32,7.58,7.2,9.73,8.23,1,0,2022
5659,2022,Sibiu,Colegiul Tehnic George Cosbuc,Rural,F,6.03,1.0,1.64,6.28,5.74,3.2,0,0,2022
5660,2022,Satu Mare,Colegiul National Emil Racovita,Rural,F,6.24,6.7,8.24,7.36,7.7,7.36,1,0,2022
5661,2022,Bistrita-Nasaud,Colegiul Economic Traian,Rural,F,5.37,5.36,7.14,6.71,7.35,6.4,1,0,2022
5662,2022,Arad,Liceul de Arte Spiru Haret,Rural,F,8.08,6.73,9.08,5.49,4.76,7.09,0,0,2022
5663,2022,Arges,Scoala Nationala George Cosbuc,Urban,F,7.39,8.35,8.02,9.35,7.53,8.18,1,0,2022
5664,2022,Olt,Colegiul Economic Stefan cel Mare,Rural,F,8.07,6.93,3.73,7.49,8.04,6.33,0,0,2022
5665,2022,Bucuresti,Liceul Teoretic George Cosbuc,Rural,F,10.0,9.19,7.2,8.42,5.6,8.02,1,0,2022
5666,2022,Giurgiu,Colegiul Economic Avram Iancu,Urban,M,6.76,4.76,6.8,7.71,8.95,6.64,0,0,2022
5667,2022,Vrancea,Colegiul National Tudor Vladimirescu,Urban,M,9.59,8.92,7.57,10.0,10.0,8.91,1,0,2022
5668,2022,Constanta,Liceul Teoretic Constantin Brancusi,Urban,F,8.31,5.52,6.91,5.52,5.46,6.21,1,0,2022
5669,2022,Braila,Liceul Tehnologic Stefan cel Mare,Rural,F,7.76,7.88,5.96,7.52,5.0,6.81,1,0,2022
5670,2022,Bistrita-Nasaud,Liceul de Arte Mihai Eminescu,Urban,F,6.19,6.89,5.79,6.94,7.52,6.59,1,0,2022
5671,2022,Covasna,Colegiul Economic Vasile Alecsandri,Urban,F,7.48,8.28,6.75,7.66,6.56,7.39,1,0,2022
5672,2022,Prahova,Colegiul Tehnic Gheorghe Sincai,Rural,M,7.0,4.19,5.59,5.57,4.15,5.09,0,0,2022
5673,2022,Salaj,Colegiul Tehnic Elena Cuza,Urban,F,9.04,6.38,7.3,8.2,7.09,7.3,1,0,2022
5674,2022,Galati,Liceul Pedagogic Spiru Haret,Urban,M,8.92,8.03,6.24,7.16,9.26,7.64,1,0,2022
5675,2022,Valcea,Liceul Sportiv Gheorghe Sincai,Urban,F,8.95,5.74,6.03,9.31,6.47,6.79,1,0,2022
5676,2022,Sibiu,Liceul Tehnologic Lucian Blaga,Urban,M,9.81,6.61,7.42,8.51,9.49,7.89,1,0,2022
5677,2022,Ialomita,Liceul de Arte Alexandru Ioan Cuza,Rural,F,7.59,10.0,8.19,8.09,4.49,8.1,0,0,2022
5678,2022,Alba,Scoala Nationala Mihai Viteazul,Rural,M,7.61,7.06,5.66,8.6,7.46,6.99,1,0,2022
5679,2022,Valcea,Liceul Sportiv Stefan cel Mare,Urban,F,8.74,7.88,7.35,6.15,9.98,7.86,1,0,2022
5680,2022,Iasi,Liceul Teoretic Dimitrie Cantemir,Urban,F,9.92,7.14,6.66,5.06,4.92,6.63,0,0,2022
5681,2022,Bihor,Liceul Teoretic Vasile Alecsandri,Urban,F,6.33,9.55,5.27,9.95,5.7,7.43,1,0,2022
5682,2022,Bucuresti,Colegiul National Mihai Viteazul,Urban,M,9.06,7.59,8.01,8.07,7.45,7.91,1,0,2022
5683,2022,Ilfov,Liceul Pedagogic Tudor Vladimirescu,Rural,M,5.96,6.69,7.84,7.58,1.84,6.37,0,0,2022
5684,2022,Gorj,Liceul Tehnologic Ion Barbu,Rural,M,7.94,3.74,5.99,7.55,4.09,5.46,0,0,2022
5685,2022,Arges,Liceul de Arte Ana Ipatescu,Urban,M,7.93,8.8,5.11,7.1,7.31,7.13,1,0,2022
5686,2022,Bacau,Liceul Pedagogic Stefan cel Mare,Rural,M,6.27,5.33,4.34,6.26,9.89,5.95,0,0,2022
5687,2022,Dolj,Scoala Nationala Ana Ipatescu,Urban,M,8.72,7.88,6.27,7.05,6.96,7.22,1,0,2022
5688,2022,Suceava,Liceul Teoretic Dimitrie Cantemir,Urban,M,9.06,6.2,9.29,7.62,9.53,8.13,1,0,2022
5689,2022,Cluj,Colegiul Tehnic Constantin Brancusi,Urban,M,8.49,9.4,8.39,8.83,9.31,8.91,1,0,2022
5690,2022,Botosani,Scoala Nationala Octavian Goga,Rural,F,7.83,9.45,6.71,8.33,6.96,7.92,1,0,2022
5691,2022,Valcea,Scoala Nationala Mihai Eminescu,Urban,M,7.82,7.78,9.64,9.51,7.44,8.55,1,0,2022
5692,2022,Bucuresti,Colegiul Tehnic Traian,Urban,M,7.05,8.94,6.25,7.27,9.66,7.8,1,0,2022
5693,2022,Dambovita,Liceul Pedagogic Tudor Vladimirescu,Rural,F,8.06,8.4,7.94,7.22,5.21,7.57,1,0,2022
5694,2022,Ilfov,Colegiul National Mihai Eminescu,Urban,F,9.78,8.53,7.56,7.37,8.84,8.24,1,0,2022
5695,2022,Dambovita,Scoala Nationala Ioan Slavici,Rural,F,6.91,3.16,4.39,2.18,5.85,4.16,0,0,2022
5696,2022,Timis,Colegiul National Bogdan Voda,Rural,M,6.43,8.81,8.54,7.94,7.59,8.18,1,0,2022
5697,2022,Cluj,Liceul de Arte Nicolae Balcescu,Urban,M,7.09,7.36,7.72,10.0,7.98,7.93,1,0,2022
5698,2022,Braila,Scoala Nationala Onisifor Ghibu,Rural,M,10.0,7.65,9.52,7.33,8.22,8.48,1,0,2022
5699,2022,Ialomita,Liceul Teoretic Marin Preda,Urban,M,6.62,8.86,7.46,9.62,7.43,8.12,1,0,2022
5700,2022,Gorj,Colegiul Tehnic Stefan cel Mare,Urban,M,7.53,7.28,7.33,8.12,6.86,7.38,1,0,2022
5701,2022,Arad,Colegiul National Mircea cel Batran,Urban,F,7.67,6.88,6.27,4.84,8.36,6.69,0,0,2022
5702,2022,Covasna,Liceul Teoretic Elena Cuza,Rural,F,8.8,7.67,6.83,7.72,7.51,7.51,1,0,2022
5703,2022,Bistrita-Nasaud,Liceul de Arte Spiru Haret,Rural,M,8.13,6.21,8.09,9.08,7.56,7.6,1,0,2022
5704,2022,Valcea,Colegiul Tehnic Gheorghe Sincai,Urban,F,8.58,6.6,7.84,8.85,5.7,7.37,1,0,2022
5705,2022,Dambovita,Colegiul National Onisifor Ghibu,Urban,M,6.41,7.2,9.36,6.19,6.27,7.48,1,0,2022
5706,2022,Bucuresti,Scoala Nationala Unirea,Rural,F,8.2,7.71,9.86,7.12,7.39,8.27,1,0,2022
5707,2022,Bacau,Scoala Nationala Ioan Slavici,Rural,F,10.0,5.94,10.0,7.91,8.84,8.29,1,0,2022
5708,2022,Buzau,Liceul Sportiv Elena Cuza,Rural,F,8.53,8.93,7.53,7.59,6.48,7.9,1,0,2022
5709,2022,Harghita,Liceul Tehnologic Marin Preda,Urban,F,8.68,7.5,4.39,9.41,7.47,6.97,0,0,2022
5710,2022,Bacau,Colegiul National Lucian Blaga,Rural,M,8.14,5.62,8.09,1.0,9.75,6.54,0,0,2022
5711,2022,Vrancea,Liceul Tehnologic Regina Maria,Rural,F,4.9,6.9,4.43,5.88,5.34,5.57,0,0,2022
5712,2022,Vrancea,Colegiul National Grigore Moisil,Urban,M,7.3,8.36,6.1,8.7,7.14,7.44,1,0,2022
5713,2022,Hunedoara,Colegiul Economic Traian,Urban,M,7.12,7.7,1.0,7.18,6.36,5.35,0,0,2022
5714,2022,Galati,Liceul Sportiv Spiru Haret,Urban,F,7.96,9.44,10.0,7.26,6.91,8.75,1,0,2022
5715,2022,Teleorman,Liceul Pedagogic Avram Iancu,Rural,M,7.05,7.82,8.85,8.31,9.12,8.32,1,0,2022
5716,2022,Hunedoara,Liceul Teoretic Ana Ipatescu,Urban,M,8.38,5.87,5.79,4.72,8.13,6.26,0,0,2022
5717,2022,Hunedoara,Liceul Tehnologic Nicolae Balcescu,Urban,M,8.28,9.2,7.46,10.0,8.7,8.63,1,0,2022
5718,2022,Mehedinti,Colegiul Tehnic Nicolae Balcescu,Rural,M,4.94,4.26,1.93,7.21,5.48,4.25,0,0,2022
5719,2022,Galati,Liceul de Arte Spiru Haret,Rural,F,5.91,5.89,6.99,2.78,9.49,6.3,0,0,2022
5720,2022,Arad,Liceul Pedagogic Dimitrie Cantemir,Urban,M,7.6,9.23,5.43,9.44,7.69,7.73,1,0,2022
5721,2022,Suceava,Liceul Pedagogic Nicolae Balcescu,Urban,M,6.81,6.47,6.95,9.68,6.7,7.16,0,1,2022
5722,2022,Galati,Scoala Nationala Emil Racovita,Rural,F,6.31,10.0,7.87,9.23,6.54,8.36,1,0,2022
5723,2022,Teleorman,Colegiul National Octavian Goga,Rural,F,7.4,8.88,5.68,7.87,7.25,7.38,1,0,2022
5724,2022,Valcea,Liceul de Arte Constantin Brancusi,Urban,F,6.67,8.79,8.96,6.31,10.0,8.44,1,0,2022
5725,2022,Bistrita-Nasaud,Liceul de Arte Spiru Haret,Rural,M,9.3,6.79,8.9,5.99,6.79,7.55,1,0,2022
5726,2022,Sibiu,Colegiul Economic Marin Preda,Urban,M,8.26,9.69,8.06,8.0,9.29,8.74,1,0,2022
5727,2022,Ilfov,Liceul de Arte Decebal,Urban,M,10.0,7.54,5.06,6.74,7.78,6.96,1,0,2022
5728,2022,Dolj,Liceul Teoretic Onisifor Ghibu,Urban,M,7.07,5.95,5.04,8.02,8.53,6.49,1,0,2022
5729,2022,Bihor,Liceul Sportiv Grigore Moisil,Rural,M,8.76,6.94,6.07,5.23,2.24,5.9,0,0,2022
5730,2022,Maramures,Liceul Teoretic Mircea cel Batran,Rural,M,8.0,7.32,8.65,6.19,6.64,7.52,1,0,2022
5731,2022,Dambovita,Liceul Sportiv Tudor Vladimirescu,Rural,F,7.25,9.19,7.45,8.85,7.65,8.19,1,0,2022
5732,2022,Calarasi,Scoala Nationala Gheorghe Sincai,Urban,M,8.52,7.7,6.65,7.22,3.1,6.7,0,0,2022
5733,2022,Mures,Liceul Tehnologic Gheorghe Sincai,Urban,M,8.07,9.79,6.94,7.09,10.0,8.39,1,0,2022
5734,2022,Bistrita-Nasaud,Liceul Teoretic Grigore Moisil,Rural,M,10.0,5.02,8.17,7.94,5.81,7.02,1,0,2022
5735,2022,Dolj,Liceul Pedagogic Onisifor Ghibu,Rural,M,7.96,5.49,9.1,3.84,7.52,6.88,0,0,2022
5736,2022,Calarasi,Liceul Teoretic Elena Cuza,Rural,F,6.66,6.99,6.73,3.21,6.87,6.29,0,0,2022
5737,2022,Harghita,Liceul Pedagogic Mihai Eminescu,Rural,M,8.84,7.33,4.79,3.81,7.42,6.2,0,0,2022
5738,2022,Harghita,Liceul Pedagogic Ana Ipatescu,Urban,M,10.0,8.5,8.63,8.79,9.11,8.82,1,0,2022
5739,2022,Vaslui,Scoala Nationala Mihai Viteazul,Urban,M,7.53,8.47,5.04,7.26,6.51,6.87,1,0,2022
5740,2022,Satu Mare,Liceul Sportiv Dimitrie Cantemir,Rural,F,7.84,6.19,1.91,5.14,10.0,5.48,0,0,2022
5741,2022,Satu Mare,Colegiul Tehnic Gheorghe Sincai,Rural,F,8.01,2.2,8.26,4.31,8.19,5.81,0,1,2022
5742,2022,Tulcea,Liceul Tehnologic Grigore Moisil,Urban,M,9.41,7.18,7.42,6.42,9.37,7.69,1,0,2022
5743,2022,Olt,Colegiul Economic Elena Cuza,Urban,F,6.15,1.08,4.57,7.73,8.55,4.75,0,0,2022
5744,2022,Vrancea,Liceul de Arte Avram Iancu,Urban,F,7.21,10.0,6.52,10.0,7.68,8.33,1,0,2022
5745,2022,Galati,Colegiul Tehnic Vasile Alecsandri,Urban,M,8.38,5.0,8.15,9.45,9.12,7.57,1,0,2022
5746,2022,Vaslui,Liceul de Arte Dimitrie Cantemir,Urban,M,6.48,7.9,7.63,10.0,8.6,8.1,0,1,2022
5747,2022,Tulcea,Colegiul Economic Spiru Haret,Urban,M,10.0,7.03,7.01,6.23,6.06,7.06,1,0,2022
5748,2022,Vaslui,Colegiul National Bogdan Voda,Rural,M,7.89,7.32,5.13,7.9,9.75,7.17,1,0,2022
5749,2022,Giurgiu,Liceul Teoretic Gheorghe Sincai,Rural,F,9.34,7.13,5.0,9.86,8.54,7.33,1,0,2022
5750,2022,Olt,Liceul Tehnologic Marin Preda,Rural,F,8.5,7.08,5.29,10.0,6.47,7.03,1,0,2022
5751,2022,Bistrita-Nasaud,Liceul Pedagogic Nicolae Balcescu,Urban,M,7.48,6.09,10.0,8.43,5.14,7.61,1,0,2022
5752,2022,Vrancea,Liceul Tehnologic Marin Preda,Rural,F,9.08,8.54,9.18,5.19,5.5,7.83,1,0,2022
5753,2022,Bucuresti,Scoala Nationala Gheorghe Sincai,Urban,F,7.67,9.95,6.33,10.0,8.13,8.37,1,0,2022
5754,2022,Ialomita,Colegiul Economic Stefan cel Mare,Rural,M,8.21,10.0,5.36,8.65,8.0,7.93,1,0,2022
5755,2022,Ialomita,Liceul de Arte Mihai Eminescu,Rural,M,8.97,5.38,2.99,5.31,4.27,4.85,0,1,2022
5756,2022,Covasna,Liceul Sportiv Ioan Slavici,Rural,M,6.2,5.73,3.59,6.51,4.04,5.0,0,0,2022
5757,2022,Buzau,Scoala Nationala Mihai Viteazul,Urban,M,7.5,6.22,8.34,9.31,6.28,7.46,1,0,2022
5758,2022,Timis,Liceul Tehnologic Spiru Haret,Urban,F,9.09,5.0,5.82,6.05,6.12,5.98,1,0,2022
5759,2022,Neamt,Colegiul Economic Emil Racovita,Rural,F,8.48,4.9,9.58,4.61,2.86,6.31,0,0,2022
5760,2022,Prahova,Liceul Tehnologic Mircea cel Batran,Urban,M,7.09,6.16,9.3,7.49,8.63,7.76,1,0,2022
5761,2022,Gorj,Liceul Sportiv Decebal,Urban,F,6.73,5.69,5.43,8.34,7.09,6.32,1,0,2022
5762,2022,Neamt,Liceul Sportiv Bogdan Voda,Urban,F,8.26,9.73,6.46,7.73,6.32,7.79,1,0,2022
5763,2022,Braila,Liceul Teoretic Unirea,Urban,F,7.29,9.79,9.94,7.91,10.0,9.33,1,0,2022
5764,2022,Constanta,Liceul Sportiv Emil Racovita,Rural,F,6.22,5.0,5.53,8.75,7.43,6.21,1,0,2022
5765,2022,Valcea,Liceul Teoretic Marin Preda,Urban,F,8.32,9.19,8.24,8.31,6.73,8.32,1,0,2022
5766,2022,Satu Mare,Colegiul Tehnic Nicolae Balcescu,Urban,F,7.13,8.44,8.05,10.0,9.26,8.55,1,0,2022
5767,2022,Arges,Liceul Pedagogic Ion Barbu,Urban,F,8.94,7.74,7.06,8.62,5.56,7.46,1,0,2022
5768,2022,Arad,Colegiul Tehnic Avram Iancu,Urban,M,9.04,5.52,5.32,8.72,7.91,6.65,1,0,2022
5769,2022,Cluj,Scoala Nationala Mihai Eminescu,Rural,F,7.31,8.53,8.92,6.84,7.84,8.17,1,0,2022
5770,2022,Maramures,Liceul Teoretic Vasile Alecsandri,Rural,M,7.43,7.81,4.55,7.78,9.89,7.1,0,0,2022
5771,2022,Mures,Liceul Teoretic Traian,Rural,F,8.33,7.16,7.1,5.64,6.11,6.87,1,0,2022
5772,2022,Prahova,Liceul de Arte Unirea,Rural,M,5.89,9.54,7.72,6.74,9.79,8.25,1,0,2022
5773,2022,Bistrita-Nasaud,Colegiul Tehnic Unirea,Rural,F,4.38,5.71,4.64,6.48,3.95,5.11,0,0,2022
5774,2022,Bacau,Colegiul Economic Bogdan Voda,Rural,M,7.86,8.12,7.88,7.29,10.0,8.18,1,0,2022
5775,2022,Vaslui,Liceul Pedagogic Ion Barbu,Urban,F,7.88,8.28,7.6,7.04,8.85,7.94,1,0,2022
5776,2022,Covasna,Liceul Pedagogic Ana Ipatescu,Rural,F,7.77,7.73,8.02,8.35,8.71,8.06,1,0,2022
5777,2022,Sibiu,Colegiul Tehnic Octavian Goga,Urban,F,9.15,7.93,10.0,7.16,6.38,8.33,1,0,2022
5778,2022,Bucuresti,Liceul Tehnologic Grigore Moisil,Rural,F,8.87,7.99,5.65,8.0,7.82,7.35,1,0,2022
5779,2022,Braila,Colegiul Tehnic Ion Barbu,Rural,F,6.92,6.24,6.97,7.28,7.38,6.85,1,0,2022
5780,2022,Calarasi,Colegiul Tehnic Avram Iancu,Urban,M,6.35,6.47,7.99,7.32,7.88,7.25,1,0,2022
5781,2022,Vrancea,Liceul Pedagogic Bogdan Voda,Rural,F,8.45,5.78,4.21,5.09,4.5,5.28,0,0,2022
5782,2022,Prahova,Liceul Sportiv Unirea,Urban,M,8.25,6.44,8.6,2.18,8.66,6.96,0,0,2022
5783,2022,Suceava,Liceul Tehnologic Grigore Moisil,Urban,F,8.1,7.53,6.32,8.67,8.35,7.52,1,0,2022
5784,2022,Neamt,Liceul Sportiv Emil Racovita,Urban,F,7.13,6.68,7.73,9.47,5.0,7.21,1,0,2022
5785,2022,Vrancea,Liceul Tehnologic Decebal,Urban,F,7.74,6.42,7.56,8.88,10.0,7.8,1,0,2022
5786,2022,Vrancea,Liceul Pedagogic Vasile Alecsandri,Rural,F,5.06,7.09,9.37,4.83,6.57,7.15,0,0,2022
5787,2022,Bihor,Colegiul National Gheorghe Sincai,Rural,F,4.06,6.0,5.35,9.29,4.99,5.95,0,1,2022
5788,2022,Prahova,Liceul Pedagogic Alexandru Ioan Cuza,Rural,M,4.9,4.86,5.8,10.0,9.99,6.69,0,0,2022
5789,2022,Cluj,Liceul Pedagogic Decebal,Urban,F,8.16,6.62,6.8,9.01,8.99,7.54,1,0,2022
5790,2022,Iasi,Colegiul Tehnic Ana Ipatescu,Urban,F,10.0,8.3,5.0,7.31,6.72,7.09,1,0,2022
5791,2022,Bistrita-Nasaud,Liceul Pedagogic Marin Preda,Urban,F,9.25,6.16,6.21,6.68,8.36,6.89,1,0,2022
5792,2022,Dambovita,Colegiul National Elena Cuza,Rural,F,8.14,9.68,8.61,6.84,7.41,8.44,1,0,2022
5793,2022,Bihor,Colegiul Tehnic George Cosbuc,Rural,M,7.67,4.98,3.12,5.1,4.51,4.64,0,0,2022
5794,2022,Mures,Colegiul National Avram Iancu,Rural,M,5.49,6.57,5.17,7.54,6.69,6.21,1,0,2022
5795,2022,Olt,Liceul Sportiv Emil Racovita,Urban,F,8.98,8.46,8.46,8.5,9.98,8.75,1,0,2022
5796,2022,Arges,Liceul Pedagogic Unirea,Urban,M,8.01,10.0,4.88,6.09,3.44,6.69,0,1,2022
5797,2022,Vrancea,Liceul Pedagogic Mihai Eminescu,Rural,M,6.59,7.48,5.37,5.35,5.61,6.16,1,0,2022
5798,2022,Covasna,Colegiul Economic Regina Maria,Urban,F,9.3,8.59,8.27,9.77,7.78,8.62,1,0,2022
5799,2022,Calarasi,Liceul Pedagogic Alexandru Ioan Cuza,Rural,F,10.0,8.59,6.88,9.6,6.97,8.13,1,0,2022
5800,2022,Arges,Scoala Nationala Elena Cuza,Rural,M,6.26,5.73,8.23,5.94,7.26,6.79,1,0,2022
5801,2022,Arges,Liceul de Arte Spiru Haret,Rural,F,7.22,10.0,6.3,7.15,8.25,7.92,1,0,2022
5802,2022,Bihor,Colegiul Economic Nicolae Balcescu,Rural,M,4.09,5.34,5.49,3.56,3.93,4.78,0,0,2022
5803,2022,Valcea,Liceul Pedagogic Emil Racovita,Rural,M,6.97,5.87,2.81,5.75,5.07,4.92,0,0,2022
5804,2022,Salaj,Liceul Pedagogic Regina Maria,Rural,F,8.47,8.35,5.79,7.44,6.38,7.16,1,0,2022
5805,2022,Ialomita,Liceul Pedagogic Avram Iancu,Urban,F,9.14,6.63,7.7,8.84,5.61,7.38,1,0,2022
5806,2022,Mehedinti,Liceul Pedagogic Bogdan Voda,Rural,M,4.79,6.98,9.87,8.18,5.98,7.66,0,0,2022
5807,2022,Brasov,Liceul Pedagogic Ana Ipatescu,Rural,M,7.5,7.27,9.76,8.25,5.53,7.93,1,0,2022
5808,2022,Suceava,Liceul Teoretic Octavian Goga,Urban,M,5.98,5.92,8.85,8.07,7.65,7.39,1,0,2022
5809,2022,Botosani,Liceul Teoretic Unirea,Urban,F,9.08,7.71,6.24,9.47,6.5,7.49,1,0,2022
5810,2022,Ialomita,Colegiul Economic Mihai Viteazul,Urban,F,5.62,8.9,6.73,6.66,5.84,7.13,1,0,2022
5811,2022,Hunedoara,Liceul Teoretic Ana Ipatescu,Rural,F,7.92,8.03,5.52,9.26,6.9,7.28,1,0,2022
5812,2022,Giurgiu,Liceul Tehnologic Spiru Haret,Rural,M,9.51,9.05,6.8,6.29,6.43,7.61,1,0,2022
5813,2022,Bucuresti,Colegiul National George Cosbuc,Urban,M,8.93,8.96,7.4,8.85,8.16,8.35,1,0,2022
5814,2022,Brasov,Liceul Tehnologic Dimitrie Cantemir,Urban,M,7.61,8.16,5.0,8.59,5.81,6.87,1,0,2022
5815,2022,Vrancea,Liceul Pedagogic George Cosbuc,Rural,F,7.53,8.03,8.02,7.58,7.33,7.8,1,0,2022
5816,2022,Tulcea,Colegiul National Constantin Brancusi,Rural,F,6.73,3.87,6.05,7.68,9.53,6.23,0,0,2022
5817,2022,Bistrita-Nasaud,Liceul Teoretic Ana Ipatescu,Urban,F,9.43,8.52,6.65,7.24,9.19,7.96,1,0,2022
5818,2022,Neamt,Colegiul Tehnic Decebal,Urban,F,7.07,5.37,8.58,9.62,6.56,7.32,1,0,2022
5819,2022,Prahova,Liceul de Arte Gheorghe Sincai,Urban,M,7.11,8.01,7.12,5.58,8.11,7.3,1,0,2022
5820,2022,Prahova,Liceul Sportiv Dimitrie Cantemir,Rural,F,8.96,4.26,4.39,10.0,7.05,6.05,0,1,2022
5821,2022,Prahova,Scoala Nationala Ana Ipatescu,Urban,M,7.24,6.14,6.98,8.36,5.0,6.66,1,0,2022
5822,2022,Olt,Liceul Pedagogic Marin Preda,Rural,M,8.36,7.21,5.0,8.83,5.0,6.57,1,0,2022
5823,2022,Neamt,Liceul Sportiv Emil Racovita,Urban,M,8.87,9.77,6.46,7.87,5.0,7.69,1,0,2022
5824,2022,Neamt,Liceul Tehnologic Emil Racovita,Urban,M,6.99,5.75,4.4,6.08,6.0,5.56,0,0,2022
5825,2022,Dambovita,Colegiul National Mircea cel Batran,Urban,M,8.2,8.67,5.01,8.54,8.81,7.53,1,0,2022
5826,2022,Buzau,Liceul de Arte Decebal,Urban,F,7.24,6.03,6.16,8.83,5.28,6.5,1,0,2022
5827,2022,Dambovita,Liceul Pedagogic Emil Racovita,Urban,M,6.98,6.51,8.54,7.31,4.89,7.04,0,0,2022
5828,2022,Tulcea,Liceul Pedagogic Emil Racovita,Urban,M,6.58,8.28,5.31,5.34,7.15,6.61,0,1,2022
5829,2022,Mehedinti,Scoala Nationala Mihai Eminescu,Urban,M,7.65,7.86,7.18,5.25,10.0,7.56,1,0,2022
5830,2022,Calarasi,Scoala Nationala Stefan cel Mare,Urban,F,7.69,7.25,6.02,8.16,8.18,7.2,1,0,2022
5831,2022,Alba,Liceul Sportiv Ion Barbu,Rural,M,7.69,6.99,8.93,6.25,6.21,7.41,1,0,2022
5832,2022,Mehedinti,Colegiul Economic Elena Cuza,Rural,F,5.92,2.4,3.26,5.3,2.38,3.44,0,1,2022
5833,2022,Ialomita,Liceul de Arte Vasile Alecsandri,Rural,M,8.22,8.94,5.71,7.92,8.21,7.64,1,0,2022
5834,2022,Maramures,Colegiul Economic Ana Ipatescu,Rural,F,5.63,3.49,5.98,4.24,5.36,4.84,0,0,2022
5835,2022,Mehedinti,Colegiul National Ioan Slavici,Rural,M,6.96,5.42,2.52,4.9,6.46,4.78,0,0,2022
5836,2022,Sibiu,Liceul Tehnologic Avram Iancu,Urban,M,7.18,6.17,6.34,9.66,9.81,7.39,1,0,2022
5837,2022,Giurgiu,Colegiul National Tudor Vladimirescu,Urban,M,7.93,8.99,8.18,4.9,8.12,7.9,0,0,2022
5838,2022,Timis,Scoala Nationala Mihai Viteazul,Rural,F,5.16,10.0,7.93,6.2,8.62,8.12,1,0,2022
5839,2022,Teleorman,Liceul Teoretic Onisifor Ghibu,Rural,M,8.86,7.35,7.82,8.14,5.48,7.48,1,0,2022
5840,2022,Bacau,Liceul Pedagogic Ion Luca Caragiale,Rural,F,8.64,8.1,6.06,8.81,7.44,7.55,1,0,2022
5841,2022,Dolj,Colegiul Tehnic Mihai Eminescu,Rural,M,1.0,5.13,5.29,5.81,8.46,5.37,0,0,2022
5842,2022,Dambovita,Colegiul Economic Mihai Eminescu,Rural,F,6.81,5.67,5.58,5.47,8.45,6.14,1,0,2022
5843,2022,Bucuresti,Colegiul Tehnic Mihai Viteazul,Urban,F,7.29,7.24,8.07,7.29,6.99,7.46,1,0,2022
5844,2022,Alba,Colegiul National Mircea cel Batran,Urban,F,10.0,7.67,6.53,10.0,8.06,7.97,1,0,2022
5845,2022,Timis,Liceul Tehnologic Mihai Viteazul,Rural,F,8.27,5.59,2.82,7.0,10.0,5.9,0,0,2022
5846,2022,Calarasi,Colegiul Tehnic Mihai Eminescu,Rural,F,9.52,7.72,4.09,3.55,4.76,5.74,0,0,2022
5847,2022,Hunedoara,Liceul Teoretic Ana Ipatescu,Rural,M,7.45,5.46,7.8,3.67,6.14,6.19,0,0,2022
5848,2022,Hunedoara,Scoala Nationala Ion Luca Caragiale,Rural,F,5.87,8.38,6.79,4.92,8.11,7.09,0,0,2022
5849,2022,Cluj,Liceul Tehnologic Ion Luca Caragiale,Urban,F,7.7,6.59,7.47,6.31,6.8,6.95,1,0,2022
5850,2022,Alba,Colegiul National Marin Preda,Urban,F,7.39,8.64,8.43,8.21,10.0,8.59,1,0,2022
5851,2022,Teleorman,Colegiul National Vasile Alecsandri,Urban,F,10.0,8.47,5.41,7.94,10.0,7.86,1,0,2022
5852,2022,Calarasi,Scoala Nationala Ion Luca Caragiale,Urban,F,8.65,7.54,7.54,8.99,9.35,8.14,1,0,2022
5853,2022,Iasi,Liceul Teoretic Ana Ipatescu,Urban,F,9.8,9.35,5.68,7.64,7.43,7.75,1,0,2022
5854,2022,Giurgiu,Liceul Pedagogic Vasile Alecsandri,Urban,F,7.63,5.3,6.03,9.53,9.38,7.0,1,0,2022
5855,2022,Alba,Liceul Pedagogic Spiru Haret,Urban,M,8.09,6.93,2.59,2.72,6.24,5.01,0,1,2022
5856,2022,Vaslui,Liceul Tehnologic Mihai Viteazul,Rural,M,8.73,7.22,5.51,5.56,7.54,6.66,1,0,2022
5857,2022,Maramures,Liceul Sportiv Alexandru Ioan Cuza,Urban,M,8.05,6.59,8.18,9.14,9.79,8.08,1,0,2022
5858,2022,Vrancea,Liceul de Arte Avram Iancu,Urban,M,9.21,6.24,3.5,7.09,8.95,6.25,0,0,2022
5859,2022,Maramures,Colegiul National Constantin Brancusi,Rural,F,7.78,7.0,8.44,8.92,6.95,7.79,1,0,2022
5860,2022,Harghita,Colegiul Tehnic Decebal,Rural,M,8.6,7.43,9.1,6.37,8.67,8.07,1,0,2022
5861,2022,Braila,Colegiul Tehnic Ana Ipatescu,Rural,M,8.15,10.0,7.85,8.49,5.35,8.25,1,0,2022
5862,2022,Vaslui,Colegiul Economic Marin Preda,Urban,F,6.8,8.46,2.12,6.86,10.0,6.38,0,0,2022
5863,2022,Hunedoara,Liceul de Arte Dimitrie Cantemir,Rural,M,3.33,7.38,3.68,7.47,8.55,6.05,0,0,2022
5864,2022,Teleorman,Colegiul Economic Elena Cuza,Urban,M,7.59,6.44,8.5,8.91,8.0,7.78,1,0,2022
5865,2022,Botosani,Colegiul Economic Onisifor Ghibu,Urban,M,8.18,5.4,8.86,10.0,8.38,7.85,1,0,2022
5866,2022,Arges,Colegiul Tehnic Alexandru Ioan Cuza,Urban,F,7.79,5.02,1.85,6.59,9.67,5.28,0,0,2022
5867,2022,Suceava,Colegiul Economic Mihai Eminescu,Rural,F,9.25,6.27,6.55,4.19,6.62,6.39,0,0,2022
5868,2022,Vrancea,Liceul Pedagogic Mihai Eminescu,Rural,M,10.0,6.95,9.05,5.94,8.39,7.95,1,0,2022
5869,2022,Harghita,Colegiul Economic Dimitrie Cantemir,Urban,M,8.35,9.04,8.46,9.1,6.16,8.37,1,0,2022
5870,2022,Prahova,Colegiul National Spiru Haret,Urban,F,8.07,7.47,6.13,7.44,8.22,7.24,1,0,2022
5871,2022,Hunedoara,Colegiul Economic Stefan cel Mare,Urban,F,10.0,10.0,5.77,7.85,10.0,8.41,1,0,2022
5872,2022,Arad,Scoala Nationala Nicolae Balcescu,Urban,M,9.55,6.34,7.11,4.84,10.0,7.22,0,0,2022
5873,2022,Buzau,Liceul Sportiv Mihai Eminescu,Urban,M,7.7,8.05,4.24,5.27,7.81,6.42,0,1,2022
5874,2022,Vaslui,Liceul Sportiv Marin Preda,Urban,F,10.0,6.83,8.01,8.82,9.95,8.27,1,0,2022
5875,2022,Mehedinti,Colegiul Economic Ion Barbu,Urban,F,9.14,9.43,7.12,9.46,8.38,8.56,1,0,2022
5876,2022,Prahova,Liceul Teoretic Ana Ipatescu,Urban,M,7.95,8.71,7.35,10.0,7.84,8.29,1,0,2022
5877,2022,Tulcea,Colegiul Economic Grigore Moisil,Urban,F,9.33,8.59,1.9,5.95,6.21,5.9,0,0,2022
5878,2022,Suceava,Colegiul National Octavian Goga,Urban,M,5.5,4.9,3.32,5.31,7.43,4.93,0,0,2022
5879,2022,Teleorman,Colegiul National Dimitrie Cantemir,Rural,F,4.92,3.97,4.43,2.45,3.32,3.88,0,0,2022
5880,2022,Valcea,Liceul Sportiv Decebal,Urban,M,6.95,7.57,7.09,9.72,6.32,7.5,1,0,2022
5881,2022,Covasna,Liceul Pedagogic Traian,Urban,M,6.68,8.56,5.36,8.34,10.0,7.6,1,0,2022
5882,2022,Iasi,Liceul Sportiv Traian,Rural,F,8.43,4.0,3.06,6.14,7.29,4.98,0,0,2022
5883,2022,Giurgiu,Colegiul Economic Ana Ipatescu,Rural,M,9.03,4.83,4.53,6.02,5.86,5.49,0,0,2022
5884,2022,Prahova,Liceul Tehnologic Vasile Alecsandri,Rural,M,9.49,9.09,9.79,8.23,9.58,9.28,1,0,2022
5885,2022,Sibiu,Colegiul Economic Octavian Goga,Rural,F,10.0,8.64,8.43,7.73,5.0,8.03,1,0,2022
5886,2022,Bucuresti,Liceul Pedagogic Alexandru Ioan Cuza,Rural,M,3.9,5.45,7.16,3.86,3.93,5.34,0,0,2022
5887,2022,Timis,Liceul Tehnologic Regina Maria,Urban,M,6.91,8.45,8.16,7.44,8.77,8.11,1,0,2022
5888,2022,Dolj,Scoala Nationala Ion Luca Caragiale,Urban,F,8.56,7.41,8.69,7.72,7.88,8.03,1,0,2022
5889,2022,Gorj,Liceul de Arte Mihai Viteazul,Rural,F,7.46,7.73,10.0,7.74,5.39,8.03,1,0,2022
5890,2022,Dolj,Liceul Pedagogic Ion Barbu,Rural,F,6.77,7.35,5.58,5.77,5.48,6.24,1,0,2022
5891,2022,Brasov,Liceul Tehnologic Gheorghe Sincai,Rural,M,9.54,7.21,7.19,8.43,6.27,7.48,1,0,2022
5892,2022,Valcea,Liceul Teoretic Mihai Viteazul,Urban,M,6.88,3.2,3.37,10.0,7.29,5.25,0,0,2022
5893,2022,Arges,Colegiul Economic Ioan Slavici,Urban,M,10.0,7.28,9.43,8.89,9.01,8.7,1,0,2022
5894,2022,Harghita,Liceul Pedagogic Elena Cuza,Rural,M,4.71,5.37,5.57,5.87,9.28,6.03,0,0,2022
5895,2022,Brasov,Colegiul Economic Ioan Slavici,Urban,F,8.73,7.42,5.0,8.38,6.97,6.9,1,0,2022
5896,2022,Vrancea,Colegiul Economic Lucian Blaga,Rural,F,7.06,7.98,5.22,6.31,3.61,6.15,0,0,2022
5897,2022,Ialomita,Scoala Nationala Emil Racovita,Rural,F,6.11,7.8,6.99,6.01,8.27,7.19,1,0,2022
5898,2022,Prahova,Liceul Sportiv Avram Iancu,Urban,F,9.82,7.79,6.96,6.71,8.14,7.63,1,0,2022
5899,2022,Mures,Colegiul National Vasile Alecsandri,Urban,F,9.35,9.27,7.74,8.74,8.66,8.65,1,0,2022
5900,2022,Galati,Colegiul Tehnic Traian,Urban,F,7.44,9.74,6.8,10.0,7.75,8.37,1,0,2022
5901,2022,Teleorman,Colegiul Tehnic Ion Barbu,Urban,M,7.56,9.78,6.69,8.88,10.0,8.53,1,0,2022
5902,2022,Valcea,Liceul Pedagogic Dimitrie Cantemir,Urban,F,8.71,7.77,7.04,5.16,10.0,7.59,1,0,2022
5903,2022,Mures,Liceul Teoretic Nicolae Balcescu,Urban,F,8.79,8.19,8.48,7.23,8.16,8.19,1,0,2022
5904,2022,Mehedinti,Scoala Nationala Regina Maria,Urban,F,9.17,8.07,9.57,10.0,8.25,8.95,1,0,2022
5905,2022,Salaj,Liceul Tehnologic Dimitrie Cantemir,Rural,F,9.42,9.01,7.28,8.95,6.28,8.11,1,0,2022
5906,2022,Dambovita,Colegiul National Spiru Haret,Rural,F,8.88,9.34,7.88,7.42,7.79,8.34,1,0,2022
5907,2022,Neamt,Colegiul National Unirea,Urban,F,8.93,7.05,7.88,7.83,4.55,7.23,0,0,2022
5908,2022,Arges,Liceul Teoretic Dimitrie Cantemir,Urban,M,6.9,9.53,7.17,6.96,4.56,7.43,0,1,2022
5909,2022,Vaslui,Colegiul Tehnic Nicolae Balcescu,Rural,F,8.08,10.0,5.55,5.0,7.93,7.41,1,0,2022
5910,2022,Satu Mare,Liceul Tehnologic Mircea cel Batran,Rural,M,9.6,5.5,4.63,1.5,2.79,4.64,0,0,2022
5911,2022,Harghita,Colegiul National Regina Maria,Rural,M,8.88,3.11,7.78,5.07,3.46,5.43,0,0,2022
5912,2022,Ialomita,Liceul Sportiv Bogdan Voda,Rural,M,6.18,4.73,3.82,2.1,5.42,4.31,0,0,2022
5913,2022,Constanta,Colegiul Economic Unirea,Urban,F,10.0,7.82,6.53,4.3,8.2,7.18,0,0,2022
5914,2022,Bacau,Liceul Teoretic Grigore Moisil,Rural,M,8.51,7.5,8.14,9.9,5.51,7.85,1,0,2022
5915,2022,Salaj,Liceul Tehnologic Marin Preda,Urban,M,7.41,6.46,6.72,8.68,6.71,7.0,1,0,2022
5916,2022,Arad,Colegiul Economic Regina Maria,Urban,F,8.2,9.36,6.54,6.07,6.96,7.54,1,0,2022
5917,2022,Dolj,Colegiul Economic Lucian Blaga,Urban,M,6.42,8.83,8.95,5.42,5.76,7.65,1,0,2022
5918,2022,Neamt,Liceul de Arte Stefan cel Mare,Rural,M,10.0,8.69,7.38,5.02,6.37,7.53,1,0,2022
5919,2022,Salaj,Colegiul Economic Mihai Eminescu,Rural,F,6.92,5.28,6.18,6.65,6.54,6.11,1,0,2022
5920,2022,Ilfov,Scoala Nationala Traian,Rural,M,8.07,4.94,5.01,6.08,6.37,5.66,0,0,2022
5921,2022,Valcea,Liceul Tehnologic Nicolae Balcescu,Rural,M,8.78,9.18,6.29,9.33,8.57,8.2,1,0,2022
5922,2022,Bihor,Scoala Nationala Spiru Haret,Rural,M,8.2,7.75,6.61,4.43,8.31,7.04,0,0,2022
5923,2022,Dambovita,Liceul Pedagogic Spiru Haret,Urban,M,8.82,5.0,5.18,10.0,6.38,6.39,1,0,2022
5924,2022,Dolj,Liceul Sportiv Constantin Brancusi,Rural,M,8.15,8.65,4.31,6.78,6.33,6.67,0,0,2022
5925,2022,Dambovita,Liceul Pedagogic Marin Preda,Urban,M,7.29,8.25,5.66,6.95,10.0,7.44,1,0,2022
5926,2022,Salaj,Colegiul National Octavian Goga,Rural,M,6.33,6.44,6.55,7.44,6.99,6.69,1,0,2022
5927,2022,Prahova,Liceul Pedagogic Regina Maria,Urban,M,9.25,7.29,6.71,9.14,8.91,7.83,1,0,2022
5928,2022,Buzau,Colegiul Tehnic Bogdan Voda,Rural,M,2.85,4.92,2.08,7.19,6.17,4.39,0,0,2022
5929,2022,Mures,Liceul Teoretic Mihai Eminescu,Urban,M,8.87,6.84,6.2,8.73,10.0,7.61,1,0,2022
5930,2022,Tulcea,Scoala Nationala Avram Iancu,Urban,F,9.7,6.49,9.47,9.23,6.48,8.11,1,0,2022
5931,2022,Dolj,Liceul Tehnologic Ion Luca Caragiale,Urban,M,6.23,10.0,7.44,7.58,8.66,8.29,1,0,2022
5932,2022,Iasi,Colegiul National Regina Maria,Urban,M,7.77,7.01,7.32,7.37,4.33,6.83,0,0,2022
5933,2022,Vaslui,Liceul Teoretic Marin Preda,Urban,F,8.88,8.29,9.06,8.61,10.0,8.88,1,0,2022
5934,2022,Galati,Colegiul Economic Marin Preda,Urban,M,6.84,8.5,3.3,8.81,7.1,6.61,0,0,2022
5935,2022,Dambovita,Liceul Sportiv Elena Cuza,Urban,M,8.91,10.0,7.88,6.64,5.61,8.09,1,0,2022
5936,2022,Arad,Colegiul Tehnic Unirea,Urban,M,7.63,7.9,8.18,7.38,10.0,8.19,1,0,2022
5937,2022,Gorj,Liceul Pedagogic Grigore Moisil,Urban,M,7.48,9.79,9.7,8.88,7.55,9.06,1,0,2022
5938,2022,Arad,Liceul Teoretic Ioan Slavici,Rural,F,8.7,9.11,8.64,8.24,10.0,8.93,1,0,2022
5939,2022,Bihor,Liceul Pedagogic Mircea cel Batran,Rural,M,9.9,7.5,9.54,6.82,8.09,8.34,1,0,2022
5940,2022,Sibiu,Scoala Nationala Ion Luca Caragiale,Urban,F,7.68,9.68,5.65,9.08,9.35,8.13,1,0,2022
5941,2022,Prahova,Liceul de Arte Grigore Moisil,Rural,F,7.73,9.41,5.0,6.51,7.16,7.15,1,0,2022
5942,2022,Arad,Colegiul Economic Regina Maria,Rural,M,8.75,10.0,6.31,7.14,7.29,7.93,1,0,2022
5943,2022,Covasna,Colegiul Tehnic Ioan Slavici,Urban,F,7.87,5.64,10.0,9.89,10.0,8.46,1,0,2022
5944,2022,Olt,Scoala Nationala Nicolae Balcescu,Urban,M,7.12,5.73,7.89,9.08,7.35,7.26,1,0,2022
5945,2022,Salaj,Colegiul Tehnic Constantin Brancusi,Urban,F,8.46,7.77,8.12,7.15,7.56,7.82,1,0,2022
5946,2022,Suceava,Colegiul Tehnic Decebal,Urban,M,8.62,5.42,5.98,8.18,8.92,6.85,1,0,2022
5947,2022,Neamt,Liceul Teoretic Emil Racovita,Rural,F,8.05,9.17,8.73,9.03,9.39,8.94,1,0,2022
5948,2022,Ilfov,Scoala Nationala Bogdan Voda,Urban,F,8.35,10.0,8.65,8.22,7.78,8.83,1,0,2022
5949,2022,Sibiu,Liceul Tehnologic Ion Luca Caragiale,Rural,F,8.15,9.56,9.21,10.0,7.49,9.07,1,0,2022
5950,2022,Buzau,Liceul de Arte Vasile Alecsandri,Rural,F,8.58,8.19,6.89,6.52,7.88,7.54,1,0,2022
5951,2022,Tulcea,Scoala Nationala Ion Barbu,Urban,F,5.77,7.29,5.86,6.52,8.88,6.83,1,0,2022
5952,2022,Botosani,Colegiul Tehnic George Cosbuc,Urban,F,6.22,3.67,5.73,5.94,7.22,5.42,0,0,2022
5953,2022,Dambovita,Liceul Sportiv Lucian Blaga,Urban,M,6.32,7.76,4.16,5.53,8.11,6.25,0,0,2022
5954,2022,Vrancea,Colegiul Economic Marin Preda,Rural,M,3.07,4.03,3.51,5.79,4.11,4.05,0,0,2022
5955,2022,Arad,Liceul Pedagogic Bogdan Voda,Rural,F,7.54,6.21,7.47,7.45,8.89,7.31,1,0,2022
5956,2022,Tulcea,Liceul Sportiv Nicolae Balcescu,Urban,M,4.8,7.93,5.11,7.26,6.84,6.51,0,0,2022
5957,2022,Bucuresti,Colegiul National Grigore Moisil,Urban,F,9.49,5.0,9.59,8.4,7.27,7.68,1,0,2022
5958,2022,Mures,Colegiul Tehnic Ana Ipatescu,Urban,M,8.41,4.37,6.29,9.06,9.61,6.84,0,1,2022
5959,2022,Valcea,Liceul Tehnologic Elena Cuza,Urban,M,5.84,6.37,5.48,6.14,8.63,6.35,1,0,2022
5960,2022,Gorj,Liceul Tehnologic Tudor Vladimirescu,Rural,M,10.0,4.17,6.53,7.06,7.03,6.32,0,0,2022
5961,2022,Satu Mare,Liceul de Arte Avram Iancu,Urban,F,9.47,7.67,6.11,5.0,5.08,6.59,1,0,2022
5962,2022,Covasna,Liceul Sportiv Lucian Blaga,Urban,F,5.5,5.68,8.28,8.11,6.7,6.96,1,0,2022
5963,2022,Constanta,Liceul Pedagogic Mircea cel Batran,Rural,F,6.67,2.86,3.89,7.56,5.05,4.58,0,0,2022
5964,2022,Brasov,Liceul de Arte Bogdan Voda,Urban,M,9.87,9.17,6.83,7.62,10.0,8.43,1,0,2022
5965,2022,Maramures,Liceul Pedagogic Mihai Eminescu,Urban,F,6.1,6.28,3.18,8.43,6.76,5.73,0,0,2022
5966,2022,Buzau,Liceul de Arte Constantin Brancusi,Rural,F,8.34,3.85,8.73,2.74,3.25,5.51,0,0,2022
5967,2022,Suceava,Liceul Teoretic Ana Ipatescu,Urban,M,7.04,8.36,5.65,8.15,9.79,7.6,1,0,2022
5968,2022,Iasi,Colegiul Tehnic George Cosbuc,Urban,M,8.16,5.54,7.19,8.84,8.61,7.25,1,0,2022
5969,2022,Neamt,Liceul Teoretic Gheorghe Sincai,Urban,M,8.23,8.92,7.17,6.37,7.47,7.73,1,0,2022
5970,2022,Ilfov,Colegiul Economic Emil Racovita,Urban,M,9.96,6.83,8.31,7.34,8.41,7.9,1,0,2022
5971,2022,Prahova,Liceul de Arte Nicolae Balcescu,Rural,M,3.35,5.34,3.81,2.16,6.61,4.4,0,0,2022
5972,2022,Bistrita-Nasaud,Liceul de Arte Constantin Brancusi,Urban,F,8.19,10.0,6.42,8.92,8.98,8.43,1,0,2022
5973,2022,Harghita,Colegiul Economic Marin Preda,Urban,F,10.0,5.86,9.09,6.29,8.05,7.64,1,0,2022
5974,2022,Braila,Liceul Teoretic Onisifor Ghibu,Urban,F,8.5,8.57,10.0,10.0,5.16,8.7,1,0,2022
5975,2022,Alba,Liceul Tehnologic Alexandru Ioan Cuza,Urban,F,8.53,7.15,5.42,4.54,5.92,6.19,0,1,2022
5976,2022,Harghita,Liceul Teoretic Octavian Goga,Rural,F,7.93,6.32,8.22,8.64,8.57,7.74,1,0,2022
5977,2022,Mures,Liceul de Arte Alexandru Ioan Cuza,Rural,M,6.24,6.99,3.48,4.11,8.76,5.7,0,0,2022
5978,2022,Dambovita,Liceul Pedagogic Avram Iancu,Rural,M,5.2,3.81,5.83,4.9,6.03,5.05,0,0,2022
5979,2022,Suceava,Colegiul Tehnic Nicolae Balcescu,Urban,M,6.21,7.89,6.38,8.92,5.59,7.08,1,0,2022
5980,2022,Maramures,Colegiul National Dimitrie Cantemir,Urban,M,9.41,7.21,6.11,9.13,6.96,7.35,1,0,2022
5981,2022,Mehedinti,Liceul Sportiv Nicolae Balcescu,Rural,F,9.59,10.0,7.81,7.92,7.19,8.57,1,0,2022
5982,2022,Bacau,Liceul Sportiv Constantin Brancusi,Urban,F,8.09,7.5,10.0,6.09,5.46,7.79,1,0,2022
5983,2022,Constanta,Liceul Sportiv Nicolae Balcescu,Urban,M,7.2,8.63,8.14,7.46,9.09,8.23,1,0,2022
5984,2022,Vrancea,Colegiul Economic Ion Barbu,Urban,F,9.16,5.27,7.2,5.84,6.32,6.48,1,0,2022
5985,2022,Buzau,Colegiul National Ion Luca Caragiale,Urban,M,6.94,5.46,5.62,8.29,5.65,6.11,1,0,2022
5986,2022,Suceava,Scoala Nationala Ion Luca Caragiale,Urban,F,5.54,3.3,4.61,10.0,6.26,5.37,0,0,2022
5987,2022,Prahova,Colegiul Economic Traian,Urban,F,8.56,8.41,8.23,7.7,7.24,8.09,1,0,2022
5988,2022,Cluj,Colegiul Tehnic Mihai Eminescu,Urban,F,8.41,7.71,5.0,9.82,6.53,7.11,1,0,2022
5989,2022,Arges,Liceul Pedagogic Mihai Viteazul,Urban,F,7.9,7.63,6.14,7.52,8.19,7.28,1,0,2022
5990,2022,Iasi,Colegiul Tehnic Tudor Vladimirescu,Urban,M,8.46,9.76,8.39,7.64,8.15,8.66,1,0,2022
5991,2022,Buzau,Colegiul Economic Constantin Brancusi,Rural,F,8.82,7.1,5.25,5.7,7.71,6.6,1,0,2022
5992,2022,Bihor,Liceul Tehnologic Octavian Goga,Urban,M,10.0,7.68,10.0,8.53,5.55,8.42,1,0,2022
5993,2022,Valcea,Liceul Teoretic Mircea cel Batran,Rural,M,7.92,7.18,6.98,8.05,9.13,7.62,1,0,2022
5994,2022,Bistrita-Nasaud,Liceul Tehnologic Bogdan Voda,Urban,F,4.4,5.74,10.0,6.02,6.3,7.01,0,0,2022
5995,2022,Ilfov,Scoala Nationala George Cosbuc,Rural,F,10.0,7.2,4.19,3.39,3.52,5.45,0,0,2022
5996,2022,Bihor,Colegiul Tehnic Tudor Vladimirescu,Urban,F,8.56,6.08,8.86,6.52,8.88,7.65,1,0,2022
5997,2022,Arad,Liceul Pedagogic Dimitrie Cantemir,Urban,M,10.0,6.59,10.0,9.38,9.19,8.76,1,0,2022
5998,2022,Gorj,Scoala Nationala George Cosbuc,Urban,F,8.4,7.34,5.0,8.92,8.64,7.18,1,0,2022
5999,2022,Valcea,Liceul Sportiv Traian,Rural,M,2.76,2.18,7.25,5.1,7.43,4.98,0,0,2022
6000,2022,Vrancea,Scoala Nationala Decebal,Rural,F,10.0,7.4,8.01,6.18,9.81,8.02,1,0,2022
6001,2022,Vrancea,Colegiul National Mircea cel Batran,Urban,M,7.01,8.45,8.42,8.27,8.95,8.34,1,0,2022
6002,2022,Suceava,Liceul Teoretic Dimitrie Cantemir,Urban,M,10.0,7.75,6.43,7.77,9.29,7.81,1,0,2022
6003,2022,Maramures,Liceul Tehnologic Ion Barbu,Urban,F,10.0,7.66,6.31,9.18,5.0,7.32,1,0,2022
6004,2022,Calarasi,Colegiul National Traian,Rural,F,5.71,8.27,1.11,6.34,5.77,5.2,0,0,2022
6005,2022,Suceava,Colegiul National Gheorghe Sincai,Rural,F,3.91,9.78,3.33,7.54,5.46,6.27,0,0,2022
6006,2022,Vaslui,Liceul Pedagogic Mihai Eminescu,Rural,F,6.58,8.71,6.51,7.31,5.67,7.17,1,0,2022
6007,2022,Bacau,Scoala Nationala Grigore Moisil,Urban,F,9.8,8.76,8.16,7.67,6.92,8.24,1,0,2022
6008,2022,Olt,Liceul Tehnologic Bogdan Voda,Urban,M,7.95,8.61,10.0,7.36,10.0,8.98,1,0,2022
6009,2022,Harghita,Liceul Teoretic Decebal,Rural,F,7.59,9.75,7.92,8.14,10.0,8.78,1,0,2022
6010,2022,Iasi,Liceul de Arte George Cosbuc,Rural,M,2.91,7.59,8.5,3.54,4.96,6.39,0,0,2022
6011,2022,Braila,Liceul Pedagogic Regina Maria,Rural,M,5.93,4.9,4.78,8.12,9.38,6.12,0,0,2022
6012,2022,Olt,Colegiul National Traian,Rural,F,8.69,10.0,10.0,8.92,9.44,9.62,1,0,2022
6013,2022,Harghita,Colegiul Tehnic Decebal,Rural,F,8.03,5.61,4.52,2.98,7.12,5.36,0,0,2022
6014,2022,Ilfov,Liceul Tehnologic George Cosbuc,Urban,M,8.01,9.31,7.19,7.98,7.36,8.05,1,0,2022
6015,2022,Bucuresti,Liceul de Arte Mihai Viteazul,Urban,F,8.43,8.46,8.16,9.35,7.33,8.33,1,0,2022
6016,2022,Giurgiu,Liceul Teoretic Stefan cel Mare,Rural,M,6.13,4.99,6.08,6.14,6.75,5.87,0,0,2022
6017,2022,Ilfov,Colegiul Tehnic Mihai Viteazul,Rural,M,9.26,8.01,6.66,6.83,6.7,7.36,1,0,2022
6018,2022,Sibiu,Liceul Sportiv Lucian Blaga,Rural,M,9.19,4.19,4.0,8.53,5.71,5.51,0,0,2022
6019,2022,Buzau,Colegiul Tehnic Gheorghe Sincai,Rural,M,10.0,2.23,8.14,3.41,8.52,5.9,0,0,2022
6020,2022,Tulcea,Colegiul Economic Lucian Blaga,Urban,M,3.73,6.35,6.67,5.32,3.9,5.66,0,0,2022
6021,2022,Salaj,Colegiul Economic Elena Cuza,Urban,F,7.19,5.39,2.67,2.65,7.94,4.73,0,1,2022
6022,2022,Hunedoara,Scoala Nationala Avram Iancu,Rural,F,6.69,5.19,6.07,2.84,6.94,5.51,0,0,2022
6023,2022,Teleorman,Liceul de Arte Ion Luca Caragiale,Urban,F,10.0,6.41,6.2,7.37,8.39,7.15,1,0,2022
6024,2022,Cluj,Colegiul National Onisifor Ghibu,Urban,M,9.2,8.86,6.57,7.3,5.51,7.47,1,0,2022
6025,2022,Calarasi,Liceul Sportiv Spiru Haret,Rural,F,9.86,9.37,6.47,8.1,8.86,8.28,1,0,2022
6026,2022,Arad,Liceul Tehnologic Dimitrie Cantemir,Urban,F,8.81,10.0,6.72,5.0,9.11,8.01,1,0,2022
6027,2022,Constanta,Liceul Sportiv Marin Preda,Rural,M,7.83,5.52,3.13,5.25,6.2,5.1,0,0,2022
6028,2022,Constanta,Colegiul National Onisifor Ghibu,Rural,M,10.0,8.85,8.13,7.81,7.09,8.33,1,0,2022
6029,2022,Harghita,Liceul Sportiv Mihai Viteazul,Rural,M,7.01,5.79,7.43,4.79,8.71,6.69,0,0,2022
6030,2022,Teleorman,Liceul Sportiv George Cosbuc,Urban,M,8.95,7.51,8.48,7.78,8.81,8.18,1,0,2022
6031,2022,Olt,Scoala Nationala Mihai Eminescu,Rural,M,6.31,8.21,7.31,2.23,6.8,6.64,0,0,2022
6032,2022,Ialomita,Scoala Nationala Spiru Haret,Urban,F,8.92,7.97,7.57,10.0,6.92,8.09,1,0,2022
6033,2022,Buzau,Colegiul Economic Emil Racovita,Rural,M,7.59,4.52,4.2,5.87,8.1,5.47,0,0,2022
6034,2022,Ilfov,Colegiul Economic Gheorghe Sincai,Rural,M,5.9,8.87,3.2,7.72,7.5,6.49,0,0,2022
6035,2022,Calarasi,Liceul Tehnologic Ioan Slavici,Rural,M,7.81,8.37,8.04,7.98,8.2,8.13,1,0,2022
6036,2022,Covasna,Liceul Pedagogic Emil Racovita,Rural,M,6.78,7.21,9.59,3.94,2.72,6.72,0,0,2022
6037,2022,Maramures,Scoala Nationala Bogdan Voda,Urban,F,8.49,5.47,3.3,8.11,5.19,5.48,0,0,2022
6038,2022,Neamt,Liceul Pedagogic Lucian Blaga,Urban,M,9.75,7.28,5.77,9.11,7.39,7.36,1,0,2022
6039,2022,Maramures,Liceul Tehnologic Decebal,Rural,F,6.82,6.22,10.0,8.57,6.56,7.82,1,0,2022
6040,2022,Maramures,Colegiul Economic Mihai Eminescu,Urban,M,9.25,5.47,10.0,8.46,7.39,7.94,1,0,2022
6041,2022,Cluj,Liceul Teoretic Onisifor Ghibu,Urban,F,9.03,7.23,5.0,6.56,9.4,6.97,1,0,2022
6042,2022,Mures,Liceul de Arte Mircea cel Batran,Rural,M,7.55,7.17,9.32,6.79,6.86,7.75,1,0,2022
6043,2022,Cluj,Liceul Pedagogic George Cosbuc,Urban,F,10.0,10.0,5.86,9.16,7.64,8.28,1,0,2022
6044,2022,Hunedoara,Colegiul National Bogdan Voda,Urban,F,8.98,7.5,7.49,9.45,3.85,7.39,0,0,2022
6045,2022,Sibiu,Colegiul National Ion Luca Caragiale,Rural,F,7.68,5.1,5.43,8.17,8.48,6.42,1,0,2022
6046,2022,Alba,Colegiul Tehnic Elena Cuza,Urban,F,8.17,9.39,7.41,10.0,6.08,8.27,1,0,2022
6047,2022,Dolj,Liceul de Arte Traian,Rural,F,7.97,8.25,1.84,9.13,10.0,6.69,0,1,2022
6048,2022,Covasna,Colegiul Tehnic Avram Iancu,Rural,F,9.34,8.23,9.27,8.52,9.81,8.93,1,0,2022
6049,2022,Salaj,Scoala Nationala Emil Racovita,Rural,M,6.26,5.89,5.46,6.32,5.72,5.84,1,0,2022
6050,2022,Bihor,Colegiul National Emil Racovita,Rural,F,7.95,9.41,8.74,9.12,7.59,8.75,1,0,2022
6051,2022,Sibiu,Liceul Sportiv Unirea,Rural,M,7.76,5.05,7.46,5.23,7.76,6.48,0,1,2022
6052,2022,Maramures,Scoala Nationala Vasile Alecsandri,Urban,M,7.66,9.6,8.3,8.52,7.51,8.54,1,0,2022
6053,2022,Arges,Liceul Pedagogic Constantin Brancusi,Urban,F,7.32,7.64,5.0,7.95,6.42,6.68,1,0,2022
6054,2022,Bistrita-Nasaud,Liceul Teoretic Avram Iancu,Rural,M,7.09,5.3,7.74,7.54,7.0,6.8,1,0,2022
6055,2022,Olt,Colegiul Tehnic Vasile Alecsandri,Urban,F,8.89,10.0,5.87,6.97,6.52,7.67,1,0,2022
6056,2022,Salaj,Liceul Pedagogic Avram Iancu,Urban,F,7.43,3.82,7.89,9.22,3.57,6.17,0,0,2022
6057,2022,Salaj,Liceul Teoretic Traian,Rural,F,9.91,9.64,6.54,8.26,6.13,8.0,1,0,2022
6058,2022,Calarasi,Liceul Teoretic Tudor Vladimirescu,Urban,F,9.39,6.81,6.87,7.94,7.66,7.38,1,0,2022
6059,2022,Prahova,Liceul Teoretic Mihai Eminescu,Urban,F,9.31,7.32,7.08,7.37,8.41,7.62,1,0,2022
6060,2022,Dambovita,Liceul Teoretic Constantin Brancusi,Urban,F,7.46,10.0,9.65,8.6,7.1,9.0,1,0,2022
6061,2022,Cluj,Liceul Tehnologic Ioan Slavici,Rural,F,7.67,9.35,8.95,7.79,7.92,8.61,1,0,2022
6062,2022,Arad,Liceul Tehnologic Mihai Eminescu,Urban,M,5.66,4.34,4.7,7.61,7.21,5.5,0,0,2022
6063,2022,Timis,Colegiul National George Cosbuc,Rural,F,6.91,7.7,3.72,6.18,6.17,5.97,0,0,2022
6064,2022,Maramures,Colegiul Economic Nicolae Balcescu,Rural,F,5.77,10.0,1.0,8.86,8.0,6.41,0,0,2022
6065,2022,Salaj,Colegiul National Elena Cuza,Urban,M,8.73,7.17,9.0,6.44,7.71,7.85,1,0,2022
6066,2022,Alba,Liceul de Arte Alexandru Ioan Cuza,Urban,M,9.7,10.0,7.44,8.65,7.5,8.62,1,0,2022
6067,2022,Covasna,Liceul Tehnologic Dimitrie Cantemir,Urban,F,10.0,7.98,8.37,9.81,6.45,8.34,1,0,2022
6068,2022,Bihor,Colegiul Economic Vasile Alecsandri,Urban,M,8.46,8.15,7.39,6.77,5.99,7.42,1,0,2022
6069,2022,Arges,Liceul de Arte Vasile Alecsandri,Rural,F,8.92,6.18,7.69,9.48,5.83,7.35,1,0,2022
6070,2022,Braila,Liceul Tehnologic Octavian Goga,Urban,F,6.98,8.78,8.79,6.1,4.08,7.5,0,0,2022
6071,2022,Bistrita-Nasaud,Colegiul Economic Dimitrie Cantemir,Rural,F,9.11,7.57,7.58,8.6,8.66,8.04,1,0,2022
6072,2022,Dolj,Scoala Nationala Marin Preda,Urban,F,8.44,7.8,7.67,7.82,5.88,7.54,1,0,2022
6073,2022,Constanta,Scoala Nationala Mihai Eminescu,Urban,F,6.35,5.0,6.73,7.59,8.09,6.51,1,0,2022
6074,2022,Arad,Colegiul Economic Mihai Viteazul,Rural,F,8.4,8.36,5.85,8.16,9.25,7.71,1,0,2022
6075,2022,Bistrita-Nasaud,Liceul Teoretic Gheorghe Sincai,Rural,F,9.25,8.0,5.2,5.92,5.64,6.62,1,0,2022
6076,2022,Alba,Liceul Pedagogic Onisifor Ghibu,Rural,M,5.95,8.71,5.36,10.0,6.32,7.26,1,0,2022
6077,2022,Ilfov,Liceul Pedagogic Tudor Vladimirescu,Urban,M,6.79,1.0,2.69,7.52,4.82,3.64,0,0,2022
6078,2022,Bacau,Colegiul National Ioan Slavici,Urban,F,7.61,8.5,7.62,7.36,8.43,7.97,1,0,2022
6079,2022,Alba,Scoala Nationala Traian,Urban,M,1.47,6.46,7.31,5.18,8.48,6.33,0,0,2022
6080,2022,Valcea,Liceul Sportiv Lucian Blaga,Urban,F,8.52,9.52,6.44,6.42,8.43,7.87,1,0,2022
6081,2022,Vaslui,Liceul Sportiv Mircea cel Batran,Rural,F,8.52,8.54,6.17,8.3,10.0,8.01,1,0,2022
6082,2022,Arad,Liceul Tehnologic Bogdan Voda,Urban,F,9.88,6.28,9.44,9.12,8.81,8.39,1,0,2022
6083,2022,Bucuresti,Colegiul Tehnic Spiru Haret,Rural,M,5.66,3.92,6.1,7.84,4.24,5.38,0,0,2022
6084,2022,Neamt,Liceul Sportiv Emil Racovita,Urban,M,4.8,4.38,8.43,6.23,6.7,6.26,0,0,2022
6085,2022,Galati,Liceul Teoretic Ana Ipatescu,Rural,M,8.33,7.35,7.86,7.28,9.3,7.88,1,0,2022
6086,2022,Dambovita,Liceul Sportiv Tudor Vladimirescu,Urban,M,7.9,8.48,3.93,10.0,6.3,6.96,0,0,2022
6087,2022,Buzau,Liceul Teoretic Bogdan Voda,Rural,M,6.77,6.56,4.42,6.89,7.56,6.14,0,0,2022
6088,2022,Gorj,Liceul de Arte Marin Preda,Urban,F,9.6,8.04,6.65,10.0,8.9,8.2,1,0,2022
6089,2022,Timis,Colegiul National Dimitrie Cantemir,Rural,F,9.9,7.0,4.23,8.26,4.69,6.3,0,0,2022
6090,2022,Satu Mare,Liceul Pedagogic Ioan Slavici,Urban,F,8.15,8.23,5.97,5.66,6.18,6.85,1,0,2022
6091,2022,Vaslui,Colegiul National Unirea,Urban,F,8.2,7.6,5.81,7.02,8.06,7.1,1,0,2022
6092,2022,Calarasi,Liceul Pedagogic Elena Cuza,Urban,F,8.43,7.2,6.38,6.12,10.0,7.34,1,0,2022
6093,2022,Harghita,Colegiul National Constantin Brancusi,Urban,F,10.0,7.74,6.57,7.56,9.49,7.85,1,0,2022
6094,2022,Salaj,Liceul de Arte Avram Iancu,Urban,F,9.95,6.88,7.98,8.44,9.73,8.18,1,0,2022
6095,2022,Constanta,Liceul Teoretic Constantin Brancusi,Rural,F,9.65,9.35,8.19,6.26,8.34,8.42,1,0,2022
6096,2022,Cluj,Liceul Teoretic Mihai Viteazul,Urban,M,9.45,7.39,6.95,6.85,5.89,7.16,1,0,2022
6097,2022,Arges,Colegiul National Marin Preda,Urban,F,8.06,3.21,1.54,9.53,5.18,4.44,0,0,2022
6098,2022,Timis,Colegiul Economic Decebal,Urban,F,8.89,7.19,5.97,8.24,9.39,7.48,1,0,2022
6099,2022,Botosani,Scoala Nationala Avram Iancu,Urban,M,10.0,6.73,9.4,8.9,7.48,8.3,1,0,2022
6100,2022,Iasi,Colegiul Economic Octavian Goga,Urban,F,7.12,10.0,8.85,7.81,6.65,8.54,1,0,2022
6101,2022,Mures,Liceul Sportiv Traian,Rural,M,8.11,9.06,4.68,6.09,6.59,6.84,0,0,2022
6102,2022,Ialomita,Colegiul National Spiru Haret,Rural,M,8.16,3.33,1.17,8.88,4.42,4.16,0,0,2022
6103,2022,Harghita,Liceul Tehnologic Marin Preda,Urban,M,10.0,6.61,5.81,7.83,7.68,7.05,1,0,2022
6104,2022,Alba,Colegiul Economic Vasile Alecsandri,Rural,M,7.57,6.98,5.78,10.0,6.26,7.02,1,0,2022
6105,2022,Suceava,Liceul Pedagogic Alexandru Ioan Cuza,Urban,F,7.51,7.81,8.55,7.95,6.14,7.77,1,0,2022
6106,2022,Buzau,Liceul Tehnologic Regina Maria,Urban,F,9.76,6.01,6.08,10.0,7.12,7.17,0,1,2022
6107,2022,Mures,Liceul Teoretic Grigore Moisil,Urban,M,7.25,6.69,4.65,7.97,5.34,6.12,0,0,2022
6108,2022,Suceava,Colegiul Tehnic Emil Racovita,Urban,F,8.69,8.16,6.69,10.0,6.23,7.76,1,0,2022
6109,2022,Arges,Colegiul Economic Mihai Viteazul,Rural,F,7.57,6.15,5.96,6.64,2.79,5.8,0,1,2022
6110,2022,Dambovita,Liceul Pedagogic Mihai Eminescu,Rural,F,7.24,9.53,10.0,9.48,9.23,9.39,1,0,2022
6111,2022,Neamt,Liceul Tehnologic Elena Cuza,Rural,F,4.9,5.98,1.42,4.55,5.05,4.15,0,0,2022
6112,2022,Arad,Liceul Sportiv Nicolae Balcescu,Urban,M,8.89,6.4,6.25,10.0,7.96,7.38,1,0,2022
6113,2022,Salaj,Liceul Pedagogic Mihai Eminescu,Urban,M,10.0,4.83,6.11,7.81,6.79,6.47,0,0,2022
6114,2022,Brasov,Colegiul Economic Mihai Viteazul,Rural,F,8.69,6.23,9.74,7.86,7.28,7.93,1,0,2022
6115,2022,Harghita,Liceul de Arte Spiru Haret,Urban,M,5.61,6.75,6.24,9.29,7.36,6.96,1,0,2022
6116,2022,Neamt,Liceul Tehnologic Unirea,Rural,M,9.73,10.0,9.25,8.22,7.71,9.14,1,0,2022
6117,2022,Mures,Liceul Pedagogic Alexandru Ioan Cuza,Urban,M,10.0,8.38,5.82,7.83,8.54,7.72,1,0,2022
6118,2022,Arges,Colegiul National Lucian Blaga,Urban,M,9.35,8.43,6.55,9.13,8.65,8.1,1,0,2022
6119,2022,Hunedoara,Liceul Pedagogic George Cosbuc,Rural,M,8.52,5.34,7.17,8.79,5.37,6.73,1,0,2022
6120,2022,Arad,Colegiul Tehnic Ioan Slavici,Rural,F,7.31,9.53,6.47,6.33,9.32,7.88,1,0,2022
6121,2022,Olt,Colegiul Economic Nicolae Balcescu,Urban,M,6.94,3.95,4.56,9.13,7.94,5.81,0,0,2022
6122,2022,Bucuresti,Liceul Tehnologic Bogdan Voda,Urban,F,7.7,8.91,6.55,6.82,8.5,7.71,1,0,2022
6123,2022,Dolj,Colegiul Tehnic Constantin Brancusi,Urban,F,7.56,5.83,7.22,7.61,6.87,6.84,1,0,2022
6124,2022,Arges,Liceul Pedagogic Stefan cel Mare,Urban,M,8.21,7.78,5.57,10.0,9.28,7.72,1,0,2022
6125,2022,Constanta,Colegiul Economic Spiru Haret,Urban,M,8.75,7.17,7.83,8.0,8.05,7.78,1,0,2022
6126,2022,Mures,Liceul Sportiv Tudor Vladimirescu,Urban,F,9.07,5.7,6.25,1.95,7.29,5.88,0,0,2022
6127,2022,Covasna,Colegiul Tehnic Spiru Haret,Urban,M,8.17,10.0,7.97,7.83,9.65,8.83,1,0,2022
6128,2022,Brasov,Colegiul Economic Grigore Moisil,Urban,M,9.26,9.74,9.5,8.04,7.57,9.04,1,0,2022
6129,2022,Constanta,Scoala Nationala Lucian Blaga,Urban,F,9.45,9.24,6.45,7.81,8.81,8.14,1,0,2022
6130,2022,Mehedinti,Colegiul National Traian,Urban,F,7.27,5.29,5.0,7.5,5.72,5.8,1,0,2022
6131,2022,Valcea,Liceul Pedagogic Traian,Urban,M,8.26,4.56,5.69,7.89,7.24,6.17,0,1,2022
6132,2022,Botosani,Scoala Nationala Nicolae Balcescu,Urban,M,6.57,8.32,6.75,3.65,7.82,6.9,0,1,2022
6133,2022,Galati,Liceul Tehnologic Octavian Goga,Rural,F,8.46,7.43,8.21,8.27,6.81,7.8,1,0,2022
6134,2022,Mehedinti,Liceul Tehnologic Dimitrie Cantemir,Rural,F,8.16,8.78,5.0,8.34,10.0,7.7,1,0,2022
6135,2022,Covasna,Scoala Nationala Constantin Brancusi,Urban,F,8.06,8.1,5.77,8.6,8.92,7.6,1,0,2022
6136,2022,Neamt,Liceul Teoretic Ion Luca Caragiale,Rural,F,7.75,7.31,8.3,7.19,7.55,7.67,1,0,2022
6137,2022,Olt,Colegiul Tehnic Ion Luca Caragiale,Rural,M,5.74,6.27,1.48,5.95,1.0,3.94,0,0,2022
6138,2022,Alba,Scoala Nationala Emil Racovita,Rural,F,3.83,6.54,5.59,5.83,5.15,5.67,0,0,2022
6139,2022,Bistrita-Nasaud,Liceul Tehnologic Spiru Haret,Urban,F,7.64,8.72,7.71,8.85,7.29,8.11,1,0,2022
6140,2022,Timis,Colegiul Tehnic Ana Ipatescu,Rural,F,9.67,10.0,5.24,7.01,9.24,7.98,1,0,2022
6141,2022,Satu Mare,Liceul Sportiv Emil Racovita,Rural,M,7.82,7.56,8.87,8.31,8.65,8.25,1,0,2022
6142,2022,Timis,Liceul Tehnologic Marin Preda,Urban,F,7.42,8.44,6.84,7.93,8.42,7.78,1,0,2022
6143,2022,Teleorman,Colegiul Economic Mihai Viteazul,Urban,M,7.7,7.36,8.58,8.21,8.24,8.02,1,0,2022
6144,2022,Bacau,Liceul Sportiv Onisifor Ghibu,Rural,F,8.0,5.0,7.09,6.73,6.25,6.37,1,0,2022
6145,2022,Mehedinti,Colegiul National Mihai Viteazul,Urban,F,7.22,7.68,5.35,6.62,10.0,7.12,1,0,2022
6146,2022,Galati,Colegiul National Alexandru Ioan Cuza,Urban,F,8.85,9.0,5.68,7.36,6.72,7.4,1,0,2022
6147,2022,Mures,Colegiul Tehnic Constantin Brancusi,Urban,F,8.67,7.84,6.18,8.92,7.93,7.6,1,0,2022
6148,2022,Dambovita,Colegiul Tehnic Onisifor Ghibu,Rural,M,8.92,8.59,7.61,7.98,6.82,7.97,1,0,2022
6149,2022,Buzau,Scoala Nationala Vasile Alecsandri,Rural,M,7.21,8.16,5.85,8.23,8.61,7.45,1,0,2022
6150,2022,Tulcea,Colegiul Economic Unirea,Urban,M,9.38,9.55,7.82,9.27,6.99,8.59,1,0,2022
6151,2022,Buzau,Liceul Sportiv Avram Iancu,Urban,M,9.1,8.3,9.23,7.24,5.43,8.07,1,0,2022
6152,2022,Sibiu,Colegiul Economic Emil Racovita,Urban,M,8.72,10.0,7.33,5.91,8.6,8.25,1,0,2022
6153,2022,Calarasi,Liceul Sportiv Traian,Urban,F,7.53,7.24,6.25,7.92,6.87,7.02,1,0,2022
6154,2022,Tulcea,Liceul Pedagogic Elena Cuza,Urban,F,8.32,7.05,7.24,4.43,4.78,6.5,0,0,2022
6155,2022,Timis,Liceul Teoretic Ana Ipatescu,Rural,F,4.1,6.69,4.84,6.23,1.69,5.06,0,0,2022
6156,2022,Constanta,Liceul Pedagogic Ion Luca Caragiale,Rural,F,8.71,6.17,7.38,8.57,8.94,7.56,1,0,2022
6157,2022,Cluj,Scoala Nationala Dimitrie Cantemir,Urban,F,9.45,7.34,6.21,9.52,6.33,7.39,1,0,2022
6158,2022,Satu Mare,Liceul Sportiv Constantin Brancusi,Rural,M,7.09,10.0,6.19,2.67,9.41,7.38,0,0,2022
6159,2022,Constanta,Liceul Teoretic Elena Cuza,Rural,M,9.05,6.16,10.0,9.24,7.89,8.32,1,0,2022
6160,2022,Timis,Liceul Sportiv Octavian Goga,Urban,M,7.66,8.55,9.86,9.85,8.37,9.02,1,0,2022
6161,2022,Mures,Colegiul Economic Tudor Vladimirescu,Urban,F,7.11,2.64,10.0,7.66,9.62,7.1,0,0,2022
6162,2022,Satu Mare,Liceul Teoretic Ana Ipatescu,Rural,M,7.86,1.71,4.42,8.01,4.61,4.52,0,0,2022
6163,2022,Ialomita,Scoala Nationala Marin Preda,Urban,F,8.56,6.85,8.14,6.05,6.83,7.28,1,0,2022
6164,2022,Vrancea,Liceul Teoretic Traian,Urban,F,7.67,6.63,7.45,5.35,7.92,6.98,1,0,2022
6165,2022,Sibiu,Scoala Nationala Ana Ipatescu,Rural,F,8.92,9.33,10.0,8.34,7.6,9.08,1,0,2022
6166,2022,Calarasi,Colegiul National Octavian Goga,Urban,M,7.62,9.49,5.0,7.46,7.79,7.4,1,0,2022
6167,2022,Giurgiu,Colegiul Economic Mihai Viteazul,Urban,F,8.86,10.0,7.54,7.7,7.79,8.47,1,0,2022
6168,2022,Buzau,Liceul de Arte Emil Racovita,Urban,F,7.12,9.72,1.0,7.3,6.96,6.07,0,0,2022
6169,2022,Bihor,Colegiul Tehnic Constantin Brancusi,Rural,M,7.9,4.9,8.93,6.69,6.27,6.88,0,0,2022
6170,2022,Vaslui,Colegiul National Octavian Goga,Urban,F,9.75,8.24,8.32,7.45,8.76,8.37,1,0,2022
6171,2022,Galati,Scoala Nationala Mihai Eminescu,Urban,F,9.4,6.84,6.96,7.19,6.88,7.19,1,0,2022
6172,2022,Maramures,Colegiul Economic Onisifor Ghibu,Urban,M,6.57,5.44,4.33,5.79,5.63,5.3,0,1,2022
6173,2022,Vaslui,Scoala Nationala Stefan cel Mare,Urban,M,3.13,3.47,4.73,7.03,9.07,5.19,0,0,2022
6174,2022,Dolj,Liceul Sportiv Emil Racovita,Urban,F,8.78,10.0,5.0,8.32,8.23,7.86,1,0,2022
6175,2022,Gorj,Colegiul Economic Marin Preda,Urban,M,10.0,5.23,5.61,6.26,10.0,6.69,1,0,2022
6176,2022,Ilfov,Liceul Tehnologic Traian,Urban,F,9.66,6.66,5.76,5.12,6.36,6.41,1,0,2022
6177,2022,Alba,Colegiul National Emil Racovita,Rural,M,9.16,8.44,7.38,8.68,5.18,7.74,1,0,2022
6178,2022,Bacau,Colegiul Tehnic Ion Luca Caragiale,Rural,F,5.11,3.17,6.4,6.91,5.36,5.22,0,0,2022
6179,2022,Gorj,Colegiul National Spiru Haret,Urban,M,6.51,10.0,5.66,9.56,6.74,7.79,0,1,2022
6180,2022,Brasov,Liceul Teoretic Bogdan Voda,Urban,M,10.0,9.55,7.86,7.16,9.04,8.65,1,0,2022
6181,2022,Bistrita-Nasaud,Liceul Tehnologic Octavian Goga,Urban,F,9.93,9.87,5.84,9.75,8.5,8.44,1,0,2022
6182,2022,Ilfov,Scoala Nationala George Cosbuc,Urban,F,8.38,8.45,5.0,8.46,6.8,7.16,1,0,2022
6183,2022,Dambovita,Liceul Sportiv Lucian Blaga,Rural,M,8.27,6.43,7.96,7.63,6.57,7.27,1,0,2022
6184,2022,Ilfov,Colegiul Tehnic Gheorghe Sincai,Urban,M,9.56,7.6,8.11,5.69,6.38,7.48,1,0,2022
6185,2022,Cluj,Scoala Nationala Traian,Urban,F,7.15,8.25,8.38,9.66,8.18,8.38,1,0,2022
6186,2022,Bucuresti,Colegiul Economic Tudor Vladimirescu,Urban,M,8.69,7.88,6.94,5.87,8.69,7.5,1,0,2022
6187,2022,Teleorman,Liceul Teoretic Ion Luca Caragiale,Rural,M,7.31,10.0,2.75,5.13,3.23,5.81,0,0,2022
6188,2022,Timis,Colegiul Tehnic Dimitrie Cantemir,Urban,F,7.29,3.87,8.69,9.06,6.71,6.86,0,0,2022
6189,2022,Suceava,Colegiul Economic Vasile Alecsandri,Urban,F,6.18,4.26,4.72,8.26,5.58,5.39,0,0,2022
6190,2022,Olt,Colegiul Tehnic Ana Ipatescu,Rural,M,10.0,9.38,8.18,7.43,8.24,8.62,1,0,2022
6191,2022,Gorj,Liceul Tehnologic George Cosbuc,Urban,M,6.45,6.4,2.35,6.13,9.25,5.58,0,0,2022
6192,2022,Ialomita,Colegiul National Mihai Viteazul,Rural,M,8.04,9.12,8.16,9.52,6.59,8.4,1,0,2022
6193,2022,Mehedinti,Liceul Sportiv Ioan Slavici,Urban,M,7.83,3.77,6.87,7.81,8.48,6.42,0,0,2022
6194,2022,Mures,Liceul Sportiv Elena Cuza,Urban,M,9.76,7.36,9.09,6.74,9.43,8.34,1,0,2022
6195,2022,Ilfov,Colegiul Tehnic Tudor Vladimirescu,Urban,M,7.29,9.27,6.65,7.97,7.82,7.87,1,0,2022
6196,2022,Satu Mare,Colegiul Tehnic Spiru Haret,Rural,M,8.64,6.84,6.61,7.86,6.89,7.11,1,0,2022
6197,2022,Braila,Liceul Sportiv George Cosbuc,Urban,M,7.45,8.38,8.4,10.0,5.0,8.03,1,0,2022
6198,2022,Satu Mare,Liceul Teoretic Emil Racovita,Urban,M,9.7,9.99,7.97,8.64,10.0,9.15,1,0,2022
6199,2022,Valcea,Liceul Tehnologic Traian,Urban,F,5.67,7.58,9.27,8.06,7.71,7.99,0,1,2022
6200,2022,Giurgiu,Scoala Nationala Ioan Slavici,Rural,F,6.24,8.66,5.44,7.94,6.31,6.99,1,0,2022
6201,2022,Vaslui,Colegiul Tehnic Bogdan Voda,Urban,M,7.33,7.82,5.74,8.92,9.53,7.57,1,0,2022
6202,2022,Salaj,Scoala Nationala Decebal,Urban,M,6.99,7.34,4.73,8.1,7.5,6.66,0,0,2022
6203,2022,Alba,Liceul Teoretic Octavian Goga,Urban,F,9.46,7.49,7.65,9.35,8.18,8.12,1,0,2022
6204,2022,Dolj,Liceul Pedagogic Decebal,Urban,F,7.44,7.14,7.31,7.0,6.37,7.08,1,0,2022
6205,2022,Gorj,Liceul Sportiv Nicolae Balcescu,Rural,F,7.62,8.37,5.88,10.0,7.11,7.6,1,0,2022
6206,2022,Ilfov,Scoala Nationala Dimitrie Cantemir,Urban,F,8.39,8.19,8.34,7.91,9.83,8.46,1,0,2022
6207,2022,Valcea,Scoala Nationala Mihai Viteazul,Urban,F,9.25,7.87,6.52,6.54,7.7,7.38,1,0,2022
6208,2022,Bacau,Colegiul Tehnic Decebal,Urban,M,8.88,8.19,6.1,8.32,7.32,7.52,1,0,2022
6209,2022,Galati,Liceul Tehnologic Traian,Urban,F,4.57,8.76,3.26,6.17,8.72,6.3,0,0,2022
6210,2022,Mures,Colegiul National Traian,Urban,M,8.44,9.64,9.87,7.54,8.58,9.11,1,0,2022
6211,2022,Ilfov,Liceul Sportiv Marin Preda,Urban,F,6.09,7.92,2.47,7.89,2.81,5.33,0,1,2022
6212,2022,Covasna,Liceul de Arte Tudor Vladimirescu,Rural,M,6.41,4.93,4.04,5.74,6.09,5.11,0,0,2022
6213,2022,Vrancea,Liceul Pedagogic Onisifor Ghibu,Rural,M,7.62,10.0,3.52,6.74,7.95,7.02,0,0,2022
6214,2022,Dolj,Liceul Teoretic Ion Luca Caragiale,Urban,M,8.54,8.33,8.27,6.54,10.0,8.32,1,0,2022
6215,2022,Mures,Scoala Nationala Dimitrie Cantemir,Urban,F,9.47,6.87,8.53,8.33,9.4,8.23,1,0,2022
6216,2022,Dambovita,Scoala Nationala Vasile Alecsandri,Rural,M,8.44,10.0,5.37,7.14,8.14,7.75,1,0,2022
6217,2022,Constanta,Scoala Nationala Dimitrie Cantemir,Urban,M,8.62,7.74,5.0,7.6,6.68,6.83,1,0,2022
6218,2022,Vrancea,Liceul Pedagogic Unirea,Urban,F,8.97,5.83,6.99,10.0,7.97,7.44,1,0,2022
6219,2022,Arad,Colegiul Tehnic Ion Barbu,Rural,F,10.0,5.88,8.35,7.34,6.34,7.32,1,0,2022
6220,2022,Tulcea,Liceul Sportiv Tudor Vladimirescu,Rural,F,7.74,7.05,9.39,6.66,9.67,8.16,1,0,2022
6221,2022,Teleorman,Scoala Nationala Decebal,Rural,M,8.81,8.29,5.58,7.98,6.57,7.22,1,0,2022
6222,2022,Galati,Colegiul National Emil Racovita,Rural,F,2.62,7.07,6.58,6.44,5.04,6.08,0,1,2022
6223,2022,Iasi,Liceul de Arte Tudor Vladimirescu,Urban,F,8.33,5.83,7.38,8.21,9.76,7.49,0,1,2022
6224,2022,Valcea,Colegiul Tehnic Stefan cel Mare,Urban,M,8.41,9.91,7.55,8.89,5.96,8.31,1,0,2022
6225,2022,Hunedoara,Liceul Teoretic Regina Maria,Urban,F,6.38,8.44,5.78,7.33,7.39,7.11,1,0,2022
6226,2022,Prahova,Liceul Tehnologic Constantin Brancusi,Urban,M,8.9,9.28,8.03,9.38,7.48,8.61,1,0,2022
6227,2022,Mures,Liceul Sportiv Constantin Brancusi,Rural,F,8.86,6.59,8.53,7.17,4.93,7.24,0,0,2022
6228,2022,Tulcea,Colegiul Tehnic Ion Barbu,Rural,F,6.53,8.18,5.24,8.01,6.1,6.8,1,0,2022
6229,2022,Vrancea,Liceul Pedagogic Gheorghe Sincai,Urban,F,7.76,6.3,7.02,8.92,7.98,7.31,1,0,2022
6230,2022,Maramures,Liceul Tehnologic Ana Ipatescu,Urban,M,10.0,10.0,5.83,7.82,6.48,7.89,1,0,2022
6231,2022,Ilfov,Colegiul Tehnic George Cosbuc,Urban,F,7.36,8.8,5.0,9.51,8.92,7.64,1,0,2022
6232,2022,Bihor,Colegiul Tehnic Bogdan Voda,Rural,M,9.32,6.8,8.54,7.09,6.93,7.64,1,0,2022
6233,2022,Mures,Colegiul Economic Marin Preda,Urban,F,7.23,9.32,8.32,7.71,8.86,8.5,1,0,2022
6234,2022,Ilfov,Colegiul National Alexandru Ioan Cuza,Urban,M,9.22,7.3,9.49,7.88,8.8,8.46,1,0,2022
6235,2022,Teleorman,Liceul Tehnologic Dimitrie Cantemir,Urban,M,7.2,6.71,6.09,9.27,5.0,6.7,1,0,2022
6236,2022,Bacau,Scoala Nationala Decebal,Urban,M,9.04,8.6,7.7,7.28,7.68,8.04,1,0,2022
6237,2022,Sibiu,Colegiul Tehnic Ion Barbu,Rural,F,8.38,8.01,7.45,7.01,5.96,7.42,1,0,2022
6238,2022,Covasna,Liceul Tehnologic Lucian Blaga,Urban,M,9.36,7.59,7.58,6.02,9.37,7.8,1,0,2022
6239,2022,Neamt,Colegiul Economic Emil Racovita,Urban,M,5.85,5.36,7.28,8.49,3.86,6.23,0,0,2022
6240,2022,Bistrita-Nasaud,Scoala Nationala Octavian Goga,Rural,F,7.94,3.22,2.76,6.1,7.59,4.64,0,0,2022
6241,2022,Ialomita,Colegiul National Constantin Brancusi,Rural,F,6.38,3.68,4.08,4.73,2.95,4.12,0,0,2022
6242,2022,Sibiu,Scoala Nationala Ana Ipatescu,Rural,F,10.0,8.87,1.25,2.85,4.79,5.18,0,0,2022
6243,2022,Bacau,Liceul Pedagogic Dimitrie Cantemir,Rural,M,1.75,10.0,3.83,7.19,5.39,6.21,0,0,2022
6244,2022,Mehedinti,Liceul Teoretic Vasile Alecsandri,Rural,M,8.78,7.71,5.47,10.0,6.87,7.36,1,0,2022
6245,2022,Iasi,Liceul Tehnologic Lucian Blaga,Rural,F,6.37,10.0,8.45,9.59,7.51,8.74,1,0,2022
6246,2022,Alba,Liceul Pedagogic Alexandru Ioan Cuza,Urban,F,9.19,7.32,4.4,7.18,7.19,6.59,0,0,2022
6247,2022,Galati,Colegiul National Elena Cuza,Urban,M,7.03,6.12,5.45,7.59,7.48,6.43,1,0,2022
6248,2022,Arad,Colegiul Tehnic Vasile Alecsandri,Urban,M,7.85,8.09,7.05,8.13,7.18,7.62,1,0,2022
6249,2022,Bacau,Liceul de Arte Bogdan Voda,Rural,M,6.47,6.26,9.33,8.09,7.36,7.64,1,0,2022
6250,2022,Arad,Colegiul Tehnic Avram Iancu,Rural,F,4.45,5.93,1.04,4.34,3.91,3.77,0,0,2022
6251,2022,Buzau,Liceul de Arte Elena Cuza,Urban,F,8.86,5.0,7.34,10.0,6.67,7.09,1,0,2022
6252,2022,Maramures,Liceul Sportiv Marin Preda,Rural,M,8.05,7.39,6.75,9.4,7.31,7.55,1,0,2022
6253,2022,Iasi,Colegiul Tehnic Decebal,Rural,F,9.56,7.38,5.0,7.93,7.87,7.04,1,0,2022
6254,2022,Vaslui,Liceul de Arte George Cosbuc,Rural,F,8.9,9.68,6.12,4.74,4.61,7.03,0,1,2022
6255,2022,Iasi,Liceul Tehnologic Emil Racovita,Rural,M,6.23,8.46,4.5,8.33,3.35,6.26,0,0,2022
6256,2022,Alba,Scoala Nationala Alexandru Ioan Cuza,Rural,M,7.56,4.9,6.75,6.01,8.0,6.35,0,0,2022
6257,2022,Alba,Colegiul Economic Ion Barbu,Rural,F,8.71,7.08,7.38,6.54,6.52,7.17,1,0,2022
6258,2022,Vaslui,Colegiul National Ion Barbu,Rural,M,6.7,7.34,5.87,3.89,8.97,6.56,0,0,2022
6259,2022,Calarasi,Liceul Sportiv Mihai Eminescu,Rural,M,3.27,7.74,3.9,8.17,7.03,6.1,0,0,2022
6260,2022,Olt,Liceul Sportiv Marin Preda,Urban,M,9.09,7.9,10.0,9.71,8.09,8.95,1,0,2022
6261,2022,Ialomita,Liceul Tehnologic Nicolae Balcescu,Urban,M,7.47,6.17,9.02,10.0,8.22,8.04,1,0,2022
6262,2022,Braila,Colegiul National Ana Ipatescu,Urban,F,8.23,8.49,9.08,9.44,9.98,9.01,1,0,2022
6263,2022,Gorj,Liceul Pedagogic Regina Maria,Urban,F,7.91,8.26,7.42,6.84,8.84,7.85,1,0,2022
6264,2022,Satu Mare,Liceul Tehnologic Octavian Goga,Rural,F,5.96,6.24,4.81,6.41,7.15,5.94,0,0,2022
6265,2022,Alba,Liceul Sportiv George Cosbuc,Rural,F,6.53,5.57,7.91,7.58,5.27,6.62,1,0,2022
6266,2022,Alba,Colegiul Economic Mihai Viteazul,Urban,F,7.02,7.15,6.89,9.31,7.96,7.5,1,0,2022
6267,2022,Bihor,Liceul Tehnologic Ana Ipatescu,Rural,M,9.06,5.0,7.1,6.77,8.51,6.83,1,0,2022
6268,2022,Bucuresti,Liceul Pedagogic Mihai Viteazul,Rural,F,8.86,7.9,7.18,9.02,5.0,7.51,1,0,2022
6269,2022,Arad,Liceul Sportiv Lucian Blaga,Urban,M,9.0,7.71,8.01,8.26,7.23,7.94,1,0,2022
6270,2022,Braila,Liceul Teoretic Bogdan Voda,Rural,M,10.0,7.3,6.03,7.59,6.19,7.07,1,0,2022
6271,2022,Constanta,Liceul Teoretic Mircea cel Batran,Urban,F,4.1,6.96,7.92,5.38,3.77,6.25,0,0,2022
6272,2022,Ialomita,Liceul Sportiv Octavian Goga,Urban,M,7.06,6.65,1.28,10.0,7.19,5.66,0,1,2022
6273,2022,Maramures,Scoala Nationala Tudor Vladimirescu,Rural,F,9.24,5.12,7.07,7.27,6.67,6.67,1,0,2022
6274,2022,Gorj,Colegiul Economic Mihai Viteazul,Urban,M,7.62,7.02,5.58,9.11,8.25,7.15,1,0,2022
6275,2022,Braila,Liceul Pedagogic Gheorghe Sincai,Rural,F,9.48,6.76,7.59,8.35,6.48,7.48,1,0,2022
6276,2022,Arges,Liceul Sportiv Mircea cel Batran,Urban,M,8.56,7.37,7.1,6.6,7.51,7.31,1,0,2022
6277,2022,Prahova,Liceul Pedagogic Vasile Alecsandri,Urban,M,8.02,8.99,7.42,7.96,6.08,7.83,1,0,2022
6278,2022,Arges,Scoala Nationala Bogdan Voda,Urban,F,10.0,6.54,10.0,6.84,7.25,8.08,1,0,2022
6279,2022,Vrancea,Liceul Teoretic Mircea cel Batran,Rural,M,8.73,8.08,8.71,7.65,10.0,8.56,1,0,2022
6280,2022,Bacau,Colegiul Economic Spiru Haret,Rural,M,10.0,10.0,5.14,7.48,6.56,7.65,1,0,2022
6281,2022,Bucuresti,Colegiul National Ana Ipatescu,Urban,M,8.98,10.0,8.11,9.04,9.22,9.07,1,0,2022
6282,2022,Dambovita,Liceul Pedagogic Onisifor Ghibu,Urban,F,8.17,9.36,6.96,6.56,5.81,7.57,1,0,2022
6283,2022,Valcea,Colegiul Tehnic Spiru Haret,Rural,M,8.33,6.21,6.35,6.23,7.0,6.59,0,1,2022
6284,2022,Gorj,Colegiul Tehnic Onisifor Ghibu,Urban,M,8.15,10.0,8.75,7.86,8.89,8.95,1,0,2022
6285,2022,Alba,Colegiul Tehnic Mihai Eminescu,Urban,M,6.51,6.72,7.24,9.97,5.42,7.15,1,0,2022
6286,2022,Teleorman,Colegiul National Mihai Eminescu,Urban,M,6.8,7.01,7.4,7.41,7.38,7.22,1,0,2022
6287,2022,Prahova,Colegiul Economic Emil Racovita,Urban,F,7.36,7.2,5.83,10.0,9.18,7.52,1,0,2022
6288,2022,Bistrita-Nasaud,Liceul Teoretic Vasile Alecsandri,Rural,F,8.98,6.91,9.47,9.8,8.69,8.59,1,0,2022
6289,2022,Buzau,Liceul de Arte Ion Luca Caragiale,Rural,M,10.0,8.58,8.82,10.0,9.21,9.1,1,0,2022
6290,2022,Satu Mare,Colegiul Tehnic Bogdan Voda,Rural,F,8.22,7.32,5.49,5.27,9.7,6.91,1,0,2022
6291,2022,Arad,Liceul Pedagogic Traian,Urban,M,6.13,7.15,9.24,6.2,8.56,7.74,1,0,2022
6292,2022,Bucuresti,Scoala Nationala Elena Cuza,Rural,F,8.48,7.7,5.0,6.45,7.16,6.7,1,0,2022
6293,2022,Bistrita-Nasaud,Liceul Pedagogic Octavian Goga,Urban,M,7.69,6.34,7.32,3.92,6.4,6.42,0,0,2022
6294,2022,Hunedoara,Liceul Tehnologic George Cosbuc,Rural,M,7.09,5.56,7.97,8.19,7.99,7.19,1,0,2022
6295,2022,Olt,Scoala Nationala Ana Ipatescu,Urban,F,9.03,7.13,6.17,8.61,8.2,7.41,1,0,2022
6296,2022,Prahova,Liceul de Arte Ioan Slavici,Rural,M,8.91,6.98,5.71,7.67,9.0,7.2,1,0,2022
6297,2022,Buzau,Liceul Sportiv Vasile Alecsandri,Rural,F,8.58,7.34,7.92,8.43,8.26,7.94,1,0,2022
6298,2022,Olt,Scoala Nationala Mircea cel Batran,Rural,M,8.99,9.23,8.52,10.0,6.72,8.73,1,0,2022
6299,2022,Mures,Liceul Sportiv Ana Ipatescu,Rural,M,6.47,6.55,7.27,5.35,5.76,6.46,1,0,2022
6300,2022,Valcea,Colegiul Tehnic Mircea cel Batran,Rural,F,10.0,9.1,5.37,7.32,7.73,7.6,1,0,2022
6301,2022,Cluj,Colegiul Economic Traian,Urban,F,9.66,5.01,8.06,8.25,8.0,7.32,1,0,2022
6302,2022,Tulcea,Colegiul Tehnic Bogdan Voda,Rural,F,6.46,5.26,6.39,5.23,7.38,6.03,1,0,2022
6303,2022,Maramures,Liceul Tehnologic Bogdan Voda,Rural,F,5.39,3.92,5.64,6.7,6.99,5.46,0,0,2022
6304,2022,Arad,Liceul de Arte Elena Cuza,Urban,M,9.67,9.31,7.15,4.9,7.47,7.76,0,1,2022
6305,2022,Bihor,Colegiul Economic Spiru Haret,Urban,M,10.0,6.01,8.75,9.16,7.75,7.96,1,0,2022
6306,2022,Dambovita,Liceul Sportiv Ioan Slavici,Urban,F,7.01,8.68,9.31,6.45,8.77,8.38,1,0,2022
6307,2022,Vaslui,Liceul de Arte Bogdan Voda,Urban,M,8.92,8.15,5.9,4.23,5.08,6.5,0,0,2022
6308,2022,Dambovita,Colegiul Economic Ioan Slavici,Rural,F,5.98,5.88,8.09,6.28,2.19,6.06,0,0,2022
6309,2022,Vaslui,Colegiul Economic Avram Iancu,Rural,M,2.95,5.01,4.47,7.18,3.5,4.74,0,0,2022
6310,2022,Bistrita-Nasaud,Colegiul National Bogdan Voda,Urban,M,5.66,7.82,9.0,3.86,5.62,7.03,0,0,2022
6311,2022,Arad,Liceul Teoretic Mircea cel Batran,Rural,M,8.88,8.27,7.03,8.7,6.49,7.76,1,0,2022
6312,2022,Galati,Colegiul Economic Alexandru Ioan Cuza,Rural,F,9.58,6.68,10.0,10.0,6.38,8.42,1,0,2022
6313,2022,Suceava,Liceul Sportiv Decebal,Urban,M,10.0,7.53,6.87,7.91,7.08,7.57,1,0,2022
6314,2022,Dolj,Liceul Pedagogic Vasile Alecsandri,Urban,F,7.46,9.51,10.0,7.11,5.93,8.56,1,0,2022
6315,2022,Prahova,Liceul Pedagogic Alexandru Ioan Cuza,Urban,F,7.54,9.04,6.85,8.38,5.82,7.65,1,0,2022
6316,2022,Mures,Colegiul Tehnic Ioan Slavici,Urban,F,10.0,7.45,6.32,8.88,6.33,7.41,1,0,2022
6317,2022,Dolj,Liceul Tehnologic Unirea,Rural,F,8.49,4.0,6.58,8.05,6.64,6.23,0,1,2022
6318,2022,Timis,Liceul Pedagogic Ion Luca Caragiale,Rural,F,4.75,4.74,5.79,6.85,7.2,5.74,0,0,2022
6319,2022,Olt,Liceul Tehnologic Lucian Blaga,Urban,F,9.57,6.83,6.96,7.3,6.86,7.22,1,0,2022
6320,2022,Braila,Liceul Sportiv Tudor Vladimirescu,Rural,M,3.57,6.2,3.67,6.38,4.21,4.91,0,0,2022
6321,2022,Galati,Liceul Pedagogic Gheorghe Sincai,Rural,M,6.62,5.15,6.24,7.21,6.3,6.11,1,0,2022
6322,2022,Ialomita,Colegiul Economic Grigore Moisil,Rural,M,8.01,5.57,6.48,6.42,4.4,6.04,0,0,2022
6323,2022,Ialomita,Liceul Teoretic Mihai Viteazul,Rural,F,9.51,8.73,9.07,10.0,5.72,8.65,1,0,2022
6324,2022,Prahova,Scoala Nationala Octavian Goga,Urban,F,10.0,8.02,7.22,10.0,8.66,8.37,1,0,2022
6325,2022,Prahova,Colegiul National Marin Preda,Urban,M,7.64,7.14,5.65,7.03,7.04,6.71,1,0,2022
6326,2022,Ialomita,Colegiul Economic Octavian Goga,Rural,M,7.3,6.3,2.17,7.53,6.15,5.32,0,0,2022
6327,2022,Brasov,Liceul Sportiv Dimitrie Cantemir,Urban,M,6.98,6.91,8.49,9.37,8.09,7.94,1,0,2022
6328,2022,Teleorman,Scoala Nationala Avram Iancu,Rural,F,8.51,8.63,4.27,7.43,6.32,6.78,0,0,2022
6329,2022,Braila,Scoala Nationala Traian,Rural,F,7.59,8.74,5.0,7.94,6.54,7.05,1,0,2022
6330,2022,Alba,Liceul Pedagogic Vasile Alecsandri,Rural,M,8.69,8.47,5.27,7.27,5.05,6.84,1,0,2022
6331,2022,Iasi,Liceul Teoretic Mircea cel Batran,Urban,F,8.19,9.02,5.0,7.39,7.55,7.27,1,0,2022
6332,2022,Botosani,Liceul Sportiv Grigore Moisil,Urban,F,7.75,6.67,6.91,10.0,8.37,7.6,1,0,2022
6333,2022,Bistrita-Nasaud,Colegiul Tehnic Emil Racovita,Rural,M,8.3,7.97,8.08,8.64,7.04,8.0,1,0,2022
6334,2022,Galati,Liceul Teoretic Ioan Slavici,Urban,M,7.22,7.59,10.0,10.0,7.03,8.55,1,0,2022
6335,2022,Bihor,Liceul Teoretic Regina Maria,Urban,F,8.09,10.0,5.7,7.27,9.44,8.03,1,0,2022
6336,2022,Sibiu,Colegiul National Ion Barbu,Rural,F,9.87,9.05,6.61,6.99,8.29,7.98,1,0,2022
6337,2022,Olt,Liceul Pedagogic Mihai Eminescu,Urban,F,9.12,3.27,5.9,7.33,8.96,6.11,0,0,2022
6338,2022,Arad,Liceul Tehnologic Avram Iancu,Rural,M,8.64,4.85,3.28,2.37,3.78,4.23,0,0,2022
6339,2022,Galati,Liceul de Arte Traian,Rural,M,8.36,5.34,4.37,6.12,4.9,5.4,0,0,2022
6340,2022,Dolj,Colegiul Economic Mircea cel Batran,Urban,F,8.07,7.56,7.6,8.5,8.11,7.85,1,0,2022
6341,2022,Olt,Colegiul Tehnic Traian,Rural,F,9.56,8.79,7.71,6.95,7.84,8.12,1,0,2022
6342,2022,Cluj,Colegiul National Marin Preda,Rural,F,2.96,5.96,9.39,5.44,5.14,6.49,0,1,2022
6343,2022,Suceava,Colegiul Tehnic Mihai Eminescu,Rural,F,6.22,5.47,6.13,7.02,8.22,6.39,0,1,2022
6344,2022,Prahova,Scoala Nationala Spiru Haret,Urban,M,10.0,7.9,7.38,8.33,9.11,8.2,1,0,2022
6345,2022,Calarasi,Colegiul National Regina Maria,Rural,M,9.83,5.91,3.84,3.7,8.27,5.7,0,0,2022
6346,2022,Bihor,Colegiul Economic Unirea,Urban,M,7.35,8.1,6.11,8.37,7.26,7.34,1,0,2022
6347,2022,Calarasi,Colegiul Economic Avram Iancu,Urban,M,8.2,9.95,9.84,9.7,6.07,9.12,1,0,2022
6348,2022,Giurgiu,Scoala Nationala Nicolae Balcescu,Urban,M,9.89,8.66,10.0,9.32,7.31,9.08,1,0,2022
6349,2022,Braila,Liceul Pedagogic Grigore Moisil,Urban,F,8.32,6.8,5.92,7.52,4.9,6.51,0,0,2022
6350,2022,Mures,Liceul Pedagogic Unirea,Urban,M,7.23,9.69,5.22,10.0,9.67,8.15,1,0,2022
6351,2022,Maramures,Scoala Nationala Mihai Viteazul,Urban,M,10.0,5.97,5.08,6.42,10.0,6.78,1,0,2022
6352,2022,Giurgiu,Liceul Tehnologic Onisifor Ghibu,Rural,F,5.1,4.89,7.34,6.31,8.87,6.46,0,0,2022
6353,2022,Ilfov,Liceul Tehnologic Ana Ipatescu,Urban,F,7.89,7.69,7.07,9.44,7.88,7.82,1,0,2022
6354,2022,Dambovita,Liceul Teoretic Ana Ipatescu,Urban,M,6.65,10.0,6.09,7.56,6.92,7.66,1,0,2022
6355,2022,Valcea,Liceul Sportiv Marin Preda,Urban,F,9.05,9.17,5.0,5.9,7.4,7.15,1,0,2022
6356,2022,Bucuresti,Colegiul National Emil Racovita,Urban,F,6.96,9.15,4.8,9.04,7.05,7.29,0,0,2022
6357,2022,Vrancea,Liceul Tehnologic Mircea cel Batran,Urban,F,8.26,6.32,8.66,7.76,9.05,7.84,1,0,2022
6358,2022,Prahova,Liceul Teoretic Gheorghe Sincai,Urban,M,8.23,8.03,9.29,10.0,8.89,8.85,1,0,2022
6359,2022,Galati,Liceul Teoretic Mihai Viteazul,Rural,F,10.0,6.18,1.17,4.86,6.99,4.98,0,0,2022
6360,2022,Ialomita,Liceul Pedagogic Unirea,Rural,F,7.1,9.31,5.63,8.49,7.12,7.53,1,0,2022
6361,2022,Arges,Scoala Nationala Tudor Vladimirescu,Urban,F,8.82,8.33,6.5,7.95,7.99,7.72,1,0,2022
6362,2022,Teleorman,Liceul Tehnologic Mihai Eminescu,Rural,M,7.38,9.34,9.66,5.85,8.15,8.54,1,0,2022
6363,2022,Arad,Liceul Sportiv Octavian Goga,Urban,M,7.39,4.09,7.47,10.0,6.31,6.65,0,0,2022
6364,2022,Hunedoara,Liceul Tehnologic Lucian Blaga,Urban,M,7.96,7.12,6.24,10.0,8.81,7.63,1,0,2022
6365,2022,Ilfov,Scoala Nationala Gheorghe Sincai,Rural,F,8.41,7.18,4.53,9.71,6.78,6.83,0,1,2022
6366,2022,Alba,Liceul Teoretic Ioan Slavici,Urban,F,7.89,7.04,9.2,7.78,8.51,8.1,1,0,2022
6367,2022,Maramures,Liceul Pedagogic Emil Racovita,Rural,F,8.92,6.29,7.55,6.04,5.11,6.72,1,0,2022
6368,2022,Arges,Colegiul National Tudor Vladimirescu,Urban,M,6.79,7.33,3.56,5.69,5.87,5.68,0,0,2022
6369,2022,Braila,Liceul de Arte Emil Racovita,Urban,F,6.9,7.54,7.54,6.39,5.13,6.94,1,0,2022
6370,2022,Calarasi,Liceul Sportiv Tudor Vladimirescu,Rural,M,7.63,7.88,9.15,8.68,8.18,8.4,1,0,2022
6371,2022,Bacau,Liceul Tehnologic Bogdan Voda,Rural,M,7.5,6.4,4.16,3.75,3.36,4.98,0,0,2022
6372,2022,Botosani,Colegiul Economic Alexandru Ioan Cuza,Rural,M,4.75,6.5,6.46,5.19,7.21,6.22,0,1,2022
6373,2022,Bucuresti,Liceul Pedagogic Ana Ipatescu,Rural,F,7.54,4.02,4.68,5.87,4.69,4.95,0,1,2022
6374,2022,Calarasi,Liceul Sportiv Ana Ipatescu,Urban,F,6.42,6.42,9.53,6.79,9.9,7.93,1,0,2022
6375,2022,Dolj,Scoala Nationala Onisifor Ghibu,Urban,M,7.97,6.04,5.77,9.29,4.9,6.47,0,0,2022
6376,2022,Satu Mare,Liceul de Arte Marin Preda,Urban,M,9.24,8.82,5.0,6.81,7.81,7.26,1,0,2022
6377,2022,Sibiu,Scoala Nationala Marin Preda,Urban,F,7.7,9.67,8.25,8.08,7.49,8.48,1,0,2022
6378,2022,Neamt,Liceul Sportiv Ion Luca Caragiale,Rural,F,6.52,7.87,6.84,6.34,7.85,7.19,1,0,2022
6379,2022,Mehedinti,Colegiul Tehnic Nicolae Balcescu,Urban,M,9.04,8.38,8.65,7.1,6.68,8.08,1,0,2022
6380,2022,Cluj,Liceul de Arte Grigore Moisil,Urban,F,7.35,7.38,7.51,7.43,9.4,7.73,1,0,2022
6381,2022,Gorj,Liceul Pedagogic Mircea cel Batran,Urban,F,7.22,6.59,8.3,8.78,9.08,7.87,1,0,2022
6382,2022,Sibiu,Liceul Teoretic Elena Cuza,Urban,F,8.49,10.0,5.66,7.29,9.51,8.07,1,0,2022
6383,2022,Ilfov,Colegiul Tehnic Mihai Viteazul,Urban,M,9.81,6.35,6.85,10.0,8.01,7.64,1,0,2022
6384,2022,Valcea,Scoala Nationala Vasile Alecsandri,Rural,M,8.66,4.87,9.02,5.18,4.66,6.51,0,0,2022
6385,2022,Constanta,Liceul de Arte Lucian Blaga,Urban,F,9.67,6.28,6.19,9.96,9.24,7.59,1,0,2022
6386,2022,Calarasi,Colegiul Tehnic Alexandru Ioan Cuza,Urban,F,9.9,7.28,4.67,8.35,7.01,6.88,0,0,2022
6387,2022,Gorj,Liceul Sportiv Spiru Haret,Urban,M,7.65,9.42,6.37,9.06,7.57,8.0,1,0,2022
6388,2022,Suceava,Liceul Sportiv Elena Cuza,Urban,F,8.42,3.97,8.62,7.73,6.52,6.76,0,0,2022
6389,2022,Maramures,Colegiul National Grigore Moisil,Urban,F,7.3,10.0,6.62,7.05,9.81,8.25,1,0,2022
6390,2022,Ialomita,Colegiul Tehnic Bogdan Voda,Rural,F,8.98,8.7,6.57,7.71,5.0,7.39,1,0,2022
6391,2022,Giurgiu,Liceul Pedagogic Onisifor Ghibu,Urban,M,8.53,6.71,5.26,8.68,9.31,7.14,1,0,2022
6392,2022,Suceava,Liceul Teoretic Tudor Vladimirescu,Urban,F,7.34,8.37,8.28,8.41,7.68,8.14,1,0,2022
6393,2022,Bistrita-Nasaud,Liceul Sportiv Tudor Vladimirescu,Rural,F,9.11,8.31,7.24,7.01,8.3,7.87,1,0,2022
6394,2022,Hunedoara,Liceul Teoretic Emil Racovita,Urban,F,9.21,8.59,10.0,7.05,8.67,8.86,1,0,2022
6395,2022,Bucuresti,Liceul Sportiv Ion Barbu,Urban,M,7.93,6.11,6.47,9.69,7.88,7.2,1,0,2022
6396,2022,Arges,Liceul Teoretic Ioan Slavici,Rural,F,9.37,3.98,3.95,5.72,9.45,5.59,0,0,2022
6397,2022,Salaj,Scoala Nationala Onisifor Ghibu,Urban,F,5.62,8.97,6.43,8.71,9.85,7.97,1,0,2022
6398,2022,Vrancea,Colegiul Economic Unirea,Urban,M,6.37,9.85,6.06,6.5,7.28,7.48,1,0,2022
6399,2022,Tulcea,Scoala Nationala George Cosbuc,Rural,F,8.92,6.04,5.0,7.35,8.79,6.62,1,0,2022
6400,2022,Salaj,Scoala Nationala Elena Cuza,Urban,F,8.95,7.05,7.37,8.39,6.75,7.49,1,0,2022
6401,2022,Iasi,Colegiul Tehnic Onisifor Ghibu,Urban,F,9.23,7.39,5.0,8.06,10.0,7.35,1,0,2022
6402,2022,Galati,Liceul de Arte Elena Cuza,Urban,M,6.92,6.98,7.96,10.0,8.77,7.99,1,0,2022
6403,2022,Cluj,Liceul Teoretic Onisifor Ghibu,Urban,F,9.57,6.64,7.92,9.74,9.49,8.21,1,0,2022
6404,2022,Cluj,Liceul de Arte Vasile Alecsandri,Rural,F,4.75,3.03,5.4,5.17,4.1,4.39,0,0,2022
6405,2022,Sibiu,Colegiul National Ioan Slavici,Rural,F,9.09,8.3,7.94,5.93,6.38,7.63,1,0,2022
6406,2022,Prahova,Scoala Nationala Spiru Haret,Urban,M,6.8,5.51,8.41,6.28,4.5,6.47,0,1,2022
6407,2022,Alba,Liceul Pedagogic Gheorghe Sincai,Rural,M,8.43,7.93,8.46,8.43,7.46,8.14,1,0,2022
6408,2022,Giurgiu,Colegiul Economic Stefan cel Mare,Rural,F,6.77,8.2,8.05,9.58,7.5,8.11,1,0,2022
6409,2022,Ilfov,Liceul Tehnologic Unirea,Urban,F,8.55,10.0,7.2,6.81,6.13,7.96,1,0,2022
6410,2022,Salaj,Liceul de Arte Spiru Haret,Urban,F,7.38,2.96,6.84,7.1,7.86,5.92,0,0,2022
6411,2022,Iasi,Colegiul Tehnic Bogdan Voda,Rural,F,9.83,7.57,8.89,8.4,6.09,8.09,1,0,2022
6412,2022,Sibiu,Liceul Pedagogic Traian,Urban,F,7.83,8.56,9.54,9.22,9.27,8.99,1,0,2022
6413,2022,Maramures,Colegiul Tehnic Lucian Blaga,Urban,M,7.36,8.34,5.25,7.89,6.18,6.92,1,0,2022
6414,2022,Satu Mare,Liceul de Arte Regina Maria,Urban,F,7.65,6.51,8.33,9.09,6.69,7.58,0,1,2022
6415,2022,Dolj,Liceul Teoretic Alexandru Ioan Cuza,Urban,F,8.88,7.58,8.56,6.96,10.0,8.27,1,0,2022
6416,2022,Alba,Liceul Tehnologic Mihai Viteazul,Urban,M,8.18,6.38,8.0,8.95,10.0,7.97,1,0,2022
6417,2022,Bucuresti,Colegiul National Onisifor Ghibu,Urban,F,7.91,7.89,7.44,8.07,8.8,7.92,1,0,2022
6418,2022,Timis,Colegiul Tehnic Lucian Blaga,Rural,M,7.93,7.95,7.43,8.04,7.99,7.81,1,0,2022
6419,2022,Iasi,Liceul Teoretic Ion Luca Caragiale,Urban,F,7.77,9.01,9.92,7.45,5.15,8.35,1,0,2022
6420,2022,Timis,Liceul Sportiv Octavian Goga,Urban,F,10.0,8.01,5.0,8.71,9.89,7.69,1,0,2022
6421,2022,Maramures,Liceul de Arte Mihai Viteazul,Urban,F,9.09,8.31,7.31,9.53,7.1,8.09,1,0,2022
6422,2022,Covasna,Colegiul National Constantin Brancusi,Rural,M,6.74,7.54,6.39,7.64,6.13,6.92,1,0,2022
6423,2022,Braila,Liceul Pedagogic Mihai Eminescu,Urban,F,9.47,8.78,6.95,8.6,6.53,7.94,1,0,2022
6424,2022,Prahova,Liceul de Arte Mihai Eminescu,Rural,F,7.86,5.92,7.92,7.09,9.03,7.36,1,0,2022
6425,2022,Mehedinti,Colegiul National Mircea cel Batran,Urban,F,8.12,6.62,6.93,7.65,8.29,7.27,1,0,2022
6426,2022,Teleorman,Liceul Tehnologic Avram Iancu,Rural,M,7.29,8.06,7.65,7.54,9.4,7.98,1,0,2022
6427,2022,Gorj,Colegiul Economic Alexandru Ioan Cuza,Urban,F,6.79,8.89,8.67,9.38,8.08,8.57,0,1,2022
6428,2022,Arges,Liceul Teoretic Spiru Haret,Rural,M,8.13,3.84,8.68,8.88,3.64,6.45,0,0,2022
6429,2022,Dolj,Liceul Teoretic Grigore Moisil,Urban,F,8.26,7.12,10.0,9.94,7.17,8.53,1,0,2022
6430,2022,Buzau,Colegiul Economic Vasile Alecsandri,Rural,M,7.88,6.6,7.44,7.69,6.19,7.08,1,0,2022
6431,2022,Buzau,Liceul Teoretic Gheorghe Sincai,Urban,M,9.99,7.96,8.04,8.25,5.89,7.92,1,0,2022
6432,2022,Braila,Liceul Tehnologic Gheorghe Sincai,Rural,M,6.57,7.79,3.41,3.46,8.84,5.86,0,0,2022
6433,2022,Dolj,Colegiul National Mihai Eminescu,Urban,F,9.36,8.42,7.58,8.14,7.29,8.05,1,0,2022
6434,2022,Constanta,Scoala Nationala Bogdan Voda,Urban,F,7.39,8.28,5.71,8.81,7.68,7.41,1,0,2022
6435,2022,Galati,Liceul Sportiv Unirea,Rural,F,7.41,8.73,5.14,7.9,8.45,7.35,1,0,2022
6436,2022,Dambovita,Colegiul Economic Vasile Alecsandri,Urban,M,9.76,9.45,8.04,6.29,7.33,8.27,1,0,2022
6437,2022,Salaj,Scoala Nationala Gheorghe Sincai,Rural,F,7.79,6.8,8.73,6.92,5.75,7.34,1,0,2022
6438,2022,Salaj,Scoala Nationala Onisifor Ghibu,Rural,F,8.4,8.46,7.4,9.1,6.78,7.98,1,0,2022
6439,2022,Prahova,Liceul Teoretic Ana Ipatescu,Urban,M,7.82,8.15,9.14,7.68,6.58,8.11,1,0,2022
6440,2022,Timis,Colegiul National Tudor Vladimirescu,Urban,M,7.32,6.73,9.19,4.14,7.81,7.3,0,1,2022
6441,2022,Maramures,Liceul Teoretic Spiru Haret,Urban,F,9.12,3.69,6.05,8.87,5.64,6.01,0,0,2022
6442,2022,Calarasi,Colegiul Tehnic Dimitrie Cantemir,Urban,F,8.11,5.32,6.27,9.37,10.0,7.19,1,0,2022
6443,2022,Buzau,Liceul Sportiv Elena Cuza,Urban,M,8.95,8.48,7.03,8.54,10.0,8.33,1,0,2022
6444,2022,Prahova,Liceul Pedagogic Stefan cel Mare,Urban,M,7.65,6.04,1.0,10.0,8.48,5.65,0,0,2022
6445,2022,Neamt,Liceul Tehnologic Ion Luca Caragiale,Urban,F,2.9,7.75,9.71,5.33,7.77,7.49,0,0,2022
6446,2022,Constanta,Liceul Tehnologic Stefan cel Mare,Urban,M,7.21,9.42,7.79,8.85,8.68,8.51,1,0,2022
6447,2022,Arad,Liceul Pedagogic Regina Maria,Urban,F,7.2,9.51,6.95,8.45,7.65,8.07,0,1,2022
6448,2022,Botosani,Liceul de Arte Regina Maria,Rural,F,7.89,6.76,6.37,9.53,8.06,7.37,1,0,2022
6449,2022,Vaslui,Liceul Sportiv Bogdan Voda,Rural,F,9.15,6.72,6.87,7.84,6.75,7.18,1,0,2022
6450,2022,Tulcea,Liceul de Arte Nicolae Balcescu,Urban,M,7.68,5.64,5.65,8.45,6.35,6.38,1,0,2022
6451,2022,Calarasi,Liceul Sportiv Gheorghe Sincai,Rural,M,8.77,6.72,9.48,9.83,8.23,8.45,1,0,2022
6452,2022,Constanta,Colegiul Tehnic Stefan cel Mare,Rural,M,6.74,3.61,7.52,7.47,8.72,6.44,0,0,2022
6453,2022,Vaslui,Colegiul National Lucian Blaga,Urban,M,8.18,7.77,5.68,8.31,8.5,7.37,1,0,2022
6454,2022,Arges,Liceul Sportiv Marin Preda,Urban,M,9.56,6.11,7.61,9.47,6.37,7.45,1,0,2022
6455,2022,Bacau,Liceul Sportiv Ioan Slavici,Urban,M,6.91,9.55,9.85,5.89,7.93,8.58,1,0,2022
6456,2022,Constanta,Liceul Teoretic Traian,Urban,F,7.84,5.0,7.68,7.85,7.47,6.89,1,0,2022
6457,2022,Harghita,Liceul Pedagogic Constantin Brancusi,Urban,F,9.04,7.7,7.32,7.71,7.76,7.73,1,0,2022
6458,2022,Iasi,Colegiul Tehnic Spiru Haret,Urban,M,6.63,10.0,7.06,9.75,8.13,8.46,1,0,2022
6459,2022,Maramures,Colegiul Economic Unirea,Rural,F,9.09,10.0,7.31,8.64,6.73,8.41,1,0,2022
6460,2022,Braila,Colegiul National Spiru Haret,Urban,M,9.62,7.64,7.26,7.36,8.33,7.79,1,0,2022
6461,2022,Braila,Liceul Pedagogic Ana Ipatescu,Rural,F,8.45,9.75,4.66,6.78,8.01,7.39,0,0,2022
6462,2022,Bacau,Colegiul Economic Avram Iancu,Rural,M,8.15,1.42,4.09,7.58,5.98,4.5,0,0,2022
6463,2022,Buzau,Scoala Nationala Mihai Eminescu,Urban,F,8.74,8.88,5.75,8.22,9.62,7.94,1,0,2022
6464,2022,Galati,Liceul Pedagogic Mihai Viteazul,Rural,M,9.08,6.23,6.32,9.01,6.38,6.98,1,0,2022
6465,2022,Constanta,Liceul de Arte Onisifor Ghibu,Urban,F,7.13,8.46,5.86,9.81,7.71,7.64,1,0,2022
6466,2022,Buzau,Colegiul Tehnic Ioan Slavici,Urban,F,8.19,5.63,8.69,8.67,10.0,7.92,1,0,2022
6467,2022,Gorj,Colegiul Tehnic Mihai Viteazul,Rural,F,8.37,7.92,6.11,7.09,7.21,7.19,1,0,2022
6468,2022,Buzau,Liceul Teoretic Nicolae Balcescu,Rural,M,5.9,6.27,8.94,10.0,9.03,8.01,1,0,2022
6469,2022,Mures,Liceul de Arte Alexandru Ioan Cuza,Urban,M,6.95,7.73,1.9,6.94,6.3,5.57,0,1,2022
6470,2022,Cluj,Colegiul Economic Gheorghe Sincai,Urban,F,10.0,7.47,7.49,9.55,7.28,8.01,1,0,2022
6471,2022,Gorj,Colegiul Economic Octavian Goga,Urban,F,8.77,6.86,8.72,7.74,5.9,7.6,1,0,2022
6472,2022,Sibiu,Liceul Sportiv Bogdan Voda,Urban,M,8.3,7.81,5.0,6.75,8.4,6.95,1,0,2022
6473,2022,Prahova,Colegiul National Vasile Alecsandri,Urban,M,7.93,5.33,8.92,6.46,7.81,7.21,1,0,2022
6474,2022,Gorj,Liceul Pedagogic Ioan Slavici,Urban,F,6.56,10.0,8.98,8.67,7.16,8.72,1,0,2022
6475,2022,Sibiu,Colegiul National Gheorghe Sincai,Urban,M,6.55,8.7,8.98,6.79,10.0,8.48,1,0,2022
6476,2022,Bihor,Colegiul National Constantin Brancusi,Rural,M,7.96,7.15,5.68,6.58,7.39,6.74,1,0,2022
6477,2022,Constanta,Liceul Tehnologic Mihai Eminescu,Rural,M,5.93,5.92,8.11,5.74,8.12,6.88,1,0,2022
6478,2022,Valcea,Colegiul National Ana Ipatescu,Urban,M,9.47,5.85,8.75,8.41,8.59,7.88,1,0,2022
6479,2022,Braila,Liceul Pedagogic Bogdan Voda,Urban,F,7.16,9.48,4.9,7.43,6.75,7.16,0,0,2022
6480,2022,Ilfov,Scoala Nationala Ion Luca Caragiale,Rural,F,9.03,6.46,6.04,9.44,8.76,7.38,1,0,2022
6481,2022,Hunedoara,Liceul Sportiv Emil Racovita,Urban,F,7.86,7.84,7.76,10.0,9.18,8.34,1,0,2022
6482,2022,Brasov,Liceul Teoretic Lucian Blaga,Urban,F,9.75,9.1,9.68,8.18,7.02,8.89,1,0,2022
6483,2022,Tulcea,Liceul Sportiv Mihai Viteazul,Urban,F,8.74,6.75,6.04,6.92,9.88,7.23,1,0,2022
6484,2022,Buzau,Liceul Teoretic Vasile Alecsandri,Urban,M,3.89,4.59,2.59,6.66,6.65,4.54,0,0,2022
6485,2022,Neamt,Liceul Pedagogic Stefan cel Mare,Urban,M,5.26,5.71,6.03,5.88,8.54,6.21,1,0,2022
6486,2022,Galati,Colegiul Economic Lucian Blaga,Urban,F,10.0,8.35,8.07,6.73,5.33,7.74,1,0,2022
6487,2022,Galati,Liceul de Arte Marin Preda,Rural,M,8.5,7.32,8.8,8.8,7.23,8.09,1,0,2022
6488,2022,Arges,Liceul Tehnologic Mihai Eminescu,Urban,F,9.98,8.15,10.0,5.5,6.67,8.27,1,0,2022
6489,2022,Hunedoara,Liceul de Arte Ion Barbu,Rural,M,3.07,3.78,4.7,7.23,7.98,5.13,0,0,2022
6490,2022,Timis,Colegiul Economic Bogdan Voda,Urban,M,6.48,7.21,5.77,4.71,6.19,6.18,0,1,2022
6491,2022,Dambovita,Colegiul National Regina Maria,Rural,F,6.16,6.45,3.99,5.46,6.04,5.47,0,0,2022
6492,2022,Vrancea,Liceul Teoretic Onisifor Ghibu,Urban,M,3.38,7.17,10.0,5.05,8.64,7.54,0,0,2022
6493,2022,Arad,Liceul Tehnologic Ion Barbu,Rural,M,4.87,5.64,2.27,6.66,5.79,4.73,0,0,2022
6494,2022,Brasov,Liceul Tehnologic Ion Luca Caragiale,Rural,M,8.01,7.36,7.84,9.68,10.0,8.31,1,0,2022
6495,2022,Harghita,Liceul Pedagogic Decebal,Rural,F,9.85,8.39,6.0,8.58,8.1,7.8,1,0,2022
6496,2022,Iasi,Colegiul National Ioan Slavici,Urban,F,7.67,8.86,8.87,6.75,6.14,8.02,1,0,2022
6497,2022,Galati,Colegiul Economic Mircea cel Batran,Rural,F,9.93,5.49,6.6,5.31,9.96,6.91,1,0,2022
6498,2022,Neamt,Colegiul National Lucian Blaga,Rural,M,7.62,7.36,7.07,8.65,8.81,7.71,1,0,2022
6499,2022,Calarasi,Liceul Sportiv Ioan Slavici,Urban,M,7.43,6.59,5.61,4.62,5.33,5.9,0,0,2022
6500,2022,Salaj,Colegiul Economic Constantin Brancusi,Urban,M,7.48,7.72,9.16,8.96,7.19,8.23,1,0,2022
6501,2022,Bihor,Liceul Tehnologic Gheorghe Sincai,Urban,F,8.54,6.91,2.98,6.3,4.11,5.38,0,0,2022
6502,2022,Dambovita,Colegiul Tehnic Stefan cel Mare,Rural,F,4.42,5.53,3.61,7.09,9.0,5.6,0,0,2022
6503,2022,Prahova,Colegiul Tehnic Emil Racovita,Urban,F,9.77,9.69,5.35,7.32,5.7,7.44,1,0,2022
6504,2022,Bistrita-Nasaud,Liceul Teoretic Constantin Brancusi,Rural,F,6.47,10.0,8.84,1.04,6.33,7.4,0,0,2022
6505,2022,Vaslui,Liceul Tehnologic Tudor Vladimirescu,Rural,F,6.09,8.37,3.01,4.53,5.26,5.49,0,0,2022
6506,2022,Bacau,Colegiul Economic Onisifor Ghibu,Rural,M,8.84,7.7,7.61,8.41,8.53,8.02,1,0,2022
6507,2022,Bistrita-Nasaud,Colegiul Tehnic Decebal,Rural,F,6.95,7.78,8.17,9.14,8.84,8.18,1,0,2022
6508,2022,Tulcea,Liceul Sportiv Tudor Vladimirescu,Urban,M,8.53,8.86,5.12,3.31,8.94,6.88,0,0,2022
6509,2022,Arad,Colegiul Tehnic Stefan cel Mare,Rural,F,4.5,1.67,7.78,3.44,4.56,4.49,0,0,2022
6510,2022,Iasi,Liceul Sportiv Dimitrie Cantemir,Urban,F,9.05,5.0,10.0,7.6,9.66,7.99,1,0,2022
6511,2022,Ialomita,Colegiul National Lucian Blaga,Urban,F,7.56,8.9,9.66,5.17,4.9,7.83,0,1,2022
6512,2022,Bacau,Liceul Tehnologic Marin Preda,Urban,F,10.0,9.82,6.66,10.0,10.0,8.94,1,0,2022
6513,2022,Vaslui,Liceul de Arte Ana Ipatescu,Rural,M,3.14,7.92,7.3,5.97,5.64,6.62,0,0,2022
6514,2022,Vaslui,Liceul Tehnologic Gheorghe Sincai,Urban,F,9.23,9.65,7.75,6.04,9.71,8.51,1,0,2022
6515,2022,Bihor,Colegiul National Constantin Brancusi,Urban,F,5.67,8.98,5.25,8.54,7.59,7.26,1,0,2022
6516,2022,Vaslui,Liceul Pedagogic Decebal,Urban,M,10.0,7.92,4.83,2.72,6.17,6.16,0,0,2022
6517,2022,Suceava,Liceul Teoretic Constantin Brancusi,Urban,F,9.0,9.91,8.41,9.83,10.0,9.37,1,0,2022
6518,2022,Tulcea,Liceul Sportiv Dimitrie Cantemir,Rural,M,7.58,8.19,5.88,8.66,9.09,7.64,1,0,2022
6519,2022,Ilfov,Colegiul National Gheorghe Sincai,Urban,M,8.43,5.91,7.62,7.58,5.99,6.94,1,0,2022
6520,2022,Salaj,Liceul Teoretic Lucian Blaga,Urban,M,5.08,6.35,8.8,6.48,6.32,6.97,1,0,2022
6521,2022,Braila,Scoala Nationala Alexandru Ioan Cuza,Rural,M,5.97,3.83,3.4,6.92,10.0,5.3,0,0,2022
6522,2022,Constanta,Liceul Pedagogic Traian,Rural,F,8.66,7.88,9.98,7.39,8.55,8.62,1,0,2022
6523,2022,Ilfov,Colegiul Tehnic Onisifor Ghibu,Rural,F,6.12,5.05,8.75,5.8,6.11,6.54,1,0,2022
6524,2022,Hunedoara,Liceul Sportiv Octavian Goga,Urban,M,10.0,8.4,6.95,9.0,5.8,7.82,1,0,2022
6525,2022,Braila,Liceul Sportiv Traian,Urban,F,8.17,8.09,7.8,8.18,10.0,8.31,1,0,2022
6526,2022,Arad,Liceul Teoretic Mihai Eminescu,Urban,M,8.26,7.09,7.17,8.54,8.63,7.68,1,0,2022
6527,2022,Buzau,Colegiul Tehnic Gheorghe Sincai,Rural,F,8.79,5.5,1.0,8.35,9.09,5.44,0,0,2022
6528,2022,Mehedinti,Liceul Sportiv Marin Preda,Urban,M,6.03,3.99,8.99,6.15,9.42,6.83,0,1,2022
6529,2022,Iasi,Colegiul National Mihai Viteazul,Urban,F,5.09,9.53,2.96,8.12,3.39,5.98,0,0,2022
6530,2022,Valcea,Colegiul Economic Elena Cuza,Urban,F,9.36,8.85,6.94,8.05,6.24,7.82,1,0,2022
6531,2022,Buzau,Liceul Sportiv Ioan Slavici,Urban,F,9.25,5.92,8.91,6.36,10.0,7.83,1,0,2022
6532,2022,Arad,Colegiul National Avram Iancu,Urban,M,9.8,10.0,6.82,6.8,7.17,8.12,1,0,2022
6533,2022,Arad,Colegiul Economic Marin Preda,Rural,F,7.99,7.19,5.91,8.72,4.65,6.73,0,0,2022
6534,2022,Bistrita-Nasaud,Scoala Nationala Emil Racovita,Rural,M,7.8,10.0,7.79,8.63,7.53,8.54,1,0,2022
6535,2022,Galati,Colegiul Tehnic Bogdan Voda,Rural,M,6.33,2.16,5.58,7.71,8.73,5.42,0,0,2022
6536,2022,Iasi,Colegiul National Avram Iancu,Urban,M,7.75,8.53,6.67,9.34,8.41,8.0,1,0,2022
6537,2022,Gorj,Liceul Pedagogic Octavian Goga,Urban,F,9.08,7.98,7.73,7.87,6.77,7.82,1,0,2022
6538,2022,Dambovita,Colegiul Economic Onisifor Ghibu,Rural,M,3.79,9.16,5.76,4.35,6.02,6.41,0,0,2022
6539,2022,Sibiu,Liceul Sportiv Decebal,Urban,F,9.13,8.95,5.0,7.79,8.74,7.58,1,0,2022
6540,2022,Mehedinti,Liceul Pedagogic Avram Iancu,Rural,F,7.19,3.45,7.46,5.66,7.64,5.99,0,0,2022
6541,2022,Gorj,Liceul de Arte Avram Iancu,Rural,F,4.27,8.2,8.68,8.7,8.2,8.03,0,0,2022
6542,2022,Hunedoara,Liceul Teoretic Onisifor Ghibu,Urban,M,8.11,6.83,4.81,3.69,4.18,5.48,0,0,2022
6543,2022,Alba,Liceul Teoretic Mihai Eminescu,Rural,M,7.12,10.0,8.0,9.82,6.25,8.52,1,0,2022
6544,2022,Neamt,Scoala Nationala Bogdan Voda,Rural,F,8.93,8.74,7.06,9.33,7.93,8.22,1,0,2022
6545,2022,Harghita,Scoala Nationala Ioan Slavici,Urban,F,7.1,8.17,3.45,7.2,9.82,6.75,0,0,2022
6546,2022,Galati,Liceul Pedagogic Spiru Haret,Rural,M,7.86,6.05,8.76,10.0,6.35,7.68,1,0,2022
6547,2022,Ialomita,Colegiul Economic Stefan cel Mare,Urban,F,10.0,9.84,5.0,8.03,8.68,7.96,1,0,2022
6548,2022,Constanta,Colegiul Economic Decebal,Rural,F,4.09,9.67,4.68,6.2,7.65,6.79,0,0,2022
6549,2022,Galati,Liceul Tehnologic Decebal,Urban,M,9.54,4.91,6.95,5.13,7.6,6.42,0,0,2022
6550,2022,Dambovita,Liceul Teoretic Marin Preda,Urban,M,8.01,6.15,6.69,3.19,6.85,6.16,0,0,2022
6551,2022,Arad,Colegiul National Emil Racovita,Urban,M,7.71,7.33,7.51,7.64,7.29,7.46,1,0,2022
6552,2022,Suceava,Liceul Teoretic Marin Preda,Rural,F,7.96,8.06,5.0,10.0,7.36,7.32,1,0,2022
6553,2022,Bucuresti,Liceul Pedagogic Emil Racovita,Rural,M,6.68,7.73,5.67,7.05,6.53,6.72,1,0,2022
6554,2022,Cluj,Liceul Pedagogic Marin Preda,Rural,F,7.31,10.0,7.84,6.77,10.0,8.6,1,0,2022
6555,2022,Bistrita-Nasaud,Scoala Nationala Vasile Alecsandri,Urban,F,9.12,6.69,9.22,9.29,10.0,8.58,1,0,2022
6556,2022,Salaj,Liceul de Arte Mihai Eminescu,Rural,M,6.51,8.9,7.71,6.28,8.61,7.87,1,0,2022
6557,2022,Harghita,Colegiul Tehnic Decebal,Urban,M,8.03,6.43,9.54,7.72,10.0,8.25,0,1,2022
6558,2022,Bacau,Liceul de Arte Lucian Blaga,Urban,F,9.19,8.17,5.0,9.89,9.62,7.8,1,0,2022
6559,2022,Hunedoara,Colegiul Economic Elena Cuza,Urban,M,6.98,7.73,10.0,7.76,6.12,8.1,1,0,2022
6560,2022,Dambovita,Colegiul Economic George Cosbuc,Urban,F,7.6,6.25,8.99,8.44,8.3,7.84,1,0,2022
6561,2022,Galati,Liceul Teoretic Ion Barbu,Urban,F,8.47,9.44,9.59,10.0,5.53,8.89,1,0,2022
6562,2022,Dambovita,Liceul Teoretic Mircea cel Batran,Urban,F,8.97,8.49,7.2,7.42,8.76,8.03,1,0,2022
6563,2022,Calarasi,Liceul Pedagogic Traian,Rural,F,8.59,9.32,5.83,7.62,9.93,8.04,1,0,2022
6564,2022,Olt,Liceul Sportiv Mihai Viteazul,Urban,M,6.44,8.92,8.73,8.05,9.22,8.53,1,0,2022
6565,2022,Maramures,Liceul Teoretic Mihai Viteazul,Urban,M,6.16,9.65,8.28,9.13,10.0,8.86,1,0,2022
6566,2022,Bistrita-Nasaud,Colegiul National Nicolae Balcescu,Urban,F,7.2,8.34,9.29,9.56,8.26,8.68,1,0,2022
6567,2022,Hunedoara,Liceul de Arte Regina Maria,Urban,F,7.73,8.92,8.41,9.64,6.61,8.41,1,0,2022
6568,2022,Neamt,Scoala Nationala Mihai Viteazul,Rural,F,9.74,6.69,5.06,8.2,5.72,6.59,1,0,2022
6569,2022,Maramures,Liceul Sportiv Onisifor Ghibu,Urban,F,9.72,8.21,6.4,8.31,6.9,7.64,1,0,2022
6570,2022,Iasi,Colegiul National Onisifor Ghibu,Urban,F,7.4,8.87,8.01,10.0,6.13,8.22,1,0,2022
6571,2022,Calarasi,Colegiul Economic Lucian Blaga,Urban,F,8.81,7.72,10.0,7.56,6.07,8.24,1,0,2022
6572,2022,Dambovita,Liceul Tehnologic Constantin Brancusi,Rural,F,7.28,7.3,7.18,8.93,6.16,7.34,1,0,2022
6573,2022,Galati,Liceul Pedagogic Unirea,Urban,M,6.56,10.0,9.94,6.3,9.06,8.94,0,1,2022
6574,2022,Tulcea,Liceul de Arte Alexandru Ioan Cuza,Urban,F,10.0,9.37,6.9,7.38,5.0,7.74,1,0,2022
6575,2022,Harghita,Liceul Pedagogic Constantin Brancusi,Rural,F,8.1,7.86,7.29,6.11,9.34,7.67,1,0,2022
6576,2022,Galati,Scoala Nationala Ana Ipatescu,Rural,F,2.69,3.95,4.74,6.71,5.18,4.66,0,0,2022
6577,2022,Bihor,Liceul Tehnologic Ion Barbu,Rural,M,10.0,8.81,6.01,7.9,5.23,7.42,1,0,2022
6578,2022,Giurgiu,Liceul Tehnologic Grigore Moisil,Rural,F,8.0,8.09,6.19,8.21,6.39,7.27,1,0,2022
6579,2022,Iasi,Liceul Pedagogic Alexandru Ioan Cuza,Rural,F,8.16,9.22,7.55,5.0,7.23,7.68,1,0,2022
6580,2022,Vaslui,Colegiul Tehnic Traian,Rural,M,9.0,7.48,7.73,7.51,9.25,7.98,1,0,2022
6581,2022,Giurgiu,Liceul Tehnologic Decebal,Rural,F,8.9,5.95,6.92,4.84,7.47,6.6,0,0,2022
6582,2022,Teleorman,Scoala Nationala Tudor Vladimirescu,Rural,F,6.66,7.26,3.7,7.35,6.31,6.0,0,0,2022
6583,2022,Vrancea,Scoala Nationala Elena Cuza,Rural,M,9.6,6.92,6.69,6.19,7.02,7.02,1,0,2022
6584,2022,Constanta,Liceul Tehnologic Mihai Viteazul,Rural,M,9.17,7.24,6.53,8.29,9.94,7.78,1,0,2022
6585,2022,Olt,Scoala Nationala Constantin Brancusi,Rural,F,9.23,6.7,8.2,7.82,7.12,7.63,1,0,2022
6586,2022,Teleorman,Colegiul Economic Avram Iancu,Urban,M,6.96,8.58,8.78,9.56,7.99,8.54,1,0,2022
6587,2022,Salaj,Colegiul Tehnic Spiru Haret,Urban,M,8.56,5.24,9.44,6.32,9.6,7.65,1,0,2022
6588,2022,Salaj,Colegiul Tehnic Ana Ipatescu,Urban,F,8.1,7.63,5.56,9.05,6.5,7.1,1,0,2022
6589,2022,Brasov,Liceul Teoretic Dimitrie Cantemir,Urban,F,8.59,7.06,8.96,6.73,5.81,7.55,1,0,2022
6590,2022,Mehedinti,Colegiul Economic Mihai Viteazul,Rural,M,7.73,9.85,6.68,4.71,4.35,7.09,0,0,2022
6591,2022,Bihor,Liceul Tehnologic Ioan Slavici,Urban,F,10.0,10.0,7.55,9.22,9.33,9.05,1,0,2022
6592,2022,Mehedinti,Liceul Sportiv Nicolae Balcescu,Rural,M,5.42,4.18,3.64,10.0,10.0,5.89,0,0,2022
6593,2022,Mehedinti,Liceul de Arte Constantin Brancusi,Rural,F,6.22,9.81,1.0,8.24,9.13,6.47,0,0,2022
6594,2022,Teleorman,Liceul Tehnologic Decebal,Urban,F,9.71,7.14,8.54,7.72,9.81,8.3,1,0,2022
6595,2022,Arad,Colegiul Tehnic Onisifor Ghibu,Rural,F,7.5,10.0,8.3,9.4,6.75,8.66,1,0,2022
6596,2022,Galati,Liceul Teoretic George Cosbuc,Urban,F,8.43,8.73,7.3,9.25,8.66,8.34,1,0,2022
6597,2022,Hunedoara,Liceul Teoretic Traian,Urban,F,10.0,6.84,6.31,5.0,5.17,6.47,1,0,2022
6598,2022,Tulcea,Colegiul National Constantin Brancusi,Urban,F,8.28,6.16,3.87,9.41,5.74,6.11,0,0,2022
6599,2022,Satu Mare,Liceul Teoretic Stefan cel Mare,Rural,M,7.03,6.48,7.51,8.7,6.7,7.21,1,0,2022
6600,2022,Mehedinti,Colegiul Tehnic Stefan cel Mare,Rural,F,8.09,7.04,6.17,8.2,7.36,7.11,1,0,2022
6601,2022,Gorj,Colegiul Tehnic Marin Preda,Urban,F,9.37,7.79,8.67,9.76,4.1,7.95,0,1,2022
6602,2022,Cluj,Liceul de Arte Octavian Goga,Rural,F,9.14,7.71,6.67,8.38,5.87,7.37,1,0,2022
6603,2022,Valcea,Liceul de Arte Grigore Moisil,Urban,M,8.44,6.0,7.2,8.1,7.03,7.07,1,0,2022
6604,2022,Olt,Liceul Sportiv Mihai Eminescu,Urban,F,7.65,6.8,5.77,9.24,6.15,6.84,1,0,2022
6605,2022,Teleorman,Liceul Tehnologic Nicolae Balcescu,Rural,F,8.68,7.32,7.84,8.65,8.76,8.03,1,0,2022
6606,2022,Giurgiu,Colegiul Economic Emil Racovita,Rural,F,8.34,6.99,6.68,1.95,4.69,5.93,0,0,2022
6607,2022,Satu Mare,Colegiul Tehnic Dimitrie Cantemir,Rural,F,8.95,6.81,10.0,8.06,7.04,8.2,1,0,2022
6608,2022,Dolj,Liceul Pedagogic Spiru Haret,Urban,M,6.68,6.97,6.34,9.45,8.84,7.4,1,0,2022
6609,2022,Vaslui,Colegiul Tehnic Onisifor Ghibu,Urban,F,8.41,9.25,7.17,6.63,7.31,7.86,1,0,2022
6610,2022,Mures,Colegiul National Tudor Vladimirescu,Rural,M,9.14,7.92,8.43,3.67,6.65,7.37,0,0,2022
6611,2022,Giurgiu,Liceul Tehnologic Onisifor Ghibu,Urban,M,7.11,8.07,5.0,9.16,6.99,7.05,1,0,2022
6612,2022,Vrancea,Colegiul Tehnic Mircea cel Batran,Rural,F,8.55,5.24,2.41,6.82,8.17,5.4,0,0,2022
6613,2022,Bacau,Liceul Tehnologic Nicolae Balcescu,Urban,M,9.22,9.03,5.82,7.55,6.15,7.43,1,0,2022
6614,2022,Covasna,Liceul Tehnologic Regina Maria,Urban,F,10.0,7.7,5.18,6.93,9.97,7.4,1,0,2022
6615,2022,Sibiu,Colegiul National Vasile Alecsandri,Urban,M,7.7,6.07,8.72,8.39,5.37,7.27,1,0,2022
6616,2022,Alba,Liceul de Arte Decebal,Rural,M,6.58,6.93,6.4,9.2,8.34,7.29,1,0,2022
6617,2022,Harghita,Colegiul National Spiru Haret,Urban,F,6.89,8.07,5.97,10.0,5.95,7.29,1,0,2022
6618,2022,Maramures,Colegiul National Mihai Eminescu,Urban,M,8.49,5.8,3.01,6.95,4.74,5.25,0,1,2022
6619,2022,Giurgiu,Colegiul Tehnic Vasile Alecsandri,Rural,F,7.34,6.35,4.07,6.79,8.48,6.15,0,0,2022
6620,2022,Covasna,Liceul Sportiv Gheorghe Sincai,Rural,F,9.45,6.75,9.18,7.34,8.46,8.09,1,0,2022
6621,2022,Botosani,Liceul de Arte Gheorghe Sincai,Rural,F,6.75,6.94,1.14,10.0,7.03,5.65,0,0,2022
6622,2022,Vrancea,Liceul Teoretic Decebal,Urban,F,9.34,7.42,6.56,8.34,5.73,7.24,1,0,2022
6623,2022,Vrancea,Colegiul Tehnic Tudor Vladimirescu,Rural,F,7.36,6.58,5.9,9.05,6.99,6.89,1,0,2022
6624,2022,Salaj,Liceul Tehnologic Mihai Eminescu,Rural,F,8.74,6.94,3.68,3.64,3.5,5.13,0,0,2022
6625,2022,Tulcea,Colegiul National Ana Ipatescu,Urban,M,7.13,8.84,8.93,7.65,8.67,8.49,1,0,2022
6626,2022,Arad,Scoala Nationala Mihai Eminescu,Rural,M,7.18,7.02,5.13,7.08,6.88,6.46,1,0,2022
6627,2022,Bistrita-Nasaud,Colegiul Economic Mihai Eminescu,Urban,M,6.39,10.0,6.13,6.66,9.92,7.96,1,0,2022
6628,2022,Gorj,Colegiul Tehnic Mircea cel Batran,Urban,F,9.64,6.66,9.64,7.22,8.51,8.21,1,0,2022
6629,2022,Valcea,Colegiul Economic Nicolae Balcescu,Urban,F,9.31,7.06,5.11,4.61,7.94,6.46,0,1,2022
6630,2022,Ialomita,Colegiul National Marin Preda,Urban,M,7.81,8.09,7.37,9.68,7.02,7.92,1,0,2022
6631,2022,Iasi,Scoala Nationala Traian,Rural,M,8.21,7.15,2.55,4.05,8.71,5.64,0,0,2022
6632,2022,Teleorman,Liceul Sportiv Nicolae Balcescu,Urban,M,7.44,8.2,6.97,8.47,7.45,7.68,1,0,2022
6633,2022,Giurgiu,Liceul Teoretic Bogdan Voda,Urban,M,8.54,8.99,6.48,10.0,7.3,8.09,1,0,2022
6634,2022,Covasna,Liceul Sportiv Onisifor Ghibu,Urban,F,6.66,10.0,9.37,5.25,6.82,8.29,1,0,2022
6635,2022,Gorj,Liceul de Arte Stefan cel Mare,Urban,M,9.6,8.23,7.96,8.28,6.81,8.08,1,0,2022
6636,2022,Bucuresti,Liceul Teoretic Elena Cuza,Urban,F,8.76,10.0,6.61,8.63,8.14,8.37,1,0,2022
6637,2022,Mehedinti,Liceul de Arte Ioan Slavici,Urban,M,8.03,8.79,6.27,8.01,10.0,8.02,1,0,2022
6638,2022,Sibiu,Colegiul Economic Ion Luca Caragiale,Rural,F,7.19,3.59,1.0,4.66,6.52,3.77,0,0,2022
6639,2022,Valcea,Scoala Nationala Bogdan Voda,Urban,M,8.24,7.65,5.15,5.46,7.94,6.67,0,1,2022
6640,2022,Buzau,Liceul de Arte Mihai Viteazul,Urban,M,8.96,6.07,8.03,8.83,10.0,7.95,1,0,2022
6641,2022,Constanta,Colegiul Tehnic Mihai Viteazul,Rural,M,10.0,8.42,9.38,7.0,7.5,8.52,1,0,2022
6642,2022,Olt,Liceul de Arte Traian,Urban,M,7.19,5.53,5.72,7.01,8.78,6.46,1,0,2022
6643,2022,Harghita,Liceul Pedagogic Ion Luca Caragiale,Urban,F,8.52,6.81,8.06,9.73,6.88,7.8,1,0,2022
6644,2022,Timis,Liceul de Arte Elena Cuza,Urban,F,10.0,7.34,7.29,7.92,10.0,8.08,1,0,2022
6645,2022,Giurgiu,Liceul Teoretic Alexandru Ioan Cuza,Urban,F,9.0,4.39,8.78,5.59,5.82,6.56,0,0,2022
6646,2022,Bihor,Liceul Pedagogic Ion Luca Caragiale,Urban,F,5.78,10.0,8.69,9.29,8.86,8.91,0,1,2022
6647,2022,Botosani,Colegiul Tehnic Bogdan Voda,Rural,M,8.21,10.0,6.05,8.9,10.0,8.47,1,0,2022
6648,2022,Botosani,Liceul de Arte Avram Iancu,Urban,M,9.51,8.0,6.13,7.97,10.0,7.89,1,0,2022
6649,2022,Dolj,Liceul de Arte Dimitrie Cantemir,Rural,F,7.39,7.24,7.1,9.07,5.1,7.17,1,0,2022
6650,2022,Giurgiu,Scoala Nationala Constantin Brancusi,Urban,F,8.45,9.35,9.72,6.23,8.25,8.74,1,0,2022
6651,2022,Bacau,Liceul Tehnologic Unirea,Rural,M,7.75,8.98,5.0,8.0,5.68,7.02,1,0,2022
6652,2022,Salaj,Liceul Pedagogic Ion Luca Caragiale,Rural,F,4.32,8.98,2.21,6.95,9.61,6.27,0,0,2022
6653,2022,Valcea,Colegiul Economic Ion Barbu,Urban,F,6.78,5.67,5.0,9.86,10.0,6.86,1,0,2022
6654,2022,Brasov,Liceul Pedagogic Ion Luca Caragiale,Urban,M,9.53,7.87,8.71,10.0,7.95,8.62,1,0,2022
6655,2022,Bucuresti,Colegiul Tehnic Alexandru Ioan Cuza,Urban,F,3.92,9.38,5.16,4.9,4.49,6.16,0,0,2022
6656,2022,Prahova,Colegiul Economic Mircea cel Batran,Urban,F,9.54,7.19,9.25,5.46,7.08,7.77,1,0,2022
6657,2022,Dolj,Colegiul Tehnic Tudor Vladimirescu,Urban,M,7.46,10.0,7.96,7.45,8.33,8.5,1,0,2022
6658,2022,Botosani,Liceul Tehnologic Avram Iancu,Urban,F,6.32,7.79,5.09,3.38,6.85,6.03,0,0,2022
6659,2022,Galati,Colegiul Tehnic Ion Luca Caragiale,Rural,M,7.28,6.1,6.21,10.0,7.48,7.04,1,0,2022
6660,2022,Tulcea,Liceul de Arte Mihai Eminescu,Rural,F,7.78,7.97,5.36,4.67,1.0,5.63,0,0,2022
6661,2022,Giurgiu,Colegiul Tehnic Tudor Vladimirescu,Urban,M,7.76,8.35,7.85,9.14,10.0,8.51,1,0,2022
6662,2022,Olt,Liceul Sportiv Avram Iancu,Urban,F,9.62,6.65,7.67,6.09,7.94,7.36,1,0,2022
6663,2022,Brasov,Liceul Teoretic Regina Maria,Rural,M,6.28,10.0,3.22,6.67,9.14,6.97,0,0,2022
6664,2022,Prahova,Liceul Teoretic Marin Preda,Rural,M,9.86,8.19,5.97,5.23,8.83,7.34,1,0,2022
6665,2022,Bistrita-Nasaud,Liceul de Arte Avram Iancu,Urban,M,7.38,8.75,5.16,7.57,7.05,7.1,1,0,2022
6666,2022,Galati,Liceul Sportiv Stefan cel Mare,Urban,F,9.72,8.07,8.39,7.38,6.65,8.01,1,0,2022
6667,2022,Harghita,Liceul Tehnologic Unirea,Urban,M,9.09,7.84,8.09,7.68,8.0,8.04,1,0,2022
6668,2022,Calarasi,Liceul Sportiv Avram Iancu,Urban,F,9.06,7.56,9.14,8.27,9.16,8.53,1,0,2022
6669,2022,Botosani,Colegiul National Octavian Goga,Rural,F,8.56,6.48,6.09,8.47,7.72,7.06,1,0,2022
6670,2022,Suceava,Liceul Pedagogic Marin Preda,Rural,M,7.52,5.5,3.57,6.71,4.11,5.1,0,0,2022
6671,2022,Braila,Liceul Tehnologic Gheorghe Sincai,Rural,F,3.09,2.85,6.28,5.97,5.52,4.77,0,0,2022
6672,2022,Brasov,Liceul Pedagogic Avram Iancu,Urban,F,6.13,7.79,5.07,6.03,10.0,6.88,1,0,2022
6673,2022,Dolj,Colegiul National Grigore Moisil,Urban,F,9.18,9.17,5.0,8.75,7.14,7.55,1,0,2022
6674,2022,Vrancea,Liceul Sportiv Mihai Eminescu,Urban,F,4.39,5.06,10.0,5.77,8.71,7.13,0,0,2022
6675,2022,Harghita,Liceul Sportiv Decebal,Urban,F,7.13,7.83,5.46,7.66,8.48,7.12,1,0,2022
6676,2022,Suceava,Colegiul Economic Mircea cel Batran,Rural,M,6.51,2.58,7.32,10.0,6.68,6.12,0,0,2022
6677,2022,Iasi,Liceul Pedagogic Decebal,Urban,F,8.61,9.06,8.89,8.75,7.8,8.73,1,0,2022
6678,2022,Olt,Colegiul Tehnic Unirea,Urban,F,9.2,8.54,7.27,8.34,8.23,8.15,1,0,2022
6679,2022,Arad,Liceul Pedagogic Mihai Viteazul,Rural,F,9.83,8.52,7.86,5.67,7.3,7.84,1,0,2022
6680,2022,Iasi,Liceul Tehnologic Ana Ipatescu,Rural,F,7.17,6.87,7.55,8.45,6.42,7.27,1,0,2022
6681,2022,Alba,Liceul de Arte Regina Maria,Rural,F,7.51,7.31,5.34,7.88,10.0,7.23,1,0,2022
6682,2022,Dambovita,Scoala Nationala George Cosbuc,Urban,M,2.48,5.77,6.84,5.85,6.73,5.92,0,0,2022
6683,2022,Mures,Colegiul Economic Spiru Haret,Rural,M,5.39,4.64,4.15,4.52,8.96,5.2,0,0,2022
6684,2022,Satu Mare,Liceul Sportiv Nicolae Balcescu,Urban,F,9.78,8.7,5.0,7.69,7.75,7.4,1,0,2022
6685,2022,Brasov,Liceul de Arte Ana Ipatescu,Rural,F,9.83,7.48,5.62,8.35,6.15,7.09,1,0,2022
6686,2022,Brasov,Liceul Tehnologic Alexandru Ioan Cuza,Urban,F,8.56,7.98,6.54,9.33,5.0,7.36,1,0,2022
6687,2022,Constanta,Scoala Nationala Tudor Vladimirescu,Urban,F,8.85,8.42,9.98,10.0,5.45,8.72,1,0,2022
6688,2022,Mehedinti,Liceul Pedagogic Lucian Blaga,Urban,F,6.84,9.47,2.69,5.37,7.79,6.31,0,0,2022
6689,2022,Gorj,Liceul Sportiv George Cosbuc,Rural,M,10.0,3.05,5.73,7.55,9.34,6.17,0,0,2022
6690,2022,Timis,Colegiul National Marin Preda,Urban,M,8.23,7.94,7.05,9.53,7.79,7.92,1,0,2022
6691,2022,Prahova,Liceul Sportiv Ion Luca Caragiale,Rural,F,8.55,10.0,6.18,6.67,8.37,7.96,1,0,2022
6692,2022,Harghita,Liceul Pedagogic Onisifor Ghibu,Urban,F,9.15,8.25,6.54,8.73,6.36,7.62,1,0,2022
6693,2022,Galati,Colegiul Tehnic Tudor Vladimirescu,Urban,F,8.77,7.26,9.26,7.17,10.0,8.41,1,0,2022
6694,2022,Bacau,Liceul Sportiv Vasile Alecsandri,Urban,M,10.0,8.95,7.4,9.48,8.47,8.6,1,0,2022
6695,2022,Suceava,Liceul Sportiv Elena Cuza,Urban,F,9.87,8.83,6.88,7.93,8.1,8.1,1,0,2022
6696,2022,Dambovita,Colegiul Economic Constantin Brancusi,Urban,F,9.87,6.95,4.71,6.89,6.07,6.43,0,0,2022
6697,2022,Ilfov,Colegiul Tehnic Mircea cel Batran,Rural,F,6.39,5.32,4.5,4.25,2.03,4.53,0,0,2022
6698,2022,Suceava,Liceul Pedagogic Vasile Alecsandri,Urban,F,9.2,6.44,7.06,7.9,3.69,6.71,0,0,2022
6699,2022,Giurgiu,Liceul Sportiv Decebal,Rural,M,6.67,9.84,3.89,10.0,7.49,7.41,0,0,2022
6700,2022,Prahova,Liceul Sportiv Mircea cel Batran,Rural,M,7.93,6.88,7.96,8.59,6.36,7.49,1,0,2022
6701,2022,Harghita,Colegiul National Mihai Eminescu,Rural,F,7.16,6.26,6.86,6.59,6.21,6.57,1,0,2022
6702,2022,Constanta,Liceul Sportiv Avram Iancu,Urban,M,10.0,8.56,7.46,9.41,7.92,8.41,1,0,2022
6703,2022,Botosani,Colegiul Economic Constantin Brancusi,Rural,M,4.85,3.77,2.64,6.88,4.28,4.08,0,0,2022
6704,2022,Ilfov,Liceul de Arte Grigore Moisil,Urban,M,7.15,5.9,6.13,6.72,6.31,6.28,1,0,2022
6705,2022,Gorj,Colegiul Economic Octavian Goga,Rural,F,4.62,6.88,10.0,7.02,10.0,8.08,0,0,2022
6706,2022,Giurgiu,Liceul Tehnologic Emil Racovita,Urban,F,6.8,6.55,9.49,6.91,9.1,7.89,1,0,2022
6707,2022,Cluj,Liceul Pedagogic Ana Ipatescu,Urban,F,8.45,4.19,6.86,7.05,3.17,5.69,0,1,2022
6708,2022,Maramures,Liceul Teoretic Spiru Haret,Urban,M,7.49,8.49,7.01,7.92,8.77,7.9,1,0,2022
6709,2022,Prahova,Colegiul Tehnic Constantin Brancusi,Urban,M,10.0,7.68,6.42,8.62,7.21,7.6,1,0,2022
6710,2022,Arges,Liceul Teoretic Spiru Haret,Urban,F,8.12,7.54,6.2,7.41,10.0,7.55,1,0,2022
6711,2022,Maramures,Liceul Tehnologic Nicolae Balcescu,Rural,M,8.08,6.33,7.16,9.07,7.28,7.31,1,0,2022
6712,2022,Alba,Colegiul Economic Regina Maria,Urban,F,9.52,9.69,7.92,7.48,10.0,8.86,1,0,2022
6713,2022,Ialomita,Liceul de Arte Ioan Slavici,Rural,F,5.91,7.09,9.64,9.32,7.57,8.14,1,0,2022
6714,2022,Galati,Colegiul National Emil Racovita,Urban,F,8.97,7.4,8.96,7.9,10.0,8.49,1,0,2022
6715,2022,Calarasi,Colegiul National Octavian Goga,Urban,M,7.59,8.36,8.13,8.73,8.55,8.3,1,0,2022
6716,2022,Mures,Liceul de Arte Vasile Alecsandri,Urban,M,10.0,7.68,10.0,8.13,6.95,8.57,1,0,2022
6717,2022,Prahova,Liceul Tehnologic Ana Ipatescu,Urban,M,9.74,7.0,8.99,7.62,8.13,8.13,1,0,2022
6718,2022,Arad,Liceul Pedagogic Bogdan Voda,Urban,F,7.49,5.0,8.81,6.65,8.41,7.15,1,0,2022
6719,2022,Giurgiu,Colegiul National Ana Ipatescu,Rural,F,8.58,8.37,8.18,7.19,10.0,8.4,1,0,2022
6720,2022,Bistrita-Nasaud,Liceul Tehnologic Avram Iancu,Rural,F,8.84,5.66,8.15,9.75,8.55,7.77,1,0,2022
6721,2022,Prahova,Liceul de Arte Regina Maria,Urban,M,9.7,5.83,9.61,7.41,9.75,8.18,1,0,2022
6722,2022,Constanta,Scoala Nationala Spiru Haret,Rural,F,8.23,7.42,6.83,9.39,6.12,7.42,1,0,2022
6723,2022,Bistrita-Nasaud,Liceul Sportiv Bogdan Voda,Urban,F,5.99,4.51,4.29,8.37,7.91,5.68,0,0,2022
6724,2022,Covasna,Liceul Teoretic Vasile Alecsandri,Rural,M,8.7,5.48,10.0,9.64,8.44,8.23,1,0,2022
6725,2022,Covasna,Liceul Tehnologic Stefan cel Mare,Urban,F,8.82,9.03,5.84,7.45,8.46,7.73,1,0,2022
6726,2022,Ilfov,Liceul Sportiv Lucian Blaga,Rural,F,7.37,6.76,6.94,8.84,8.75,7.49,1,0,2022
6727,2022,Gorj,Colegiul Tehnic Mircea cel Batran,Rural,M,8.09,7.73,10.0,8.06,10.0,8.84,1,0,2022
6728,2022,Giurgiu,Colegiul Economic Nicolae Balcescu,Urban,M,7.65,7.29,5.0,8.88,9.05,7.14,1,0,2022
6729,2022,Brasov,Colegiul Economic Spiru Haret,Rural,M,6.76,6.49,1.0,3.22,3.43,3.92,0,0,2022
6730,2022,Harghita,Liceul Sportiv Nicolae Balcescu,Urban,M,10.0,8.05,5.73,6.73,5.96,7.04,1,0,2022
6731,2022,Harghita,Colegiul National Octavian Goga,Rural,F,9.92,5.87,9.7,7.38,6.48,7.74,1,0,2022
6732,2022,Maramures,Colegiul Economic Bogdan Voda,Urban,F,8.54,6.38,8.16,7.72,8.28,7.62,1,0,2022
6733,2022,Ilfov,Liceul Pedagogic Stefan cel Mare,Urban,F,9.06,9.25,8.23,8.08,9.4,8.77,1,0,2022
6734,2022,Arges,Colegiul National Lucian Blaga,Urban,M,9.87,9.22,8.18,9.3,5.0,8.35,1,0,2022
6735,2022,Hunedoara,Liceul Sportiv Ion Barbu,Urban,M,8.58,8.99,8.23,8.64,7.8,8.49,1,0,2022
6736,2022,Giurgiu,Colegiul Economic Mihai Eminescu,Urban,F,7.4,5.42,5.9,9.03,6.62,6.48,1,0,2022
6737,2022,Iasi,Colegiul Economic Lucian Blaga,Rural,F,9.18,8.87,4.31,7.58,3.77,6.57,0,0,2022
6738,2022,Cluj,Liceul Teoretic Onisifor Ghibu,Rural,M,8.01,7.35,9.73,9.57,7.72,8.52,1,0,2022
6739,2022,Salaj,Liceul Tehnologic Bogdan Voda,Urban,F,8.71,7.63,8.46,8.67,7.64,8.14,1,0,2022
6740,2022,Vaslui,Liceul Tehnologic Ioan Slavici,Urban,M,6.89,5.95,5.95,7.66,9.21,6.79,1,0,2022
6741,2022,Iasi,Liceul de Arte Emil Racovita,Urban,F,8.59,9.0,9.92,6.2,8.28,8.71,1,0,2022
6742,2022,Maramures,Liceul Tehnologic Avram Iancu,Urban,F,8.65,7.46,8.07,8.94,8.21,8.1,1,0,2022
6743,2022,Ilfov,Colegiul Tehnic Dimitrie Cantemir,Rural,M,8.88,7.53,5.33,7.19,10.0,7.32,1,0,2022
6744,2022,Salaj,Liceul Pedagogic Nicolae Balcescu,Urban,F,8.15,5.0,6.57,8.4,8.55,6.83,1,0,2022
6745,2022,Constanta,Liceul Teoretic Marin Preda,Urban,F,8.24,6.77,3.72,5.81,4.08,5.45,0,0,2022
6746,2022,Maramures,Colegiul National Traian,Urban,F,7.53,10.0,5.99,6.49,7.39,7.63,1,0,2022
6747,2022,Ilfov,Liceul Tehnologic Emil Racovita,Urban,F,5.99,4.99,4.9,8.7,7.6,6.01,0,1,2022
6748,2022,Alba,Colegiul National Gheorghe Sincai,Rural,M,6.85,7.9,9.36,7.9,8.41,8.31,1,0,2022
6749,2022,Alba,Colegiul Tehnic Constantin Brancusi,Rural,M,2.51,7.18,7.14,5.01,8.05,6.51,0,0,2022
6750,2022,Covasna,Liceul Sportiv Ion Barbu,Rural,F,5.98,8.04,6.99,7.37,4.19,6.84,0,0,2022
6751,2022,Bucuresti,Scoala Nationala Decebal,Urban,F,7.06,9.79,10.0,10.0,7.3,9.24,1,0,2022
6752,2022,Tulcea,Liceul Tehnologic Decebal,Urban,F,7.42,8.82,9.14,9.82,9.03,8.96,1,0,2022
6753,2022,Dolj,Scoala Nationala Stefan cel Mare,Rural,M,10.0,8.56,9.68,6.43,8.83,8.76,1,0,2022
6754,2022,Harghita,Scoala Nationala George Cosbuc,Urban,F,9.37,6.01,3.38,4.38,6.61,5.4,0,0,2022
6755,2022,Iasi,Colegiul Economic Regina Maria,Rural,F,6.73,8.4,6.6,9.12,5.22,7.32,1,0,2022
6756,2022,Sibiu,Colegiul National Decebal,Urban,M,8.09,5.0,5.68,10.0,8.88,6.84,1,0,2022
6757,2022,Bacau,Liceul Tehnologic Constantin Brancusi,Urban,M,9.79,8.33,9.53,8.09,8.57,8.84,1,0,2022
6758,2022,Giurgiu,Liceul Sportiv Marin Preda,Rural,F,8.32,8.87,7.11,3.64,8.34,7.42,0,0,2022
6759,2022,Dambovita,Liceul Sportiv Avram Iancu,Rural,M,9.0,7.52,7.78,8.12,5.66,7.56,1,0,2022
6760,2022,Buzau,Liceul Tehnologic Lucian Blaga,Urban,F,10.0,8.09,5.63,10.0,7.42,7.73,1,0,2022
6761,2022,Botosani,Liceul Tehnologic Unirea,Urban,M,6.93,6.0,6.19,7.79,7.78,6.69,1,0,2022
6762,2022,Ilfov,Liceul Teoretic Dimitrie Cantemir,Urban,M,8.18,8.31,6.07,9.98,8.77,7.94,1,0,2022
6763,2022,Mehedinti,Liceul de Arte Ana Ipatescu,Urban,M,8.42,7.59,7.62,8.9,7.82,7.91,1,0,2022
6764,2022,Constanta,Liceul de Arte Ion Barbu,Urban,F,7.37,6.19,7.3,6.32,8.68,7.03,1,0,2022
6765,2022,Buzau,Liceul Sportiv George Cosbuc,Rural,F,3.87,7.7,5.79,7.45,5.54,6.38,0,0,2022
6766,2022,Covasna,Liceul Tehnologic Stefan cel Mare,Rural,F,1.93,10.0,6.51,9.74,5.87,7.49,0,1,2022
6767,2022,Teleorman,Colegiul National Onisifor Ghibu,Urban,F,7.07,8.27,5.96,10.0,7.33,7.58,1,0,2022
6768,2022,Covasna,Liceul de Arte Ana Ipatescu,Urban,M,8.21,7.63,10.0,5.7,5.84,7.84,1,0,2022
6769,2022,Prahova,Liceul de Arte Marin Preda,Rural,M,8.08,6.85,6.37,3.83,10.0,6.85,0,0,2022
6770,2022,Vaslui,Colegiul Economic Unirea,Urban,M,8.23,8.71,7.48,5.94,8.67,7.87,1,0,2022
6771,2022,Bacau,Liceul Pedagogic Unirea,Rural,F,6.12,5.29,2.23,5.87,8.17,4.97,0,0,2022
6772,2022,Iasi,Colegiul National Spiru Haret,Rural,M,10.0,8.06,7.11,8.4,6.34,7.76,1,0,2022
6773,2022,Galati,Colegiul Economic Ioan Slavici,Rural,F,6.7,8.53,6.24,7.0,6.92,7.19,1,0,2022
6774,2022,Brasov,Liceul Pedagogic Ioan Slavici,Urban,F,7.15,7.37,8.27,8.87,7.79,7.91,1,0,2022
6775,2022,Botosani,Liceul Teoretic Emil Racovita,Rural,M,6.53,1.0,5.17,7.8,6.46,4.64,0,0,2022
6776,2022,Satu Mare,Colegiul National Regina Maria,Urban,F,8.81,8.26,6.87,7.49,10.0,8.04,1,0,2022
6777,2022,Olt,Liceul Tehnologic Unirea,Urban,F,8.87,7.66,6.11,8.13,6.58,7.22,1,0,2022
6778,2022,Timis,Liceul Tehnologic Mihai Viteazul,Urban,F,8.62,6.98,5.0,7.85,7.25,6.72,1,0,2022
6779,2022,Harghita,Colegiul Tehnic Lucian Blaga,Urban,M,8.3,7.84,8.55,10.0,8.03,8.45,1,0,2022
6780,2022,Constanta,Liceul Teoretic Elena Cuza,Rural,M,8.2,8.9,8.92,6.64,9.04,8.52,1,0,2022
6781,2022,Bihor,Colegiul Economic Alexandru Ioan Cuza,Rural,M,5.61,4.47,4.43,3.2,4.95,4.45,0,0,2022
6782,2022,Galati,Liceul Pedagogic Grigore Moisil,Urban,F,6.82,7.72,5.36,7.94,1.0,5.95,0,0,2022
6783,2022,Calarasi,Scoala Nationala Unirea,Urban,F,7.04,3.78,6.06,5.27,4.98,5.19,0,0,2022
6784,2022,Buzau,Liceul Pedagogic Lucian Blaga,Urban,M,9.66,7.49,2.97,7.12,6.74,6.18,0,0,2022
6785,2022,Cluj,Liceul Teoretic Bogdan Voda,Rural,M,7.13,7.78,7.7,7.09,5.82,7.29,1,0,2022
6786,2022,Tulcea,Scoala Nationala George Cosbuc,Rural,M,10.0,5.88,8.26,7.0,7.89,7.48,1,0,2022
6787,2022,Cluj,Liceul Teoretic Regina Maria,Urban,F,9.0,7.5,8.39,6.53,7.13,7.72,1,0,2022
6788,2022,Dolj,Scoala Nationala Dimitrie Cantemir,Rural,F,6.93,8.36,7.22,7.38,5.98,7.37,1,0,2022
6789,2022,Dambovita,Liceul Teoretic Dimitrie Cantemir,Urban,M,7.37,8.69,5.11,9.81,9.36,7.75,1,0,2022
6790,2022,Alba,Colegiul National Mihai Viteazul,Urban,F,8.25,7.15,6.83,6.97,8.09,7.28,1,0,2022
6791,2022,Dolj,Liceul Pedagogic Mihai Viteazul,Urban,F,9.3,8.0,10.0,7.99,8.19,8.76,1,0,2022
6792,2022,Valcea,Liceul Teoretic Avram Iancu,Rural,M,10.0,7.03,6.68,7.5,8.97,7.58,1,0,2022
6793,2022,Suceava,Colegiul Economic Decebal,Rural,M,6.58,5.99,4.08,5.7,4.59,5.22,0,0,2022
6794,2022,Neamt,Liceul Teoretic Traian,Urban,F,9.98,7.69,5.79,7.88,8.07,7.43,1,0,2022
6795,2022,Vrancea,Colegiul Economic Ana Ipatescu,Urban,M,8.03,10.0,8.77,6.98,6.28,8.42,1,0,2022
6796,2022,Bucuresti,Colegiul Economic Elena Cuza,Urban,M,8.64,5.8,8.71,7.21,7.83,7.47,1,0,2022
6797,2022,Galati,Liceul Tehnologic Mircea cel Batran,Urban,M,9.21,8.83,5.0,7.11,7.38,7.24,1,0,2022
6798,2022,Dolj,Colegiul National Gheorghe Sincai,Rural,F,8.87,6.72,5.3,7.93,7.71,6.84,1,0,2022
6799,2022,Botosani,Liceul Pedagogic Nicolae Balcescu,Urban,F,8.91,7.74,6.49,6.88,7.01,7.24,1,0,2022
6800,2022,Prahova,Liceul de Arte Constantin Brancusi,Urban,F,7.68,8.62,8.15,9.02,7.7,8.31,1,0,2022
6801,2022,Vaslui,Liceul Tehnologic Marin Preda,Rural,M,6.05,4.59,4.06,6.37,6.35,5.11,0,0,2022
6802,2022,Vrancea,Colegiul National Stefan cel Mare,Urban,F,9.04,6.54,9.33,5.17,6.18,7.37,1,0,2022
6803,2022,Hunedoara,Liceul Teoretic Stefan cel Mare,Urban,M,8.52,8.06,5.0,9.25,8.91,7.49,1,0,2022
6804,2022,Vrancea,Liceul Pedagogic Stefan cel Mare,Rural,F,6.32,7.69,6.33,10.0,4.6,7.03,0,0,2022
6805,2022,Ilfov,Liceul Sportiv Dimitrie Cantemir,Rural,F,9.23,7.56,6.76,6.78,9.46,7.65,1,0,2022
6806,2022,Ilfov,Liceul Tehnologic Ioan Slavici,Urban,F,9.04,8.73,10.0,9.35,7.28,9.02,1,0,2022
6807,2022,Giurgiu,Colegiul Economic Avram Iancu,Urban,M,5.72,8.22,6.17,5.11,7.5,6.78,1,0,2022
6808,2022,Botosani,Colegiul Economic Marin Preda,Urban,M,6.08,9.38,6.55,6.76,9.26,7.79,1,0,2022
6809,2022,Ialomita,Liceul Pedagogic Regina Maria,Urban,F,9.63,7.62,9.86,6.67,7.73,8.37,1,0,2022
6810,2022,Bacau,Scoala Nationala Onisifor Ghibu,Urban,M,7.6,9.68,8.69,9.11,8.25,8.88,1,0,2022
6811,2022,Valcea,Colegiul National Decebal,Urban,F,7.01,6.03,7.42,7.66,7.65,7.03,1,0,2022
6812,2022,Prahova,Liceul Pedagogic Vasile Alecsandri,Rural,F,8.9,7.41,6.61,8.54,7.15,7.45,1,0,2022
6813,2022,Covasna,Colegiul Tehnic George Cosbuc,Rural,M,7.19,8.44,9.75,7.9,7.99,8.56,1,0,2022
6814,2022,Tulcea,Liceul de Arte Gheorghe Sincai,Rural,F,7.1,8.26,9.51,7.27,5.36,7.94,1,0,2022
6815,2022,Arges,Liceul Pedagogic Regina Maria,Urban,F,8.67,7.34,7.98,8.8,8.59,8.07,1,0,2022
6816,2022,Ilfov,Liceul de Arte Avram Iancu,Urban,F,8.94,6.78,5.68,7.02,9.23,7.07,0,1,2022
6817,2022,Bucuresti,Colegiul Tehnic Marin Preda,Rural,M,9.08,7.35,7.04,6.3,10.0,7.67,1,0,2022
6818,2022,Prahova,Colegiul Tehnic Nicolae Balcescu,Urban,M,5.54,5.72,5.36,5.49,8.87,6.03,1,0,2022
6819,2022,Olt,Colegiul National Unirea,Urban,M,8.43,5.27,5.38,9.76,9.61,6.94,1,0,2022
6820,2022,Iasi,Liceul Pedagogic Mihai Eminescu,Rural,M,6.65,10.0,6.85,7.87,5.05,7.66,1,0,2022
6821,2022,Dambovita,Colegiul National Gheorghe Sincai,Urban,M,8.63,8.28,5.72,8.08,6.39,7.23,1,0,2022
6822,2022,Bihor,Liceul Tehnologic Nicolae Balcescu,Urban,F,9.75,7.91,6.94,7.43,10.0,8.04,1,0,2022
6823,2022,Hunedoara,Colegiul National Avram Iancu,Urban,M,10.0,6.63,5.96,7.76,9.43,7.36,1,0,2022
6824,2022,Iasi,Liceul Sportiv Gheorghe Sincai,Urban,M,5.54,4.6,2.35,6.1,6.28,4.5,0,0,2022
6825,2022,Olt,Liceul de Arte Lucian Blaga,Urban,M,7.49,8.37,5.0,6.28,10.0,7.2,1,0,2022
6826,2022,Satu Mare,Liceul Sportiv Marin Preda,Urban,M,10.0,4.55,8.74,9.94,8.91,7.81,0,1,2022
6827,2022,Hunedoara,Colegiul Economic Alexandru Ioan Cuza,Urban,M,8.37,5.98,6.38,7.9,8.52,7.01,1,0,2022
6828,2022,Dolj,Liceul Pedagogic Ana Ipatescu,Rural,M,5.66,5.9,6.16,5.43,4.25,5.64,0,0,2022
6829,2022,Bihor,Scoala Nationala Stefan cel Mare,Urban,F,7.96,5.72,7.81,8.32,6.59,7.09,1,0,2022
6830,2022,Timis,Colegiul Economic Emil Racovita,Urban,F,9.63,3.85,4.29,8.44,10.0,6.17,0,1,2022
6831,2022,Galati,Colegiul National Stefan cel Mare,Rural,M,6.97,8.42,5.0,8.41,6.42,6.95,1,0,2022
6832,2022,Tulcea,Liceul Teoretic Mihai Viteazul,Urban,M,6.67,5.59,4.67,7.45,7.11,5.93,0,0,2022
6833,2022,Bucuresti,Colegiul Tehnic Regina Maria,Rural,F,10.0,5.91,5.38,9.04,6.85,6.77,1,0,2022
6834,2022,Prahova,Liceul Teoretic Mircea cel Batran,Urban,M,7.46,6.76,6.61,4.9,9.42,6.9,0,0,2022
6835,2022,Arad,Colegiul Tehnic George Cosbuc,Rural,M,9.21,8.77,10.0,10.0,9.77,9.52,1,0,2022
6836,2022,Maramures,Liceul Teoretic Bogdan Voda,Urban,M,3.66,5.19,8.26,3.27,6.58,5.88,0,0,2022
6837,2022,Buzau,Colegiul Tehnic Ana Ipatescu,Rural,F,8.28,9.57,8.91,7.55,8.68,8.81,1,0,2022
6838,2022,Tulcea,Liceul Tehnologic Emil Racovita,Rural,M,7.76,5.73,6.53,6.31,6.98,6.45,1,0,2022
6839,2022,Olt,Colegiul Economic Octavian Goga,Rural,F,8.73,9.38,6.62,7.87,5.26,7.64,1,0,2022
6840,2022,Bihor,Liceul de Arte Octavian Goga,Rural,M,9.99,8.69,4.32,5.83,8.82,7.1,0,0,2022
6841,2022,Cluj,Colegiul Economic Avram Iancu,Urban,F,8.16,8.14,6.12,8.18,6.73,7.33,1,0,2022
6842,2022,Arad,Liceul Tehnologic Nicolae Balcescu,Rural,F,10.0,5.0,6.7,8.78,7.92,7.02,1,0,2022
6843,2022,Satu Mare,Colegiul National Decebal,Rural,M,8.4,9.47,6.09,7.57,6.78,7.66,1,0,2022
6844,2022,Arad,Liceul Sportiv Ioan Slavici,Rural,M,8.11,9.73,5.94,7.81,7.55,7.82,1,0,2022
6845,2022,Maramures,Liceul Teoretic Mihai Eminescu,Rural,M,8.25,7.82,5.8,9.75,7.49,7.5,1,0,2022
6846,2022,Satu Mare,Liceul Sportiv Tudor Vladimirescu,Urban,F,6.64,6.01,4.69,4.23,9.96,6.0,0,0,2022
6847,2022,Covasna,Liceul Tehnologic Elena Cuza,Rural,F,8.13,7.23,7.13,6.2,8.63,7.35,1,0,2022
6848,2022,Maramures,Colegiul Tehnic Traian,Urban,M,7.26,9.53,6.96,5.44,7.95,7.68,1,0,2022
6849,2022,Iasi,Colegiul National Bogdan Voda,Rural,M,8.18,9.38,4.73,8.8,8.0,7.57,0,1,2022
6850,2022,Ilfov,Liceul Pedagogic Mihai Viteazul,Rural,F,8.17,6.71,6.16,7.15,7.7,6.91,1,0,2022
6851,2022,Alba,Scoala Nationala Grigore Moisil,Urban,F,5.73,1.45,5.62,6.4,8.17,4.88,0,0,2022
6852,2022,Braila,Liceul de Arte Decebal,Urban,M,7.99,5.06,6.06,8.87,5.4,6.28,1,0,2022
6853,2022,Braila,Scoala Nationala Alexandru Ioan Cuza,Urban,F,7.43,9.66,6.5,8.92,7.43,8.04,1,0,2022
6854,2022,Arad,Liceul Pedagogic Vasile Alecsandri,Rural,F,4.3,8.45,7.09,3.64,10.0,7.14,0,1,2022
6855,2022,Braila,Liceul Sportiv Avram Iancu,Urban,F,9.74,7.07,7.15,6.26,6.66,7.18,1,0,2022
6856,2022,Olt,Liceul Tehnologic Dimitrie Cantemir,Urban,F,8.7,9.32,6.68,7.87,10.0,8.35,1,0,2022
6857,2022,Bacau,Colegiul Tehnic Stefan cel Mare,Rural,F,7.16,7.37,7.84,4.5,3.76,6.52,0,0,2022
6858,2022,Calarasi,Scoala Nationala Decebal,Urban,F,8.45,7.01,8.01,9.05,5.05,7.47,1,0,2022
6859,2022,Brasov,Liceul Teoretic Grigore Moisil,Rural,F,10.0,8.61,8.12,8.21,7.22,8.33,1,0,2022
6860,2022,Harghita,Liceul Tehnologic Mircea cel Batran,Urban,M,9.38,8.8,6.27,7.67,7.97,7.8,1,0,2022
6861,2022,Ilfov,Liceul Teoretic Unirea,Rural,M,9.44,2.83,5.63,5.28,5.33,5.07,0,0,2022
6862,2022,Hunedoara,Liceul Pedagogic Grigore Moisil,Rural,F,6.97,7.48,5.77,8.42,9.1,7.3,1,0,2022
6863,2022,Harghita,Colegiul Economic Grigore Moisil,Urban,M,10.0,6.99,8.64,9.81,7.26,8.25,1,0,2022
6864,2022,Olt,Liceul Tehnologic Marin Preda,Rural,M,6.8,6.01,8.83,3.48,5.62,6.5,0,0,2022
6865,2022,Sibiu,Liceul Sportiv Dimitrie Cantemir,Urban,F,8.78,7.57,8.69,8.36,7.23,8.09,1,0,2022
6866,2022,Iasi,Colegiul National Lucian Blaga,Rural,F,8.93,7.93,5.73,8.33,9.91,7.73,1,0,2022
6867,2022,Mures,Liceul Sportiv Decebal,Rural,M,6.42,7.88,6.88,5.59,4.13,6.53,0,0,2022
6868,2022,Giurgiu,Colegiul National Lucian Blaga,Rural,F,9.74,8.58,4.99,8.81,7.51,7.49,0,0,2022
6869,2022,Ialomita,Liceul Tehnologic Dimitrie Cantemir,Urban,F,9.29,6.59,7.73,9.87,10.0,8.21,1,0,2022
6870,2022,Vrancea,Scoala Nationala Nicolae Balcescu,Urban,F,4.57,6.57,7.89,1.0,4.09,5.56,0,0,2022
6871,2022,Mures,Colegiul Tehnic Ion Luca Caragiale,Rural,M,8.14,4.54,2.96,6.6,3.92,4.64,0,0,2022
6872,2022,Cluj,Colegiul Economic Ioan Slavici,Urban,F,8.39,10.0,8.01,6.51,6.65,8.22,1,0,2022
6873,2022,Ialomita,Colegiul National Mircea cel Batran,Urban,M,4.17,3.37,3.45,7.54,5.43,4.41,0,0,2022
6874,2022,Brasov,Colegiul National Avram Iancu,Urban,M,8.94,10.0,5.0,8.38,6.88,7.68,1,0,2022
6875,2022,Gorj,Liceul Tehnologic Ana Ipatescu,Urban,M,7.18,8.72,6.27,9.44,9.04,7.99,1,0,2022
6876,2022,Dolj,Liceul Pedagogic Ion Luca Caragiale,Urban,M,8.39,7.78,5.46,9.28,7.28,7.3,1,0,2022
6877,2022,Vaslui,Liceul Teoretic Ioan Slavici,Rural,M,6.95,5.61,4.92,6.28,9.32,6.19,0,0,2022
6878,2022,Giurgiu,Scoala Nationala Lucian Blaga,Urban,M,8.4,8.63,6.02,10.0,7.33,7.83,1,0,2022
6879,2022,Bucuresti,Liceul Pedagogic Unirea,Rural,F,8.3,6.51,10.0,9.08,8.91,8.48,1,0,2022
6880,2022,Valcea,Liceul de Arte Alexandru Ioan Cuza,Rural,M,6.86,7.1,6.37,8.26,7.88,7.15,1,0,2022
6881,2022,Valcea,Liceul Sportiv Mircea cel Batran,Rural,F,4.09,8.72,3.42,4.25,5.82,5.56,0,0,2022
6882,2022,Tulcea,Liceul Pedagogic Onisifor Ghibu,Rural,F,2.23,6.24,2.55,5.99,8.34,5.01,0,0,2022
6883,2022,Brasov,Colegiul Tehnic Dimitrie Cantemir,Urban,M,5.89,7.68,4.55,10.0,7.35,6.86,0,0,2022
6884,2022,Vrancea,Colegiul National Octavian Goga,Rural,M,8.74,3.77,6.61,4.59,6.04,5.58,0,0,2022
6885,2022,Valcea,Liceul Sportiv Ana Ipatescu,Rural,M,3.52,8.48,6.31,6.72,9.12,7.16,0,0,2022
6886,2022,Ilfov,Liceul Pedagogic Regina Maria,Rural,F,8.75,10.0,5.91,6.99,4.9,7.43,0,0,2022
6887,2022,Giurgiu,Colegiul National Bogdan Voda,Urban,F,8.64,7.51,8.02,8.45,8.54,8.07,1,0,2022
6888,2022,Gorj,Colegiul Economic Lucian Blaga,Rural,M,9.23,7.3,5.0,10.0,9.04,7.47,1,0,2022
6889,2022,Arges,Liceul de Arte Nicolae Balcescu,Rural,M,7.64,5.23,7.89,4.19,9.62,6.77,0,0,2022
6890,2022,Ialomita,Colegiul Tehnic Constantin Brancusi,Rural,F,6.9,5.96,4.91,5.37,5.66,5.61,0,1,2022
6891,2022,Prahova,Colegiul Economic Bogdan Voda,Rural,M,8.25,2.96,3.95,9.34,6.22,5.23,0,0,2022
6892,2022,Mehedinti,Liceul Teoretic Stefan cel Mare,Urban,M,6.8,4.71,3.74,8.87,5.52,5.37,0,0,2022
6893,2022,Calarasi,Colegiul Tehnic Tudor Vladimirescu,Rural,F,8.39,4.44,5.32,6.37,4.89,5.46,0,0,2022
6894,2022,Ilfov,Liceul Sportiv Constantin Brancusi,Urban,F,8.06,7.43,6.85,7.96,7.25,7.37,1,0,2022
6895,2022,Mures,Colegiul Economic Decebal,Urban,M,5.19,5.87,3.07,7.55,4.82,5.06,0,0,2022
6896,2022,Maramures,Colegiul National Dimitrie Cantemir,Urban,M,8.71,5.24,1.68,8.1,5.3,4.96,0,0,2022
6897,2022,Cluj,Colegiul Tehnic Marin Preda,Urban,F,6.71,7.24,6.36,8.94,6.56,7.08,0,1,2022
6898,2022,Arad,Colegiul Economic Unirea,Rural,M,7.54,7.84,7.65,7.27,10.0,7.99,1,0,2022
6899,2022,Satu Mare,Colegiul Tehnic Traian,Urban,F,10.0,10.0,7.81,6.42,8.8,8.63,1,0,2022
6900,2022,Bucuresti,Scoala Nationala Elena Cuza,Rural,F,6.39,2.27,6.21,7.82,4.47,5.03,0,0,2022
6901,2022,Bistrita-Nasaud,Scoala Nationala Mihai Viteazul,Urban,M,5.43,5.36,8.29,8.57,4.9,6.66,0,0,2022
6902,2022,Bistrita-Nasaud,Liceul Teoretic Vasile Alecsandri,Rural,M,4.4,5.98,6.83,4.59,8.01,6.17,0,0,2022
6903,2022,Vrancea,Colegiul Tehnic Vasile Alecsandri,Urban,M,9.45,8.99,5.0,6.83,5.0,6.92,1,0,2022
6904,2022,Calarasi,Liceul Sportiv Ana Ipatescu,Urban,M,7.43,5.51,3.75,4.69,10.0,5.72,0,0,2022
6905,2022,Sibiu,Scoala Nationala Mihai Viteazul,Urban,M,8.4,6.91,10.0,9.34,8.73,8.62,1,0,2022
6906,2022,Vrancea,Colegiul Tehnic Bogdan Voda,Rural,M,2.96,8.4,5.93,5.95,10.0,6.99,0,0,2022
6907,2022,Sibiu,Liceul Pedagogic Ion Luca Caragiale,Rural,F,6.78,7.09,10.0,6.08,8.06,7.93,1,0,2022
6908,2022,Dolj,Scoala Nationala Vasile Alecsandri,Rural,F,9.29,6.69,8.03,10.0,7.78,8.01,1,0,2022
6909,2022,Galati,Colegiul National Emil Racovita,Urban,F,9.1,8.63,8.39,6.76,6.59,8.02,1,0,2022
6910,2022,Buzau,Colegiul National Mihai Eminescu,Rural,F,9.95,6.95,4.55,7.52,7.65,6.72,0,0,2022
6911,2022,Cluj,Liceul Teoretic Mihai Viteazul,Urban,F,7.64,7.88,6.14,6.1,6.98,6.93,1,0,2022
6912,2022,Brasov,Colegiul Tehnic Grigore Moisil,Urban,M,9.39,10.0,7.53,8.85,8.25,8.76,1,0,2022
6913,2022,Botosani,Liceul Pedagogic Nicolae Balcescu,Urban,F,8.87,6.08,8.04,9.39,7.69,7.68,1,0,2022
6914,2022,Bacau,Liceul Tehnologic Lucian Blaga,Rural,M,4.24,7.62,4.18,5.5,7.12,5.86,0,0,2022
6915,2022,Salaj,Liceul Teoretic Alexandru Ioan Cuza,Urban,F,9.15,6.28,7.77,10.0,5.02,7.38,1,0,2022
6916,2022,Calarasi,Liceul de Arte Grigore Moisil,Rural,F,8.91,7.62,5.21,6.53,6.37,6.68,1,0,2022
6917,2022,Salaj,Colegiul Economic Avram Iancu,Rural,M,6.45,9.08,8.16,9.17,5.77,8.06,1,0,2022
6918,2022,Maramures,Liceul Tehnologic Nicolae Balcescu,Rural,F,7.85,9.62,6.82,6.42,9.27,8.07,1,0,2022
6919,2022,Botosani,Colegiul Economic Dimitrie Cantemir,Rural,F,6.66,6.68,7.59,8.56,6.7,7.24,1,0,2022
6920,2022,Bucuresti,Liceul Tehnologic Ion Barbu,Rural,M,6.15,3.26,2.34,10.0,7.3,4.89,0,0,2022
6921,2022,Ialomita,Liceul Pedagogic Gheorghe Sincai,Urban,M,8.76,8.14,6.69,3.99,7.74,7.08,0,0,2022
6922,2022,Vaslui,Liceul Teoretic Ion Barbu,Urban,M,9.64,6.0,8.21,8.64,3.76,7.09,0,0,2022
6923,2022,Vaslui,Liceul Pedagogic Spiru Haret,Urban,F,8.38,7.75,4.9,8.84,8.27,7.2,0,0,2022
6924,2022,Prahova,Liceul Pedagogic Mihai Viteazul,Rural,M,8.23,8.09,5.74,9.95,9.74,7.93,1,0,2022
6925,2022,Harghita,Liceul de Arte Dimitrie Cantemir,Rural,M,6.27,7.05,5.0,6.98,7.57,6.42,1,0,2022
6926,2022,Galati,Liceul de Arte Vasile Alecsandri,Urban,M,8.72,7.4,4.37,6.66,2.73,5.81,0,0,2022
6927,2022,Harghita,Scoala Nationala George Cosbuc,Urban,M,10.0,7.03,8.28,8.55,6.94,7.92,1,0,2022
6928,2022,Calarasi,Scoala Nationala Traian,Urban,M,4.27,6.0,6.94,7.3,8.87,6.73,0,0,2022
6929,2022,Maramures,Colegiul Tehnic Ana Ipatescu,Urban,F,8.9,10.0,5.0,8.08,6.34,7.55,1,0,2022
6930,2022,Dolj,Liceul Tehnologic George Cosbuc,Rural,F,9.59,7.88,6.58,6.41,5.58,7.1,1,0,2022
6931,2022,Valcea,Liceul Sportiv Lucian Blaga,Urban,M,8.38,5.65,10.0,9.11,8.37,8.15,1,0,2022
6932,2022,Dambovita,Liceul Tehnologic Spiru Haret,Rural,F,8.43,4.32,4.22,7.26,3.31,4.99,0,0,2022
6933,2022,Brasov,Liceul Pedagogic Vasile Alecsandri,Rural,F,6.96,6.37,7.61,9.11,7.82,7.43,1,0,2022
6934,2022,Hunedoara,Colegiul Tehnic Grigore Moisil,Rural,M,2.8,4.87,5.88,6.63,8.45,5.77,0,1,2022
6935,2022,Cluj,Liceul Sportiv Regina Maria,Urban,F,7.67,9.16,10.0,7.07,9.0,8.93,1,0,2022
6936,2022,Olt,Colegiul Tehnic Ion Barbu,Urban,F,9.57,8.41,8.21,10.0,10.0,8.94,1,0,2022
6937,2022,Bacau,Scoala Nationala Bogdan Voda,Rural,F,6.04,8.83,5.44,7.43,6.64,7.0,1,0,2022
6938,2022,Prahova,Colegiul National Ion Luca Caragiale,Urban,M,7.56,7.56,8.23,8.46,7.86,7.94,1,0,2022
6939,2022,Suceava,Scoala Nationala Ana Ipatescu,Urban,M,7.51,6.83,4.28,4.9,8.7,6.12,0,0,2022
6940,2022,Dambovita,Liceul de Arte Ana Ipatescu,Urban,F,7.56,9.32,8.01,7.39,8.22,8.3,1,0,2022
6941,2022,Bacau,Scoala Nationala Elena Cuza,Urban,F,8.74,8.17,7.43,6.65,9.26,7.94,1,0,2022
6942,2022,Suceava,Liceul Pedagogic Avram Iancu,Urban,F,8.31,8.36,5.0,8.31,5.95,6.98,1,0,2022
6943,2022,Salaj,Liceul Tehnologic Onisifor Ghibu,Rural,M,8.85,6.87,5.06,9.39,2.59,6.26,0,0,2022
6944,2022,Constanta,Liceul de Arte Lucian Blaga,Urban,M,10.0,10.0,5.38,8.71,7.87,8.1,1,0,2022
6945,2022,Harghita,Liceul Teoretic Onisifor Ghibu,Urban,F,7.58,9.19,8.04,8.2,9.46,8.58,1,0,2022
6946,2022,Braila,Colegiul Tehnic Avram Iancu,Rural,F,8.58,5.42,6.63,10.0,8.87,7.3,1,0,2022
6947,2022,Giurgiu,Colegiul National Grigore Moisil,Rural,M,7.09,7.09,6.75,6.77,10.0,7.38,1,0,2022
6948,2022,Bistrita-Nasaud,Liceul Teoretic Tudor Vladimirescu,Rural,M,9.03,8.04,7.71,8.25,7.27,7.96,1,0,2022
6949,2022,Braila,Liceul Sportiv Onisifor Ghibu,Urban,F,5.72,9.23,5.13,8.54,5.47,6.98,1,0,2022
6950,2022,Satu Mare,Liceul Sportiv Vasile Alecsandri,Urban,M,6.37,2.11,3.19,4.81,7.69,4.1,0,0,2022
6951,2022,Ilfov,Colegiul Economic Regina Maria,Urban,M,8.08,7.18,8.05,6.09,9.5,7.72,1,0,2022
6952,2022,Bihor,Scoala Nationala Ion Barbu,Urban,F,8.02,7.89,6.62,7.4,10.0,7.76,1,0,2022
6953,2022,Cluj,Liceul de Arte Avram Iancu,Urban,F,7.92,7.12,7.35,8.0,7.05,7.39,1,0,2022
6954,2022,Tulcea,Scoala Nationala Stefan cel Mare,Urban,M,10.0,6.97,7.85,7.33,8.79,7.86,1,0,2022
6955,2022,Tulcea,Colegiul Economic Tudor Vladimirescu,Urban,F,8.57,9.74,8.08,7.63,6.86,8.38,1,0,2022
6956,2022,Bacau,Liceul de Arte Gheorghe Sincai,Rural,M,7.66,3.02,7.98,9.04,9.42,6.84,0,1,2022
6957,2022,Prahova,Liceul Tehnologic Alexandru Ioan Cuza,Urban,F,7.44,5.54,7.63,7.47,8.51,7.09,1,0,2022
6958,2022,Braila,Colegiul National Mihai Eminescu,Urban,F,8.36,8.03,8.61,7.92,6.41,7.98,1,0,2022
6959,2022,Mures,Colegiul Tehnic Unirea,Rural,F,5.76,4.69,7.72,4.87,5.84,5.91,0,0,2022
6960,2022,Dolj,Liceul Teoretic Spiru Haret,Urban,M,6.94,8.91,4.01,8.75,6.32,6.83,0,0,2022
6961,2022,Sibiu,Liceul Tehnologic Vasile Alecsandri,Urban,F,8.33,7.38,8.0,7.6,8.31,7.83,1,0,2022
6962,2022,Bihor,Liceul Sportiv Ioan Slavici,Urban,F,8.26,8.96,8.63,6.83,7.93,8.32,1,0,2022
6963,2022,Brasov,Colegiul National Spiru Haret,Urban,M,8.63,7.67,7.81,7.22,7.44,7.71,1,0,2022
6964,2022,Bistrita-Nasaud,Colegiul National Marin Preda,Urban,F,5.13,8.85,5.59,7.91,10.0,7.53,1,0,2022
6965,2022,Prahova,Liceul de Arte Avram Iancu,Rural,M,2.41,2.8,2.76,8.3,4.45,3.82,0,0,2022
6966,2022,Hunedoara,Liceul Pedagogic Mihai Viteazul,Urban,M,5.82,8.24,5.49,10.0,6.83,7.23,1,0,2022
6967,2022,Bihor,Colegiul National Stefan cel Mare,Urban,F,7.12,7.38,8.74,8.69,8.91,8.19,1,0,2022
6968,2022,Dambovita,Liceul Pedagogic Avram Iancu,Urban,M,7.72,4.8,7.01,10.0,6.06,6.72,0,0,2022
6969,2022,Galati,Liceul Tehnologic Avram Iancu,Urban,F,9.9,9.95,8.08,8.52,8.04,8.88,1,0,2022
6970,2022,Satu Mare,Colegiul National Gheorghe Sincai,Urban,F,9.75,6.87,4.92,5.61,5.31,6.15,0,0,2022
6971,2022,Ialomita,Liceul Tehnologic Elena Cuza,Rural,M,9.91,8.2,9.3,9.0,6.64,8.59,1,0,2022
6972,2022,Valcea,Liceul de Arte Octavian Goga,Rural,F,5.48,6.89,8.09,4.94,7.14,6.85,0,0,2022
6973,2022,Maramures,Colegiul Economic Nicolae Balcescu,Urban,F,6.96,10.0,7.51,8.4,8.25,8.45,1,0,2022
6974,2022,Constanta,Liceul Sportiv Regina Maria,Urban,M,6.74,9.3,9.53,3.71,9.13,8.25,0,0,2022
6975,2022,Arges,Liceul de Arte Avram Iancu,Urban,F,6.86,9.22,3.16,4.68,6.29,6.05,0,0,2022
6976,2022,Giurgiu,Colegiul National Bogdan Voda,Rural,F,4.47,7.38,3.88,2.86,7.7,5.41,0,0,2022
6977,2022,Vrancea,Scoala Nationala Mihai Eminescu,Rural,F,8.79,7.32,5.16,8.59,7.24,7.0,1,0,2022
6978,2022,Ialomita,Scoala Nationala Mircea cel Batran,Urban,M,7.57,7.92,3.6,5.34,10.0,6.51,0,0,2022
6979,2022,Hunedoara,Liceul Sportiv Unirea,Urban,M,7.72,5.85,6.47,7.72,6.74,6.64,1,0,2022
6980,2022,Satu Mare,Liceul Tehnologic Mircea cel Batran,Urban,F,8.15,8.22,7.34,7.82,8.15,7.88,1,0,2022
6981,2022,Bacau,Scoala Nationala Avram Iancu,Rural,M,8.14,7.42,4.55,6.09,5.97,6.21,0,0,2022
6982,2022,Sibiu,Scoala Nationala Lucian Blaga,Urban,M,7.86,8.61,8.03,10.0,10.0,8.78,1,0,2022
6983,2022,Olt,Liceul Sportiv Regina Maria,Urban,M,9.45,6.71,5.0,8.48,6.51,6.71,1,0,2022
6984,2022,Hunedoara,Scoala Nationala Mihai Eminescu,Urban,M,9.43,7.24,6.44,8.33,10.0,7.8,1,0,2022
6985,2022,Mehedinti,Liceul Pedagogic Marin Preda,Rural,F,8.7,9.46,9.16,8.49,7.13,8.8,1,0,2022
6986,2022,Valcea,Liceul Pedagogic Dimitrie Cantemir,Rural,M,8.8,6.54,6.2,5.56,6.71,6.54,1,0,2022
6987,2022,Tulcea,Colegiul Tehnic Constantin Brancusi,Rural,F,2.27,8.47,3.38,4.81,1.75,4.77,0,0,2022
6988,2022,Buzau,Colegiul Economic Stefan cel Mare,Rural,M,5.69,7.56,6.11,7.46,8.43,7.05,1,0,2022
6989,2022,Timis,Colegiul Tehnic Ion Barbu,Rural,F,8.6,6.03,8.6,7.64,9.61,7.84,1,0,2022
6990,2022,Tulcea,Colegiul National George Cosbuc,Rural,F,7.03,8.5,5.0,8.94,7.78,7.26,1,0,2022
6991,2022,Mures,Liceul Sportiv Avram Iancu,Urban,M,8.89,9.25,5.89,6.16,9.71,7.81,1,0,2022
6992,2022,Gorj,Liceul de Arte Ion Luca Caragiale,Urban,F,6.73,5.5,8.61,6.72,7.92,7.1,1,0,2022
6993,2022,Dambovita,Scoala Nationala Ana Ipatescu,Urban,M,6.71,7.91,9.38,7.79,10.0,8.53,1,0,2022
6994,2022,Arges,Colegiul Tehnic Ana Ipatescu,Urban,F,9.68,9.04,9.25,9.17,10.0,9.33,1,0,2022
6995,2022,Dolj,Liceul Teoretic Ion Luca Caragiale,Rural,F,9.11,5.54,5.0,6.04,9.11,6.35,1,0,2022
6996,2022,Prahova,Colegiul Tehnic Mihai Viteazul,Urban,M,9.09,8.09,7.4,9.68,7.69,8.16,1,0,2022
6997,2022,Bucuresti,Liceul Tehnologic Constantin Brancusi,Urban,F,10.0,5.56,10.0,6.86,7.57,7.83,1,0,2022
6998,2022,Calarasi,Colegiul National Mihai Eminescu,Urban,F,8.55,8.25,5.19,8.54,5.29,6.96,0,1,2022
6999,2022,Olt,Liceul Sportiv Nicolae Balcescu,Urban,F,7.75,7.71,8.14,6.82,6.13,7.47,1,0,2022
7000,2022,Covasna,Colegiul Economic Tudor Vladimirescu,Urban,M,3.13,7.95,4.67,9.3,3.67,6.04,0,0,2022
7001,2023,Maramures,Colegiul Tehnic Emil Racovita,Urban,F,10.0,7.88,10.0,5.99,5.64,8.11,1,0,2023
7002,2023,Alba,Liceul Tehnologic Onisifor Ghibu,Urban,M,8.9,10.0,6.69,6.69,6.54,7.88,1,0,2023
7003,2023,Brasov,Colegiul National Lucian Blaga,Urban,F,9.16,10.0,5.0,10.0,7.73,8.08,1,0,2023
7004,2023,Arges,Scoala Nationala Regina Maria,Urban,M,8.94,7.61,6.28,9.27,9.27,7.84,1,0,2023
7005,2023,Maramures,Liceul Teoretic Mihai Eminescu,Urban,M,4.61,7.34,5.42,8.13,5.77,6.37,0,0,2023
7006,2023,Neamt,Colegiul National Ion Barbu,Rural,M,8.93,5.96,4.31,6.92,4.3,5.66,0,0,2023
7007,2023,Bistrita-Nasaud,Colegiul Economic Alexandru Ioan Cuza,Urban,M,8.18,6.81,4.63,8.66,5.26,6.34,0,0,2023
7008,2023,Buzau,Liceul Tehnologic Regina Maria,Urban,M,6.4,7.95,5.76,3.86,5.27,6.12,0,0,2023
7009,2023,Ialomita,Liceul Tehnologic Vasile Alecsandri,Urban,F,8.17,6.51,6.4,7.65,7.82,7.01,1,0,2023
7010,2023,Salaj,Liceul Pedagogic Grigore Moisil,Urban,M,9.09,5.39,6.44,8.01,6.44,6.63,1,0,2023
7011,2023,Valcea,Liceul Pedagogic Regina Maria,Urban,F,6.48,4.66,7.77,4.68,9.56,6.51,0,0,2023
7012,2023,Bistrita-Nasaud,Liceul de Arte Ion Barbu,Rural,M,10.0,4.92,4.25,8.29,8.57,6.28,0,0,2023
7013,2023,Bacau,Liceul de Arte Mihai Eminescu,Urban,F,6.91,3.73,5.29,5.75,8.64,5.56,0,0,2023
7014,2023,Galati,Liceul de Arte Avram Iancu,Rural,F,8.69,7.85,6.23,10.0,7.44,7.71,1,0,2023
7015,2023,Prahova,Liceul Teoretic Grigore Moisil,Rural,F,3.63,6.21,1.0,10.0,5.38,4.83,0,0,2023
7016,2023,Buzau,Liceul Tehnologic Mihai Eminescu,Urban,F,8.42,5.92,7.41,10.0,7.56,7.48,1,0,2023
7017,2023,Suceava,Liceul Sportiv Gheorghe Sincai,Urban,F,8.53,8.48,8.21,9.42,7.34,8.37,1,0,2023
7018,2023,Calarasi,Liceul Sportiv Regina Maria,Urban,M,8.94,6.48,10.0,6.11,8.44,8.02,1,0,2023
7019,2023,Bacau,Colegiul Economic Alexandru Ioan Cuza,Urban,M,8.1,8.89,8.71,8.92,8.26,8.67,1,0,2023
7020,2023,Vaslui,Colegiul Economic Avram Iancu,Rural,F,9.23,3.39,6.58,6.76,8.07,6.14,0,0,2023
7021,2023,Valcea,Liceul Teoretic Regina Maria,Rural,M,5.53,4.22,5.57,4.9,8.11,5.44,0,0,2023
7022,2023,Brasov,Liceul de Arte Grigore Moisil,Rural,F,7.18,8.52,7.94,9.11,5.99,7.92,1,0,2023
7023,2023,Hunedoara,Colegiul Economic Marin Preda,Rural,M,6.31,8.44,6.32,9.22,8.25,7.68,1,0,2023
7024,2023,Brasov,Liceul Teoretic Marin Preda,Urban,M,8.08,9.39,6.38,8.69,8.27,8.08,1,0,2023
7025,2023,Calarasi,Liceul Tehnologic Ion Luca Caragiale,Urban,M,9.33,7.22,6.89,7.74,4.81,7.05,0,0,2023
7026,2023,Covasna,Liceul Sportiv Onisifor Ghibu,Urban,M,8.15,10.0,9.58,10.0,5.85,9.07,1,0,2023
7027,2023,Hunedoara,Liceul Tehnologic Mihai Viteazul,Urban,M,7.91,6.8,7.74,8.56,9.14,7.81,1,0,2023
7028,2023,Gorj,Liceul Pedagogic Mircea cel Batran,Rural,M,7.82,8.92,6.87,9.08,9.4,8.29,1,0,2023
7029,2023,Arad,Liceul Pedagogic Alexandru Ioan Cuza,Rural,F,7.7,7.77,5.95,5.4,9.93,7.19,1,0,2023
7030,2023,Hunedoara,Liceul de Arte Ana Ipatescu,Rural,M,6.13,2.59,8.1,5.03,3.98,5.17,0,0,2023
7031,2023,Timis,Colegiul Tehnic Octavian Goga,Urban,M,8.55,6.07,10.0,6.16,6.17,7.53,1,0,2023
7032,2023,Ialomita,Scoala Nationala Emil Racovita,Rural,F,8.91,8.9,6.05,9.12,7.01,7.8,1,0,2023
7033,2023,Braila,Colegiul Economic Ion Barbu,Rural,F,10.0,7.82,10.0,7.49,6.4,8.43,1,0,2023
7034,2023,Satu Mare,Liceul Tehnologic Bogdan Voda,Rural,F,9.05,5.0,10.0,8.54,6.9,7.72,1,0,2023
7035,2023,Dambovita,Colegiul Tehnic Alexandru Ioan Cuza,Rural,M,7.79,7.29,4.87,7.25,7.21,6.6,0,1,2023
7036,2023,Mehedinti,Liceul Sportiv Mihai Viteazul,Urban,M,9.13,7.12,2.35,6.84,6.22,5.71,0,0,2023
7037,2023,Bistrita-Nasaud,Scoala Nationala Vasile Alecsandri,Urban,F,7.4,6.76,6.41,9.95,6.49,7.16,1,0,2023
7038,2023,Buzau,Liceul Tehnologic Traian,Urban,F,8.39,7.63,6.33,7.06,7.94,7.28,1,0,2023
7039,2023,Iasi,Liceul de Arte Nicolae Balcescu,Urban,M,9.55,8.13,6.55,9.16,6.41,7.69,1,0,2023
7040,2023,Bihor,Liceul de Arte Mihai Eminescu,Urban,M,8.15,8.84,7.53,9.66,7.99,8.37,1,0,2023
7041,2023,Olt,Liceul Tehnologic Vasile Alecsandri,Rural,M,7.5,10.0,1.0,10.0,9.88,7.03,0,0,2023
7042,2023,Arges,Colegiul National Mihai Eminescu,Rural,M,6.86,4.99,4.15,5.95,8.79,5.64,0,0,2023
7043,2023,Gorj,Colegiul Tehnic Ioan Slavici,Urban,F,4.15,10.0,6.2,9.2,4.79,7.37,0,0,2023
7044,2023,Ialomita,Colegiul Economic Mircea cel Batran,Urban,F,8.61,8.35,8.92,7.82,6.31,8.16,1,0,2023
7045,2023,Alba,Colegiul Tehnic Regina Maria,Rural,F,9.27,6.64,5.0,8.77,9.0,7.08,1,0,2023
7046,2023,Mehedinti,Liceul Teoretic George Cosbuc,Rural,F,8.62,9.02,7.67,8.05,10.0,8.58,1,0,2023
7047,2023,Bistrita-Nasaud,Scoala Nationala Grigore Moisil,Rural,F,9.03,8.26,4.87,5.66,4.98,6.44,0,0,2023
7048,2023,Bistrita-Nasaud,Liceul Tehnologic Dimitrie Cantemir,Urban,F,8.74,7.43,6.8,6.59,1.27,6.32,0,0,2023
7049,2023,Dambovita,Liceul Pedagogic Spiru Haret,Urban,F,9.24,9.86,7.68,6.48,8.21,8.39,1,0,2023
7050,2023,Brasov,Scoala Nationala Grigore Moisil,Urban,F,10.0,7.58,9.55,9.49,7.85,8.74,1,0,2023
7051,2023,Mures,Scoala Nationala Spiru Haret,Urban,M,9.33,9.9,5.95,8.58,7.49,8.1,1,0,2023
7052,2023,Hunedoara,Liceul Pedagogic Bogdan Voda,Rural,M,6.67,6.17,7.33,8.72,5.45,6.84,1,0,2023
7053,2023,Dolj,Liceul de Arte Ioan Slavici,Urban,M,6.37,7.39,5.86,6.58,8.66,6.9,1,0,2023
7054,2023,Satu Mare,Liceul Sportiv Regina Maria,Rural,F,7.4,3.15,3.84,3.34,6.04,4.24,0,0,2023
7055,2023,Teleorman,Liceul de Arte Elena Cuza,Urban,M,7.42,7.29,6.71,10.0,7.02,7.5,1,0,2023
7056,2023,Giurgiu,Colegiul Economic Vasile Alecsandri,Urban,F,7.05,7.4,6.64,7.29,8.15,7.23,1,0,2023
7057,2023,Satu Mare,Colegiul Tehnic Unirea,Urban,F,9.08,4.37,5.2,6.31,8.21,5.96,0,0,2023
7058,2023,Iasi,Liceul Tehnologic Spiru Haret,Urban,M,6.23,7.91,6.37,8.77,6.72,7.23,1,0,2023
7059,2023,Cluj,Colegiul Tehnic Regina Maria,Rural,F,8.09,3.32,4.95,6.55,4.68,4.97,0,0,2023
7060,2023,Arges,Liceul de Arte Spiru Haret,Rural,M,7.54,9.21,5.0,6.99,8.34,7.32,1,0,2023
7061,2023,Constanta,Liceul de Arte Tudor Vladimirescu,Urban,M,8.7,7.31,8.85,5.88,8.27,7.84,1,0,2023
7062,2023,Prahova,Liceul Teoretic Avram Iancu,Rural,F,5.09,7.18,4.25,5.75,6.0,5.7,0,0,2023
7063,2023,Suceava,Colegiul Tehnic Vasile Alecsandri,Rural,F,9.6,6.62,4.02,3.76,8.72,6.02,0,1,2023
7064,2023,Iasi,Scoala Nationala Stefan cel Mare,Urban,F,7.28,7.11,7.81,9.01,6.29,7.5,1,0,2023
7065,2023,Gorj,Liceul Teoretic Lucian Blaga,Rural,M,7.61,8.65,10.0,10.0,6.54,8.84,1,0,2023
7066,2023,Harghita,Liceul Sportiv George Cosbuc,Urban,M,10.0,7.9,6.47,8.84,6.68,7.64,1,0,2023
7067,2023,Bihor,Colegiul Tehnic Marin Preda,Urban,M,7.74,7.59,8.18,9.36,7.03,7.96,1,0,2023
7068,2023,Vaslui,Liceul Pedagogic Traian,Urban,F,7.07,10.0,1.0,8.67,6.74,6.32,0,0,2023
7069,2023,Cluj,Colegiul Tehnic Decebal,Urban,F,8.4,7.07,8.89,9.36,6.03,7.94,1,0,2023
7070,2023,Giurgiu,Colegiul Economic George Cosbuc,Urban,M,4.5,7.78,6.29,7.44,4.9,6.52,0,0,2023
7071,2023,Vrancea,Liceul Sportiv Traian,Urban,M,6.69,8.48,7.49,8.13,8.9,8.01,1,0,2023
7072,2023,Satu Mare,Liceul Sportiv Emil Racovita,Urban,F,8.08,6.33,8.08,7.97,7.86,7.51,1,0,2023
7073,2023,Vaslui,Colegiul National Ion Barbu,Urban,M,7.38,5.61,8.44,8.38,7.06,7.27,1,0,2023
7074,2023,Vrancea,Scoala Nationala Lucian Blaga,Urban,M,9.56,8.34,4.41,6.71,6.34,6.74,0,0,2023
7075,2023,Suceava,Colegiul Economic Octavian Goga,Urban,M,3.2,4.43,4.72,8.55,4.14,4.97,0,0,2023
7076,2023,Bistrita-Nasaud,Scoala Nationala Lucian Blaga,Urban,F,7.82,8.64,6.92,6.16,9.16,7.75,1,0,2023
7077,2023,Arad,Scoala Nationala Nicolae Balcescu,Urban,M,6.93,8.19,6.82,8.47,7.41,7.58,1,0,2023
7078,2023,Alba,Liceul Tehnologic Alexandru Ioan Cuza,Rural,M,7.91,6.38,5.98,4.57,3.16,5.66,0,0,2023
7079,2023,Timis,Liceul Teoretic Dimitrie Cantemir,Urban,F,9.01,7.88,6.67,8.8,8.88,7.92,1,0,2023
7080,2023,Mehedinti,Liceul Sportiv Spiru Haret,Urban,M,4.35,9.0,8.08,6.2,6.83,7.51,0,0,2023
7081,2023,Sibiu,Scoala Nationala Octavian Goga,Rural,F,9.7,3.78,5.2,7.73,6.82,5.85,0,0,2023
7082,2023,Harghita,Liceul Pedagogic Emil Racovita,Rural,F,7.18,10.0,3.16,4.48,1.37,5.54,0,1,2023
7083,2023,Olt,Liceul Pedagogic Ana Ipatescu,Rural,F,7.63,9.29,6.3,8.32,8.89,8.02,1,0,2023
7084,2023,Iasi,Colegiul Tehnic Stefan cel Mare,Rural,F,5.61,4.13,9.17,7.6,3.75,6.25,0,0,2023
7085,2023,Dambovita,Colegiul Economic Stefan cel Mare,Rural,M,7.28,7.19,8.67,8.37,8.53,8.02,1,0,2023
7086,2023,Prahova,Colegiul Economic Tudor Vladimirescu,Rural,F,5.7,4.95,5.28,7.3,9.73,6.19,0,0,2023
7087,2023,Bacau,Liceul Sportiv Spiru Haret,Urban,M,7.09,8.06,5.82,8.84,4.74,6.91,0,0,2023
7088,2023,Arges,Colegiul National Ion Luca Caragiale,Rural,M,6.24,7.73,6.88,7.64,9.22,7.54,1,0,2023
7089,2023,Neamt,Colegiul Economic Marin Preda,Urban,F,10.0,5.83,7.38,8.58,8.18,7.48,1,0,2023
7090,2023,Covasna,Liceul Pedagogic Grigore Moisil,Urban,M,9.16,10.0,7.01,9.33,8.13,8.64,1,0,2023
7091,2023,Galati,Liceul Pedagogic Stefan cel Mare,Urban,M,6.56,6.35,8.05,7.29,6.91,7.11,0,1,2023
7092,2023,Sibiu,Colegiul Economic Nicolae Balcescu,Rural,F,8.23,5.97,7.86,6.04,8.33,7.13,1,0,2023
7093,2023,Bihor,Scoala Nationala Mihai Viteazul,Urban,M,6.39,10.0,7.56,8.63,6.69,8.2,0,1,2023
7094,2023,Suceava,Liceul Tehnologic Mihai Viteazul,Rural,F,9.01,5.0,5.0,7.27,9.44,6.41,1,0,2023
7095,2023,Botosani,Liceul Teoretic Decebal,Urban,M,7.96,8.87,5.88,8.45,9.73,7.95,1,0,2023
7096,2023,Valcea,Scoala Nationala George Cosbuc,Urban,F,7.91,5.39,5.3,5.66,2.97,5.29,0,1,2023
7097,2023,Mures,Scoala Nationala Dimitrie Cantemir,Rural,F,5.84,7.67,5.62,9.08,6.69,6.94,0,1,2023
7098,2023,Hunedoara,Liceul Teoretic Lucian Blaga,Rural,F,9.63,5.0,6.3,9.1,8.32,6.97,1,0,2023
7099,2023,Suceava,Colegiul Economic Grigore Moisil,Rural,F,9.0,7.66,8.0,7.89,7.81,7.95,1,0,2023
7100,2023,Bistrita-Nasaud,Liceul Teoretic Grigore Moisil,Urban,F,7.52,7.28,5.61,7.02,7.37,6.78,1,0,2023
7101,2023,Prahova,Liceul de Arte Ioan Slavici,Rural,M,5.93,7.44,7.22,7.88,8.27,7.41,1,0,2023
7102,2023,Salaj,Liceul de Arte Lucian Blaga,Rural,F,6.19,5.86,6.14,5.69,4.08,5.68,0,0,2023
7103,2023,Neamt,Liceul Tehnologic Lucian Blaga,Rural,F,8.47,9.67,7.77,10.0,8.41,8.84,1,0,2023
7104,2023,Neamt,Liceul Teoretic Constantin Brancusi,Rural,F,9.07,10.0,6.68,6.17,8.41,8.1,1,0,2023
7105,2023,Botosani,Colegiul Economic Avram Iancu,Rural,F,8.05,6.08,7.95,7.66,7.09,7.23,1,0,2023
7106,2023,Constanta,Colegiul Tehnic Stefan cel Mare,Urban,F,7.58,8.61,7.79,6.9,8.46,7.98,1,0,2023
7107,2023,Alba,Scoala Nationala Constantin Brancusi,Rural,F,9.04,7.06,8.63,10.0,7.11,8.18,1,0,2023
7108,2023,Harghita,Liceul Pedagogic Elena Cuza,Rural,F,10.0,6.05,7.64,7.63,5.32,7.05,1,0,2023
7109,2023,Buzau,Liceul Sportiv Stefan cel Mare,Urban,M,8.42,8.1,10.0,9.96,8.46,9.04,1,0,2023
7110,2023,Timis,Liceul de Arte Ana Ipatescu,Rural,F,7.46,9.28,7.66,9.14,9.23,8.58,1,0,2023
7111,2023,Teleorman,Colegiul National Ana Ipatescu,Rural,M,4.26,8.0,6.5,8.56,10.0,7.56,0,0,2023
7112,2023,Ialomita,Liceul de Arte Nicolae Balcescu,Urban,F,7.1,8.87,5.89,7.77,8.0,7.5,1,0,2023
7113,2023,Mures,Colegiul Economic Elena Cuza,Urban,F,8.43,8.07,7.42,6.95,8.85,7.86,1,0,2023
7114,2023,Teleorman,Liceul Sportiv George Cosbuc,Urban,F,10.0,7.0,7.77,8.87,9.58,8.2,1,0,2023
7115,2023,Bistrita-Nasaud,Scoala Nationala Ion Barbu,Urban,M,7.69,9.11,5.24,10.0,7.07,7.63,1,0,2023
7116,2023,Bucuresti,Colegiul Economic Marin Preda,Urban,M,8.04,6.38,6.65,5.96,6.89,6.64,1,0,2023
7117,2023,Braila,Liceul Sportiv Dimitrie Cantemir,Rural,M,7.13,4.29,4.34,2.51,3.92,4.27,0,0,2023
7118,2023,Calarasi,Liceul Sportiv Mircea cel Batran,Rural,M,8.8,8.43,6.71,6.66,8.72,7.73,1,0,2023
7119,2023,Dolj,Liceul Sportiv Grigore Moisil,Rural,F,9.15,10.0,10.0,9.41,6.49,9.3,1,0,2023
7120,2023,Harghita,Scoala Nationala Gheorghe Sincai,Rural,F,7.25,7.6,8.01,7.97,9.09,7.97,1,0,2023
7121,2023,Satu Mare,Scoala Nationala Avram Iancu,Rural,M,4.9,3.08,6.05,4.39,4.38,4.54,0,0,2023
7122,2023,Covasna,Colegiul Tehnic Lucian Blaga,Rural,M,9.02,5.82,7.21,4.46,7.46,6.6,0,1,2023
7123,2023,Satu Mare,Colegiul Tehnic Bogdan Voda,Rural,F,3.08,3.75,3.6,7.28,3.44,4.12,0,0,2023
7124,2023,Covasna,Liceul Pedagogic Ana Ipatescu,Urban,F,9.1,8.98,7.87,7.93,8.22,8.39,1,0,2023
7125,2023,Ilfov,Liceul Sportiv Ion Luca Caragiale,Urban,M,7.78,7.6,6.35,8.7,9.33,7.67,1,0,2023
7126,2023,Vrancea,Liceul de Arte Grigore Moisil,Urban,M,6.45,8.01,9.0,6.53,9.46,8.15,1,0,2023
7127,2023,Salaj,Liceul Sportiv George Cosbuc,Rural,M,8.95,9.23,7.4,7.46,5.49,7.83,1,0,2023
7128,2023,Valcea,Liceul Pedagogic Dimitrie Cantemir,Urban,M,8.81,8.5,6.64,7.92,6.35,7.56,1,0,2023
7129,2023,Vrancea,Liceul Tehnologic Emil Racovita,Urban,F,6.47,8.33,9.35,9.78,9.01,8.77,1,0,2023
7130,2023,Tulcea,Colegiul Tehnic Ioan Slavici,Rural,F,8.31,8.71,9.92,8.58,6.9,8.74,1,0,2023
7131,2023,Mehedinti,Scoala Nationala Octavian Goga,Urban,M,8.82,9.13,6.51,7.62,6.75,7.73,1,0,2023
7132,2023,Arad,Liceul de Arte Nicolae Balcescu,Urban,M,7.45,9.15,8.9,8.09,7.09,8.44,1,0,2023
7133,2023,Bacau,Liceul Teoretic Gheorghe Sincai,Rural,M,7.76,9.74,6.46,3.48,5.26,6.95,0,0,2023
7134,2023,Mures,Colegiul Tehnic Lucian Blaga,Urban,F,8.23,9.77,6.94,8.79,8.59,8.44,1,0,2023
7135,2023,Tulcea,Colegiul Tehnic Elena Cuza,Urban,F,8.76,4.96,7.27,4.85,10.0,6.77,0,0,2023
7136,2023,Mures,Liceul Pedagogic Emil Racovita,Rural,F,8.22,5.15,6.43,4.58,3.29,5.48,0,1,2023
7137,2023,Tulcea,Liceul Pedagogic Onisifor Ghibu,Urban,M,8.83,7.29,6.77,8.71,10.0,7.91,1,0,2023
7138,2023,Suceava,Liceul Tehnologic Elena Cuza,Rural,M,3.94,4.8,6.09,8.42,7.09,5.99,0,0,2023
7139,2023,Salaj,Colegiul Tehnic Lucian Blaga,Urban,F,9.17,5.97,7.29,9.68,5.45,7.16,1,0,2023
7140,2023,Hunedoara,Colegiul Tehnic Grigore Moisil,Urban,F,6.59,9.25,6.31,5.74,7.19,7.27,1,0,2023
7141,2023,Constanta,Liceul Pedagogic Traian,Rural,M,6.08,6.41,5.93,6.13,4.89,5.96,0,0,2023
7142,2023,Vaslui,Liceul Teoretic Avram Iancu,Rural,F,7.08,2.25,2.93,5.22,3.72,3.6,0,0,2023
7143,2023,Arges,Liceul Pedagogic Nicolae Balcescu,Urban,F,7.29,1.0,9.8,4.72,9.72,6.14,0,0,2023
7144,2023,Giurgiu,Colegiul Economic Elena Cuza,Urban,M,10.0,8.05,7.86,4.88,6.42,7.47,0,1,2023
7145,2023,Salaj,Liceul Tehnologic Octavian Goga,Rural,F,9.0,8.97,8.4,7.81,10.0,8.78,1,0,2023
7146,2023,Bucuresti,Liceul Sportiv Grigore Moisil,Urban,M,3.31,5.84,5.88,9.03,8.29,6.44,0,0,2023
7147,2023,Satu Mare,Liceul Pedagogic Spiru Haret,Rural,F,8.08,7.31,6.41,5.93,6.7,6.82,1,0,2023
7148,2023,Vrancea,Liceul Tehnologic Mihai Viteazul,Urban,F,7.24,10.0,5.86,7.66,10.0,8.13,1,0,2023
7149,2023,Braila,Liceul Sportiv Onisifor Ghibu,Urban,F,7.19,5.35,8.25,6.72,8.99,7.16,1,0,2023
7150,2023,Arad,Colegiul Tehnic George Cosbuc,Rural,F,7.84,10.0,5.0,6.47,9.65,7.7,1,0,2023
7151,2023,Giurgiu,Liceul Pedagogic Unirea,Rural,M,7.42,7.45,6.65,9.76,10.0,7.94,1,0,2023
7152,2023,Bistrita-Nasaud,Liceul de Arte George Cosbuc,Rural,F,10.0,9.44,6.47,7.67,5.94,7.81,1,0,2023
7153,2023,Satu Mare,Colegiul Economic Lucian Blaga,Urban,F,7.81,7.76,4.29,9.78,7.4,6.97,0,0,2023
7154,2023,Neamt,Colegiul Tehnic Constantin Brancusi,Rural,F,7.33,6.96,8.17,7.92,8.34,7.71,1,0,2023
7155,2023,Olt,Liceul Teoretic Avram Iancu,Urban,M,7.81,7.42,8.76,6.91,7.79,7.84,1,0,2023
7156,2023,Vaslui,Liceul Teoretic Mihai Viteazul,Urban,F,8.63,8.08,8.35,7.53,5.58,7.76,1,0,2023
7157,2023,Satu Mare,Colegiul National Mihai Eminescu,Urban,M,8.7,8.96,6.48,6.92,8.26,7.78,1,0,2023
7158,2023,Olt,Liceul Pedagogic Octavian Goga,Urban,F,10.0,9.17,5.63,7.88,8.44,7.89,1,0,2023
7159,2023,Olt,Colegiul National Elena Cuza,Urban,M,8.58,6.02,5.25,6.07,4.28,5.79,0,0,2023
7160,2023,Salaj,Liceul Pedagogic Dimitrie Cantemir,Urban,M,7.55,9.34,3.9,6.93,8.32,7.01,0,0,2023
7161,2023,Tulcea,Scoala Nationala Dimitrie Cantemir,Urban,M,8.08,8.94,8.62,7.36,10.0,8.68,1,0,2023
7162,2023,Harghita,Colegiul Tehnic Elena Cuza,Rural,F,8.69,6.01,5.88,7.61,7.91,6.76,1,0,2023
7163,2023,Covasna,Colegiul Economic Ion Luca Caragiale,Rural,F,7.55,8.16,6.63,10.0,8.28,7.93,1,0,2023
7164,2023,Covasna,Liceul Sportiv Traian,Urban,F,8.93,8.27,7.31,8.03,9.17,8.15,1,0,2023
7165,2023,Gorj,Liceul de Arte Stefan cel Mare,Urban,M,7.42,7.35,6.4,8.58,8.33,7.4,1,0,2023
7166,2023,Buzau,Colegiul National Regina Maria,Urban,M,8.53,7.13,7.83,10.0,7.99,8.04,1,0,2023
7167,2023,Dambovita,Liceul de Arte Mihai Eminescu,Urban,F,7.33,6.42,6.87,9.13,7.37,7.2,1,0,2023
7168,2023,Braila,Liceul de Arte Spiru Haret,Urban,F,7.54,10.0,7.04,5.3,8.14,7.88,1,0,2023
7169,2023,Hunedoara,Colegiul Tehnic Vasile Alecsandri,Urban,M,10.0,6.65,6.66,7.75,7.49,7.28,1,0,2023
7170,2023,Tulcea,Liceul Tehnologic Emil Racovita,Urban,M,7.04,8.79,5.13,5.69,10.0,7.23,1,0,2023
7171,2023,Neamt,Scoala Nationala Nicolae Balcescu,Urban,M,7.53,8.59,7.27,7.89,6.54,7.68,1,0,2023
7172,2023,Bihor,Scoala Nationala Bogdan Voda,Urban,F,9.0,8.01,8.92,5.37,7.1,7.85,1,0,2023
7173,2023,Giurgiu,Colegiul Economic Decebal,Urban,F,9.9,8.62,8.14,7.34,8.04,8.33,1,0,2023
7174,2023,Dolj,Colegiul Tehnic Onisifor Ghibu,Rural,M,7.93,7.36,6.91,3.14,8.79,6.86,0,0,2023
7175,2023,Dolj,Colegiul Economic Traian,Urban,M,6.4,6.65,6.61,7.6,9.55,7.19,1,0,2023
7176,2023,Timis,Scoala Nationala Ioan Slavici,Rural,F,7.69,9.02,8.05,6.64,8.68,8.19,1,0,2023
7177,2023,Brasov,Colegiul Economic Traian,Rural,F,7.37,8.07,8.18,7.45,7.1,7.79,1,0,2023
7178,2023,Maramures,Colegiul National Mihai Viteazul,Urban,M,9.73,5.36,9.79,6.65,6.87,7.55,1,0,2023
7179,2023,Bucuresti,Colegiul Tehnic Spiru Haret,Rural,F,4.87,3.68,4.16,8.18,4.9,4.8,0,0,2023
7180,2023,Valcea,Colegiul Economic Mihai Eminescu,Urban,F,7.52,7.95,7.31,9.09,6.95,7.74,1,0,2023
7181,2023,Covasna,Liceul de Arte Nicolae Balcescu,Rural,F,7.51,5.5,5.0,5.53,7.12,5.8,1,0,2023
7182,2023,Prahova,Colegiul Economic Avram Iancu,Urban,M,9.18,7.07,7.37,9.99,7.3,7.84,1,0,2023
7183,2023,Bacau,Liceul Sportiv Emil Racovita,Urban,F,9.16,3.86,7.9,6.5,10.0,6.92,0,0,2023
7184,2023,Olt,Liceul Teoretic Traian,Rural,F,8.18,7.55,3.53,9.93,10.0,7.13,0,0,2023
7185,2023,Arges,Colegiul Economic Ion Luca Caragiale,Urban,M,10.0,5.19,5.8,5.18,5.9,5.96,1,0,2023
7186,2023,Tulcea,Liceul Sportiv Gheorghe Sincai,Urban,F,8.42,8.62,7.32,8.13,6.93,7.88,1,0,2023
7187,2023,Neamt,Colegiul National Elena Cuza,Urban,F,7.98,10.0,8.73,7.82,8.31,8.84,1,0,2023
7188,2023,Buzau,Colegiul Tehnic Tudor Vladimirescu,Urban,M,7.75,8.4,8.47,8.95,6.58,8.17,1,0,2023
7189,2023,Suceava,Scoala Nationala Ion Barbu,Urban,M,8.65,7.78,6.32,8.76,6.5,7.38,1,0,2023
7190,2023,Mehedinti,Colegiul Economic Alexandru Ioan Cuza,Urban,F,7.44,6.73,7.72,6.11,6.95,7.04,1,0,2023
7191,2023,Cluj,Scoala Nationala Marin Preda,Urban,F,9.71,8.48,6.42,8.45,6.2,7.64,1,0,2023
7192,2023,Buzau,Colegiul National Mihai Eminescu,Rural,M,7.36,8.18,8.77,9.39,7.78,8.4,1,0,2023
7193,2023,Timis,Scoala Nationala Mircea cel Batran,Rural,M,6.25,8.18,4.07,8.02,4.35,6.16,0,0,2023
7194,2023,Alba,Scoala Nationala Dimitrie Cantemir,Urban,M,7.2,8.76,8.59,8.7,7.68,8.38,1,0,2023
7195,2023,Tulcea,Liceul de Arte Elena Cuza,Urban,M,8.83,9.69,9.08,8.28,6.53,8.74,1,0,2023
7196,2023,Hunedoara,Scoala Nationala Onisifor Ghibu,Urban,F,5.26,10.0,9.57,5.9,3.17,7.76,0,1,2023
7197,2023,Salaj,Liceul de Arte Alexandru Ioan Cuza,Urban,F,7.69,6.28,7.65,5.27,6.29,6.68,1,0,2023
7198,2023,Vrancea,Liceul Sportiv Spiru Haret,Urban,F,8.82,3.45,6.85,6.27,9.91,6.4,0,0,2023
7199,2023,Olt,Colegiul Economic Octavian Goga,Urban,F,8.06,5.58,9.25,7.24,7.24,7.43,1,0,2023
7200,2023,Bistrita-Nasaud,Colegiul National Mihai Eminescu,Rural,F,8.52,5.32,8.78,7.6,7.6,7.36,1,0,2023
7201,2023,Alba,Liceul Sportiv Ion Barbu,Urban,M,8.36,6.4,9.43,8.04,8.57,8.08,1,0,2023
7202,2023,Vrancea,Colegiul Tehnic Grigore Moisil,Urban,M,10.0,8.66,10.0,7.13,8.28,8.91,1,0,2023
7203,2023,Arges,Scoala Nationala Tudor Vladimirescu,Rural,F,6.11,6.91,5.22,4.92,6.56,5.97,0,0,2023
7204,2023,Brasov,Liceul Tehnologic Onisifor Ghibu,Rural,F,6.43,7.54,3.34,7.4,8.13,6.24,0,0,2023
7205,2023,Alba,Liceul Teoretic Marin Preda,Urban,F,5.79,10.0,10.0,8.64,7.89,9.06,1,0,2023
7206,2023,Iasi,Liceul Tehnologic Grigore Moisil,Rural,F,7.09,9.13,6.54,7.77,9.71,8.03,1,0,2023
7207,2023,Galati,Liceul Tehnologic Stefan cel Mare,Urban,F,8.76,7.19,5.78,5.16,8.69,6.84,1,0,2023
7208,2023,Botosani,Liceul Pedagogic Gheorghe Sincai,Urban,M,7.28,3.58,10.0,7.91,3.28,6.48,0,0,2023
7209,2023,Tulcea,Colegiul Tehnic Stefan cel Mare,Urban,F,3.48,6.46,5.86,9.59,8.98,6.83,0,0,2023
7210,2023,Hunedoara,Liceul Sportiv Mihai Eminescu,Urban,F,10.0,7.93,10.0,8.83,8.16,8.93,1,0,2023
7211,2023,Neamt,Colegiul Economic Ion Barbu,Urban,M,8.27,5.2,4.11,7.48,6.23,5.68,0,1,2023
7212,2023,Brasov,Liceul Sportiv Octavian Goga,Rural,F,7.74,7.82,6.59,7.6,7.08,7.3,1,0,2023
7213,2023,Sibiu,Colegiul National Bogdan Voda,Rural,F,8.21,5.74,10.0,7.46,9.25,8.05,1,0,2023
7214,2023,Valcea,Liceul de Arte Ioan Slavici,Urban,M,8.52,7.35,5.56,9.19,6.52,7.08,1,0,2023
7215,2023,Suceava,Colegiul Economic Ioan Slavici,Urban,M,7.08,6.61,7.94,8.28,7.29,7.41,1,0,2023
7216,2023,Dolj,Colegiul National Marin Preda,Urban,M,8.07,7.66,7.2,9.1,7.47,7.75,1,0,2023
7217,2023,Sibiu,Scoala Nationala Regina Maria,Urban,F,7.23,7.09,7.48,8.57,10.0,7.88,1,0,2023
7218,2023,Botosani,Liceul Pedagogic Elena Cuza,Urban,F,6.23,3.7,7.41,8.3,7.62,6.34,0,0,2023
7219,2023,Suceava,Scoala Nationala George Cosbuc,Urban,F,7.68,7.0,7.83,9.49,9.02,7.99,1,0,2023
7220,2023,Giurgiu,Scoala Nationala Ion Barbu,Urban,F,9.85,8.46,5.16,9.25,7.98,7.66,1,0,2023
7221,2023,Harghita,Liceul Sportiv Mircea cel Batran,Urban,M,8.25,6.52,2.48,4.79,7.11,5.31,0,0,2023
7222,2023,Galati,Liceul de Arte Tudor Vladimirescu,Urban,F,8.29,5.76,8.88,9.39,5.0,7.38,1,0,2023
7223,2023,Dambovita,Liceul de Arte Tudor Vladimirescu,Urban,M,8.07,5.75,6.68,4.94,9.22,6.66,0,0,2023
7224,2023,Harghita,Colegiul National Grigore Moisil,Urban,F,7.58,6.24,5.0,7.84,6.11,6.22,1,0,2023
7225,2023,Dambovita,Liceul de Arte Grigore Moisil,Rural,F,8.86,7.65,10.0,9.27,9.24,8.96,1,0,2023
7226,2023,Bacau,Liceul de Arte Decebal,Rural,M,8.43,7.91,4.0,5.01,5.97,6.06,0,1,2023
7227,2023,Ilfov,Liceul Sportiv Traian,Rural,M,6.96,5.46,9.25,4.11,9.33,7.12,0,0,2023
7228,2023,Tulcea,Liceul Pedagogic Mihai Viteazul,Rural,F,8.82,5.0,7.86,9.15,6.81,7.13,1,0,2023
7229,2023,Prahova,Colegiul Tehnic Lucian Blaga,Urban,M,7.23,9.53,2.1,6.9,2.3,5.59,0,0,2023
7230,2023,Maramures,Liceul Tehnologic Constantin Brancusi,Rural,F,9.3,6.71,6.12,9.19,9.68,7.61,1,0,2023
7231,2023,Giurgiu,Liceul Pedagogic Avram Iancu,Urban,M,5.74,7.75,5.69,8.57,7.15,6.96,1,0,2023
7232,2023,Dambovita,Colegiul National Ioan Slavici,Urban,F,7.46,8.11,6.23,7.27,6.9,7.17,1,0,2023
7233,2023,Mures,Colegiul Tehnic Mircea cel Batran,Rural,F,4.4,4.68,6.96,3.94,4.25,5.16,0,0,2023
7234,2023,Dolj,Liceul Teoretic Gheorghe Sincai,Urban,M,9.81,6.7,5.58,7.54,9.44,7.21,1,0,2023
7235,2023,Calarasi,Colegiul National Stefan cel Mare,Urban,M,9.72,6.36,8.24,10.0,7.5,7.98,1,0,2023
7236,2023,Covasna,Liceul Sportiv Gheorghe Sincai,Rural,M,6.44,8.6,6.79,8.31,7.23,7.59,1,0,2023
7237,2023,Mures,Colegiul Economic Dimitrie Cantemir,Urban,M,7.49,6.84,3.88,7.88,6.68,6.15,0,0,2023
7238,2023,Timis,Scoala Nationala Unirea,Urban,F,9.45,5.97,7.43,8.09,7.19,7.26,1,0,2023
7239,2023,Covasna,Colegiul National Regina Maria,Urban,F,9.37,9.93,9.78,10.0,6.12,9.27,1,0,2023
7240,2023,Hunedoara,Liceul de Arte Constantin Brancusi,Urban,M,8.88,7.36,8.72,5.24,9.22,7.88,1,0,2023
7241,2023,Timis,Liceul Pedagogic Decebal,Rural,M,7.52,7.26,5.24,8.6,5.09,6.56,1,0,2023
7242,2023,Gorj,Liceul Teoretic Marin Preda,Rural,M,9.03,7.98,9.7,3.13,5.43,7.49,0,0,2023
7243,2023,Brasov,Liceul de Arte Gheorghe Sincai,Rural,F,9.53,7.95,9.06,5.79,9.61,8.37,1,0,2023
7244,2023,Bistrita-Nasaud,Liceul de Arte Dimitrie Cantemir,Urban,M,7.18,10.0,4.41,8.01,8.49,7.52,0,0,2023
7245,2023,Mehedinti,Liceul de Arte Bogdan Voda,Urban,M,8.24,10.0,7.76,7.3,8.48,8.52,1,0,2023
7246,2023,Bucuresti,Liceul Sportiv Dimitrie Cantemir,Rural,F,8.41,6.42,6.1,6.26,6.45,6.5,1,0,2023
7247,2023,Valcea,Liceul Tehnologic Bogdan Voda,Rural,F,8.36,10.0,6.58,6.66,8.58,8.1,1,0,2023
7248,2023,Gorj,Scoala Nationala Vasile Alecsandri,Rural,M,7.04,8.54,3.13,1.0,7.41,5.47,0,0,2023
7249,2023,Neamt,Liceul Teoretic Ion Luca Caragiale,Rural,F,6.01,5.17,5.72,3.15,6.99,5.39,0,0,2023
7250,2023,Calarasi,Liceul de Arte Traian,Urban,F,9.21,10.0,3.05,7.24,8.96,7.27,0,0,2023
7251,2023,Covasna,Colegiul Tehnic George Cosbuc,Urban,M,6.62,7.5,5.4,1.0,5.17,5.46,0,0,2023
7252,2023,Brasov,Liceul Tehnologic Mihai Viteazul,Rural,M,8.44,6.86,7.89,6.92,5.52,7.14,1,0,2023
7253,2023,Satu Mare,Colegiul Tehnic Constantin Brancusi,Urban,F,6.85,9.71,10.0,8.13,8.63,9.11,1,0,2023
7254,2023,Cluj,Liceul Teoretic Mihai Viteazul,Urban,M,8.85,9.53,7.73,7.85,8.27,8.48,1,0,2023
7255,2023,Bihor,Liceul Tehnologic Ana Ipatescu,Rural,M,6.9,8.44,10.0,7.76,7.53,8.52,1,0,2023
7256,2023,Suceava,Liceul Pedagogic Bogdan Voda,Urban,M,8.94,7.52,6.91,9.13,8.6,7.88,1,0,2023
7257,2023,Covasna,Liceul Sportiv Octavian Goga,Rural,M,8.26,7.79,6.75,5.4,5.0,6.75,1,0,2023
7258,2023,Olt,Colegiul Tehnic Decebal,Urban,F,7.68,5.63,6.87,10.0,8.82,7.34,1,0,2023
7259,2023,Tulcea,Colegiul Economic Lucian Blaga,Rural,F,8.03,5.82,7.08,9.3,7.03,7.12,1,0,2023
7260,2023,Vaslui,Scoala Nationala Ana Ipatescu,Urban,M,8.06,8.25,6.63,7.95,7.84,7.64,1,0,2023
7261,2023,Gorj,Colegiul National Decebal,Urban,F,8.36,8.52,9.03,9.88,7.54,8.71,1,0,2023
7262,2023,Ialomita,Liceul Tehnologic Octavian Goga,Urban,M,7.76,7.38,9.66,9.31,9.89,8.77,1,0,2023
7263,2023,Braila,Liceul Pedagogic Mihai Eminescu,Urban,F,7.57,10.0,7.55,7.59,8.13,8.38,1,0,2023
7264,2023,Neamt,Colegiul Economic Gheorghe Sincai,Rural,F,6.44,5.25,1.28,8.1,4.8,4.54,0,0,2023
7265,2023,Hunedoara,Liceul de Arte Ion Barbu,Urban,F,9.72,9.5,7.4,10.0,8.55,8.82,1,0,2023
7266,2023,Botosani,Colegiul Economic Bogdan Voda,Rural,F,8.64,8.26,6.1,6.6,6.18,7.09,1,0,2023
7267,2023,Harghita,Colegiul Tehnic Mihai Viteazul,Rural,F,8.33,8.17,9.86,7.89,8.6,8.72,1,0,2023
7268,2023,Suceava,Liceul Pedagogic George Cosbuc,Urban,M,8.77,5.27,5.74,7.65,8.29,6.57,1,0,2023
7269,2023,Sibiu,Liceul de Arte Mihai Viteazul,Urban,M,6.07,9.54,7.85,7.69,8.81,8.3,1,0,2023
7270,2023,Harghita,Liceul Teoretic Gheorghe Sincai,Rural,F,7.0,7.79,5.36,7.22,8.14,6.95,1,0,2023
7271,2023,Iasi,Colegiul Tehnic Tudor Vladimirescu,Urban,M,6.09,8.17,8.41,10.0,10.0,8.58,1,0,2023
7272,2023,Prahova,Scoala Nationala Nicolae Balcescu,Urban,F,7.5,7.1,5.87,8.31,7.24,6.97,1,0,2023
7273,2023,Dolj,Scoala Nationala Octavian Goga,Rural,F,5.07,4.37,3.06,7.6,4.1,4.49,0,0,2023
7274,2023,Calarasi,Colegiul National Constantin Brancusi,Rural,M,7.02,4.22,3.28,4.42,8.36,4.87,0,1,2023
7275,2023,Maramures,Colegiul National Tudor Vladimirescu,Urban,F,7.34,6.55,5.23,6.23,9.08,6.56,1,0,2023
7276,2023,Galati,Colegiul National Ion Luca Caragiale,Urban,M,7.26,7.31,8.89,5.0,8.48,7.61,1,0,2023
7277,2023,Sibiu,Liceul Sportiv Mircea cel Batran,Urban,F,8.04,2.89,3.59,8.51,10.0,5.52,0,1,2023
7278,2023,Prahova,Colegiul Economic Decebal,Urban,F,7.16,3.4,5.36,6.9,8.85,5.71,0,0,2023
7279,2023,Buzau,Colegiul National Gheorghe Sincai,Rural,F,7.56,10.0,8.82,4.51,9.89,8.56,0,1,2023
7280,2023,Hunedoara,Liceul de Arte Gheorghe Sincai,Rural,F,9.3,9.39,3.68,6.9,5.62,6.73,0,0,2023
7281,2023,Covasna,Liceul Pedagogic Ion Barbu,Rural,M,9.95,6.68,5.77,6.84,9.66,7.2,1,0,2023
7282,2023,Constanta,Colegiul Economic Octavian Goga,Rural,F,10.0,7.54,6.11,8.06,9.34,7.7,1,0,2023
7283,2023,Bacau,Scoala Nationala Decebal,Rural,M,7.4,2.44,2.03,4.48,3.83,3.33,0,0,2023
7284,2023,Alba,Colegiul Tehnic Vasile Alecsandri,Rural,F,4.53,6.81,4.17,3.97,10.0,5.84,0,0,2023
7285,2023,Bistrita-Nasaud,Colegiul Tehnic Dimitrie Cantemir,Rural,M,6.96,8.77,9.02,8.89,10.0,8.87,1,0,2023
7286,2023,Harghita,Liceul Tehnologic Elena Cuza,Rural,M,8.15,10.0,7.79,6.14,8.44,8.34,1,0,2023
7287,2023,Gorj,Colegiul Economic Ioan Slavici,Rural,F,6.89,9.2,4.93,7.39,7.67,7.19,0,1,2023
7288,2023,Cluj,Liceul Sportiv Decebal,Urban,F,8.87,7.66,7.19,10.0,7.88,8.02,1,0,2023
7289,2023,Constanta,Liceul Pedagogic Marin Preda,Urban,M,7.86,7.29,3.88,7.19,4.59,5.9,0,0,2023
7290,2023,Calarasi,Liceul Sportiv Lucian Blaga,Urban,F,8.95,8.06,7.11,7.13,9.55,7.95,1,0,2023
7291,2023,Giurgiu,Liceul de Arte Vasile Alecsandri,Rural,F,8.13,10.0,5.49,10.0,7.09,8.02,1,0,2023
7292,2023,Sibiu,Colegiul Economic Stefan cel Mare,Rural,M,8.05,7.44,5.0,7.5,6.63,6.66,1,0,2023
7293,2023,Neamt,Colegiul National Stefan cel Mare,Urban,F,7.51,7.12,7.67,10.0,8.56,7.97,1,0,2023
7294,2023,Alba,Colegiul Tehnic Mircea cel Batran,Urban,F,7.75,7.23,7.47,9.77,8.96,7.99,1,0,2023
7295,2023,Suceava,Liceul Pedagogic Avram Iancu,Urban,M,8.97,7.75,8.21,8.07,6.21,7.83,1,0,2023
7296,2023,Gorj,Liceul Pedagogic Bogdan Voda,Rural,F,8.75,5.0,6.98,10.0,7.99,7.17,1,0,2023
7297,2023,Prahova,Colegiul Tehnic Decebal,Urban,F,7.01,8.0,5.56,7.06,7.85,7.01,1,0,2023
7298,2023,Suceava,Liceul Tehnologic Marin Preda,Rural,M,8.26,2.54,1.81,5.77,4.78,3.71,0,0,2023
7299,2023,Constanta,Liceul de Arte Avram Iancu,Rural,M,6.36,10.0,4.53,7.09,5.07,6.82,0,0,2023
7300,2023,Salaj,Colegiul Economic Grigore Moisil,Urban,M,8.28,7.92,8.06,8.49,9.29,8.29,1,0,2023
7301,2023,Neamt,Liceul Tehnologic Spiru Haret,Rural,M,6.78,9.4,7.6,5.63,8.15,7.84,1,0,2023
7302,2023,Botosani,Liceul Teoretic Mihai Eminescu,Rural,F,4.99,6.41,7.53,7.85,6.23,6.79,0,0,2023
7303,2023,Bihor,Liceul Tehnologic Ana Ipatescu,Urban,F,7.12,4.92,6.58,8.57,2.82,5.87,0,1,2023
7304,2023,Ialomita,Colegiul Economic Decebal,Rural,F,8.45,3.89,4.55,7.87,4.77,5.27,0,0,2023
7305,2023,Timis,Liceul Tehnologic Regina Maria,Urban,F,7.65,7.8,7.3,6.53,6.98,7.32,1,0,2023
7306,2023,Dambovita,Liceul Tehnologic Vasile Alecsandri,Rural,F,8.54,7.07,5.72,7.08,8.8,7.07,1,0,2023
7307,2023,Hunedoara,Colegiul National Gheorghe Sincai,Urban,F,7.78,8.33,7.81,8.1,8.99,8.18,1,0,2023
7308,2023,Vrancea,Scoala Nationala Ion Luca Caragiale,Urban,M,7.74,4.31,3.4,6.09,8.34,5.25,0,0,2023
7309,2023,Bistrita-Nasaud,Liceul Teoretic Stefan cel Mare,Rural,M,6.46,9.85,7.09,6.81,7.21,7.83,1,0,2023
7310,2023,Teleorman,Colegiul Economic Stefan cel Mare,Urban,F,10.0,7.49,6.29,10.0,8.26,7.87,1,0,2023
7311,2023,Giurgiu,Colegiul Economic Ion Barbu,Urban,M,9.56,4.62,6.6,5.49,5.38,5.95,0,0,2023
7312,2023,Bistrita-Nasaud,Liceul Teoretic Unirea,Urban,M,8.26,7.32,6.8,5.06,7.23,6.91,1,0,2023
7313,2023,Cluj,Liceul de Arte Lucian Blaga,Urban,M,10.0,8.86,5.45,8.56,5.43,7.39,1,0,2023
7314,2023,Timis,Colegiul Economic Mihai Eminescu,Rural,F,8.44,6.81,8.18,8.1,5.88,7.44,1,0,2023
7315,2023,Ialomita,Colegiul Tehnic Mihai Eminescu,Urban,F,8.18,7.76,7.74,9.69,6.19,7.85,1,0,2023
7316,2023,Vrancea,Liceul de Arte Mihai Eminescu,Urban,F,9.39,8.29,6.56,9.11,9.95,8.25,1,0,2023
7317,2023,Timis,Colegiul Tehnic Bogdan Voda,Urban,M,8.0,5.85,7.36,8.98,6.27,7.05,1,0,2023
7318,2023,Botosani,Liceul Pedagogic Traian,Rural,M,7.29,3.91,3.03,7.09,7.83,5.05,0,0,2023
7319,2023,Prahova,Liceul Teoretic Decebal,Urban,F,7.46,10.0,9.21,7.55,6.2,8.57,1,0,2023
7320,2023,Alba,Liceul Teoretic Mihai Viteazul,Urban,F,10.0,6.22,7.09,9.13,8.54,7.64,1,0,2023
7321,2023,Mehedinti,Colegiul Tehnic Lucian Blaga,Rural,M,6.57,7.07,9.45,10.0,6.64,8.11,1,0,2023
7322,2023,Calarasi,Colegiul Economic Dimitrie Cantemir,Rural,F,8.0,3.31,1.89,5.56,7.29,4.29,0,0,2023
7323,2023,Teleorman,Colegiul Tehnic George Cosbuc,Urban,M,7.48,7.1,8.95,7.15,6.72,7.64,1,0,2023
7324,2023,Calarasi,Colegiul Economic Marin Preda,Rural,F,9.0,5.86,7.53,4.81,9.51,7.06,0,0,2023
7325,2023,Harghita,Colegiul Economic Spiru Haret,Rural,F,7.46,6.53,7.08,7.95,6.87,7.05,1,0,2023
7326,2023,Gorj,Liceul Sportiv Mihai Viteazul,Rural,F,6.98,9.59,7.69,7.13,9.34,8.35,1,0,2023
7327,2023,Arges,Liceul Tehnologic Constantin Brancusi,Rural,M,7.13,7.46,10.0,7.11,6.74,8.03,1,0,2023
7328,2023,Mures,Liceul de Arte Traian,Urban,M,9.14,5.06,6.37,6.72,7.46,6.47,1,0,2023
7329,2023,Olt,Liceul Pedagogic Stefan cel Mare,Rural,M,8.4,5.0,6.28,7.56,7.97,6.55,1,0,2023
7330,2023,Calarasi,Liceul de Arte Avram Iancu,Urban,F,9.54,6.53,5.48,7.42,4.15,6.29,0,0,2023
7331,2023,Neamt,Colegiul National Onisifor Ghibu,Urban,F,8.34,6.68,9.49,9.33,8.76,8.4,1,0,2023
7332,2023,Sibiu,Liceul Teoretic Lucian Blaga,Urban,F,8.44,8.76,8.09,8.64,5.77,8.06,1,0,2023
7333,2023,Harghita,Colegiul National Traian,Rural,F,10.0,10.0,7.2,8.87,7.84,8.67,1,0,2023
7334,2023,Bistrita-Nasaud,Liceul Pedagogic Elena Cuza,Rural,M,9.78,6.4,6.06,7.65,8.88,7.2,1,0,2023
7335,2023,Valcea,Liceul Pedagogic George Cosbuc,Rural,M,6.86,8.05,4.63,3.33,8.8,6.31,0,0,2023
7336,2023,Harghita,Colegiul Tehnic Elena Cuza,Urban,F,8.49,5.94,7.43,9.51,8.48,7.56,1,0,2023
7337,2023,Cluj,Colegiul Economic Mihai Eminescu,Urban,F,10.0,7.14,8.61,8.51,5.34,7.8,1,0,2023
7338,2023,Braila,Liceul Pedagogic Elena Cuza,Urban,M,6.67,4.36,6.77,5.42,7.12,5.89,0,0,2023
7339,2023,Tulcea,Colegiul Economic Ion Luca Caragiale,Rural,M,8.06,9.77,6.15,4.14,4.27,6.84,0,0,2023
7340,2023,Cluj,Scoala Nationala Grigore Moisil,Urban,M,9.36,9.9,7.36,10.0,7.37,8.72,1,0,2023
7341,2023,Tulcea,Liceul Tehnologic Octavian Goga,Urban,M,7.18,6.22,7.24,9.16,7.96,7.32,1,0,2023
7342,2023,Maramures,Scoala Nationala Nicolae Balcescu,Urban,F,7.26,10.0,7.95,8.17,7.55,8.47,1,0,2023
7343,2023,Salaj,Liceul Sportiv Unirea,Urban,F,7.97,4.91,2.62,10.0,7.24,5.64,0,0,2023
7344,2023,Dolj,Liceul de Arte Decebal,Urban,M,10.0,8.63,8.47,9.11,8.94,8.84,1,0,2023
7345,2023,Satu Mare,Colegiul National Ioan Slavici,Urban,F,7.7,9.17,5.31,6.55,9.2,7.48,1,0,2023
7346,2023,Iasi,Colegiul National Traian,Rural,F,8.48,6.9,5.9,5.0,10.0,6.94,1,0,2023
7347,2023,Harghita,Liceul de Arte Traian,Rural,F,7.01,10.0,7.51,9.45,7.73,8.53,1,0,2023
7348,2023,Ilfov,Liceul Teoretic Lucian Blaga,Urban,F,10.0,8.82,9.04,6.95,7.02,8.45,1,0,2023
7349,2023,Dambovita,Liceul de Arte Tudor Vladimirescu,Urban,F,6.7,8.74,5.58,5.97,5.29,6.65,1,0,2023
7350,2023,Mures,Liceul Teoretic Stefan cel Mare,Urban,M,3.39,5.6,2.4,5.43,5.15,4.33,0,0,2023
7351,2023,Iasi,Liceul Pedagogic Traian,Urban,F,8.5,7.81,6.83,9.58,8.83,8.0,1,0,2023
7352,2023,Harghita,Liceul Teoretic Marin Preda,Urban,F,7.59,6.73,8.37,9.31,9.19,8.06,1,0,2023
7353,2023,Covasna,Colegiul Tehnic Mircea cel Batran,Urban,M,9.67,8.73,5.04,9.27,4.78,7.21,0,0,2023
7354,2023,Tulcea,Liceul de Arte Stefan cel Mare,Urban,F,6.93,5.03,4.15,8.65,6.97,5.79,0,0,2023
7355,2023,Neamt,Colegiul Tehnic Lucian Blaga,Urban,F,8.05,7.61,9.27,7.63,10.0,8.51,1,0,2023
7356,2023,Harghita,Liceul Tehnologic Stefan cel Mare,Urban,F,8.23,6.56,6.68,7.02,8.35,7.1,1,0,2023
7357,2023,Hunedoara,Liceul de Arte Spiru Haret,Rural,M,8.91,6.84,8.69,8.48,10.0,8.32,1,0,2023
7358,2023,Valcea,Liceul Pedagogic Decebal,Urban,M,9.93,9.42,7.2,8.41,5.06,8.0,1,0,2023
7359,2023,Olt,Colegiul Tehnic Marin Preda,Urban,M,8.82,10.0,8.69,7.73,8.34,8.9,1,0,2023
7360,2023,Valcea,Colegiul National Dimitrie Cantemir,Urban,M,9.0,9.08,5.57,9.37,8.12,7.92,1,0,2023
7361,2023,Buzau,Liceul Teoretic Lucian Blaga,Urban,M,9.04,8.04,6.79,8.96,8.48,7.97,1,0,2023
7362,2023,Buzau,Colegiul National Ana Ipatescu,Urban,M,9.59,8.29,3.55,6.97,7.58,6.69,0,0,2023
7363,2023,Alba,Colegiul National Stefan cel Mare,Urban,F,6.62,8.94,5.72,9.53,8.24,7.73,1,0,2023
7364,2023,Tulcea,Liceul de Arte Ioan Slavici,Urban,F,8.72,8.8,5.38,9.41,6.25,7.48,0,1,2023
7365,2023,Mehedinti,Liceul Tehnologic Constantin Brancusi,Urban,M,9.47,10.0,8.15,8.24,6.15,8.55,1,0,2023
7366,2023,Cluj,Liceul de Arte Octavian Goga,Rural,F,10.0,8.18,5.0,9.35,6.62,7.35,1,0,2023
7367,2023,Salaj,Colegiul Economic Mihai Viteazul,Urban,M,8.32,6.46,4.54,5.58,9.28,6.36,0,0,2023
7368,2023,Bucuresti,Colegiul Economic Elena Cuza,Rural,F,7.12,9.13,6.22,7.08,6.81,7.4,1,0,2023
7369,2023,Bistrita-Nasaud,Scoala Nationala Spiru Haret,Rural,F,7.86,7.19,4.74,6.55,5.89,6.23,0,0,2023
7370,2023,Braila,Colegiul Economic Bogdan Voda,Rural,M,8.46,3.82,4.85,6.13,4.9,5.1,0,1,2023
7371,2023,Maramures,Liceul Teoretic Grigore Moisil,Urban,M,8.15,7.48,6.32,10.0,6.73,7.46,1,0,2023
7372,2023,Brasov,Liceul Teoretic Dimitrie Cantemir,Urban,F,10.0,7.8,8.16,8.39,10.0,8.55,1,0,2023
7373,2023,Covasna,Liceul Tehnologic Tudor Vladimirescu,Urban,M,9.06,7.8,10.0,9.8,8.74,9.03,1,0,2023
7374,2023,Mures,Scoala Nationala Constantin Brancusi,Urban,F,8.13,7.64,5.92,10.0,7.38,7.49,1,0,2023
7375,2023,Mehedinti,Colegiul Economic Tudor Vladimirescu,Urban,M,10.0,7.01,7.56,10.0,8.1,8.09,1,0,2023
7376,2023,Ilfov,Liceul de Arte Constantin Brancusi,Rural,M,7.24,9.47,10.0,8.55,10.0,9.35,1,0,2023
7377,2023,Arges,Colegiul National Dimitrie Cantemir,Rural,F,6.66,2.28,6.2,6.34,5.59,5.0,0,0,2023
7378,2023,Gorj,Liceul Teoretic George Cosbuc,Rural,M,5.95,7.47,6.64,8.24,7.65,7.21,1,0,2023
7379,2023,Braila,Liceul Tehnologic Ana Ipatescu,Urban,F,8.3,8.57,7.57,7.91,9.94,8.35,1,0,2023
7380,2023,Suceava,Liceul de Arte Elena Cuza,Rural,M,7.6,1.24,4.52,6.78,8.48,4.78,0,0,2023
7381,2023,Vaslui,Liceul Tehnologic Ioan Slavici,Rural,M,6.46,9.71,7.41,7.9,7.22,8.05,0,1,2023
7382,2023,Dolj,Scoala Nationala Decebal,Urban,M,3.93,6.16,5.03,8.57,6.03,5.94,0,0,2023
7383,2023,Dolj,Liceul Sportiv Regina Maria,Rural,M,7.34,10.0,5.25,8.72,7.81,7.79,1,0,2023
7384,2023,Prahova,Colegiul Economic Constantin Brancusi,Rural,F,6.91,3.91,5.48,8.21,3.95,5.33,0,0,2023
7385,2023,Dolj,Liceul Tehnologic Ioan Slavici,Urban,M,8.77,9.44,6.4,8.75,9.1,8.31,1,0,2023
7386,2023,Maramures,Liceul de Arte Vasile Alecsandri,Rural,M,9.4,6.1,9.04,6.45,7.65,7.6,1,0,2023
7387,2023,Galati,Colegiul Tehnic Mihai Eminescu,Rural,F,1.89,8.05,8.76,5.89,6.86,7.14,0,0,2023
7388,2023,Maramures,Scoala Nationala Mircea cel Batran,Urban,F,8.28,7.12,7.23,6.13,5.98,6.95,1,0,2023
7389,2023,Tulcea,Liceul Sportiv Ioan Slavici,Rural,F,8.4,7.38,5.0,10.0,8.1,7.27,1,0,2023
7390,2023,Vaslui,Colegiul National Ion Luca Caragiale,Urban,F,7.55,7.15,3.28,5.16,9.38,6.06,0,1,2023
7391,2023,Covasna,Scoala Nationala Vasile Alecsandri,Urban,M,9.89,3.01,7.19,4.9,6.38,5.74,0,0,2023
7392,2023,Vaslui,Liceul de Arte Mihai Eminescu,Urban,M,8.67,7.81,5.69,7.36,6.19,6.95,0,1,2023
7393,2023,Giurgiu,Liceul Pedagogic Alexandru Ioan Cuza,Urban,F,1.97,7.46,5.29,3.89,6.65,5.6,0,0,2023
7394,2023,Vaslui,Colegiul National Ioan Slavici,Urban,M,6.03,5.76,4.56,5.31,5.4,5.31,0,0,2023
7395,2023,Brasov,Colegiul Tehnic Bogdan Voda,Rural,F,5.87,4.15,7.38,6.25,6.53,5.96,0,0,2023
7396,2023,Giurgiu,Liceul de Arte Grigore Moisil,Rural,F,8.16,7.25,8.04,6.27,6.6,7.33,1,0,2023
7397,2023,Neamt,Liceul Sportiv Mihai Eminescu,Urban,F,5.53,8.41,8.77,6.37,6.65,7.66,1,0,2023
7398,2023,Satu Mare,Liceul Sportiv Dimitrie Cantemir,Rural,F,5.8,4.97,3.48,5.54,7.35,5.05,0,1,2023
7399,2023,Valcea,Scoala Nationala Stefan cel Mare,Urban,M,8.65,7.06,8.48,10.0,8.89,8.36,1,0,2023
7400,2023,Bistrita-Nasaud,Liceul Teoretic Emil Racovita,Rural,F,6.52,7.27,9.25,8.14,7.41,7.94,1,0,2023
7401,2023,Gorj,Scoala Nationala Gheorghe Sincai,Rural,F,4.27,2.23,5.62,5.34,7.69,4.74,0,0,2023
7402,2023,Calarasi,Liceul Teoretic Onisifor Ghibu,Rural,M,8.26,8.83,10.0,5.69,6.89,8.36,1,0,2023
7403,2023,Cluj,Scoala Nationala Onisifor Ghibu,Rural,M,7.54,6.71,4.37,8.84,7.73,6.56,0,0,2023
7404,2023,Ialomita,Scoala Nationala George Cosbuc,Rural,M,8.28,5.06,4.71,7.43,4.2,5.5,0,0,2023
7405,2023,Bacau,Liceul de Arte Alexandru Ioan Cuza,Urban,F,8.53,6.82,8.44,6.47,10.0,7.9,1,0,2023
7406,2023,Vaslui,Colegiul National Vasile Alecsandri,Rural,F,7.76,7.44,4.08,6.98,5.3,6.07,0,0,2023
7407,2023,Teleorman,Colegiul Economic Alexandru Ioan Cuza,Urban,F,5.44,6.65,8.64,7.09,6.47,7.16,1,0,2023
7408,2023,Maramures,Scoala Nationala Unirea,Urban,F,7.32,10.0,7.48,6.54,6.28,7.9,1,0,2023
7409,2023,Suceava,Liceul Sportiv Ion Luca Caragiale,Rural,M,7.35,3.32,1.0,8.86,8.07,4.57,0,0,2023
7410,2023,Bistrita-Nasaud,Scoala Nationala Alexandru Ioan Cuza,Urban,M,10.0,10.0,7.33,10.0,7.35,8.8,1,0,2023
7411,2023,Olt,Liceul Pedagogic Mihai Viteazul,Rural,F,6.86,7.32,7.08,5.68,10.0,7.36,1,0,2023
7412,2023,Alba,Scoala Nationala Avram Iancu,Rural,M,4.52,7.29,7.81,4.59,5.67,6.52,0,0,2023
7413,2023,Harghita,Liceul Teoretic Ion Barbu,Rural,F,6.05,2.65,6.96,5.43,5.14,5.07,0,0,2023
7414,2023,Arad,Liceul Sportiv Traian,Urban,F,7.77,7.01,8.29,7.48,10.0,7.99,1,0,2023
7415,2023,Gorj,Liceul Pedagogic Unirea,Urban,F,7.83,7.47,8.94,7.47,9.5,8.25,1,0,2023
7416,2023,Arad,Colegiul Tehnic Alexandru Ioan Cuza,Rural,M,7.79,8.81,7.71,7.12,7.42,7.92,1,0,2023
7417,2023,Alba,Liceul Teoretic Stefan cel Mare,Urban,F,8.66,5.38,8.15,8.77,8.37,7.5,1,0,2023
7418,2023,Covasna,Liceul Teoretic Mihai Viteazul,Urban,M,7.26,10.0,6.52,9.01,8.52,8.31,1,0,2023
7419,2023,Botosani,Liceul Pedagogic Grigore Moisil,Urban,M,10.0,7.86,7.7,8.1,7.78,8.05,1,0,2023
7420,2023,Teleorman,Colegiul National Regina Maria,Rural,F,9.73,5.66,4.87,10.0,8.19,6.86,0,0,2023
7421,2023,Suceava,Liceul Teoretic Ion Luca Caragiale,Urban,F,8.6,6.8,10.0,7.83,6.87,8.1,1,0,2023
7422,2023,Maramures,Liceul Pedagogic Gheorghe Sincai,Urban,M,9.29,4.7,3.24,6.21,9.96,5.74,0,0,2023
7423,2023,Olt,Liceul Sportiv Avram Iancu,Urban,M,10.0,7.24,7.24,9.05,6.98,7.75,1,0,2023
7424,2023,Dambovita,Colegiul Economic Ioan Slavici,Rural,F,9.66,9.48,8.26,5.09,7.58,8.19,1,0,2023
7425,2023,Vaslui,Liceul Pedagogic Unirea,Urban,F,1.39,6.88,8.2,8.32,9.31,7.31,0,0,2023
7426,2023,Satu Mare,Colegiul National George Cosbuc,Rural,F,9.21,9.41,8.95,6.47,8.94,8.74,1,0,2023
7427,2023,Maramures,Colegiul Tehnic Ion Barbu,Urban,M,7.32,7.78,5.0,8.81,9.66,7.34,1,0,2023
7428,2023,Botosani,Colegiul Tehnic Ion Barbu,Rural,M,8.05,10.0,7.65,7.81,10.0,8.77,1,0,2023
7429,2023,Galati,Liceul Pedagogic Mihai Viteazul,Rural,M,10.0,7.69,8.77,9.2,10.0,8.82,1,0,2023
7430,2023,Ilfov,Liceul Tehnologic Ion Barbu,Rural,F,7.97,8.06,7.28,8.45,6.27,7.61,1,0,2023
7431,2023,Maramures,Liceul Pedagogic Vasile Alecsandri,Rural,F,8.64,7.34,10.0,8.03,5.2,8.05,1,0,2023
7432,2023,Maramures,Liceul Teoretic George Cosbuc,Urban,F,5.71,7.39,4.04,2.63,5.26,5.18,0,0,2023
7433,2023,Arad,Liceul de Arte Mircea cel Batran,Urban,M,9.64,5.26,5.31,4.77,3.93,5.44,0,1,2023
7434,2023,Ilfov,Liceul Tehnologic Emil Racovita,Urban,F,7.21,7.37,3.78,4.62,3.63,5.3,0,0,2023
7435,2023,Ilfov,Colegiul Economic George Cosbuc,Rural,F,7.54,8.27,7.18,6.74,8.56,7.68,1,0,2023
7436,2023,Dolj,Scoala Nationala Mircea cel Batran,Urban,M,9.19,6.49,7.99,9.47,8.28,7.93,1,0,2023
7437,2023,Bacau,Scoala Nationala Spiru Haret,Rural,F,8.12,10.0,4.05,6.04,9.6,7.37,0,0,2023
7438,2023,Galati,Liceul Sportiv Traian,Urban,M,7.72,7.28,5.0,9.52,6.84,6.91,1,0,2023
7439,2023,Braila,Liceul Teoretic Elena Cuza,Rural,F,8.67,7.39,6.87,6.7,10.0,7.65,1,0,2023
7440,2023,Vaslui,Colegiul National Gheorghe Sincai,Urban,M,8.73,6.81,5.84,3.87,6.46,6.22,0,1,2023
7441,2023,Iasi,Colegiul National Vasile Alecsandri,Urban,M,5.21,6.55,3.55,7.19,7.31,5.73,0,0,2023
7442,2023,Neamt,Liceul Sportiv Traian,Urban,F,8.64,6.76,8.27,8.32,10.0,8.12,1,0,2023
7443,2023,Valcea,Liceul Sportiv Spiru Haret,Urban,F,9.14,7.77,5.01,8.08,8.47,7.23,1,0,2023
7444,2023,Alba,Liceul Teoretic Onisifor Ghibu,Urban,F,7.94,6.19,5.0,10.0,10.0,7.15,1,0,2023
7445,2023,Tulcea,Scoala Nationala Dimitrie Cantemir,Rural,F,6.89,8.84,6.46,5.55,5.19,6.89,1,0,2023
7446,2023,Teleorman,Colegiul Economic George Cosbuc,Urban,F,6.81,6.3,8.53,6.32,9.44,7.49,1,0,2023
7447,2023,Constanta,Liceul Teoretic Constantin Brancusi,Urban,F,8.37,9.16,6.83,5.18,5.92,7.3,1,0,2023
7448,2023,Cluj,Liceul Pedagogic Regina Maria,Urban,M,6.79,10.0,8.27,9.26,7.76,8.71,1,0,2023
7449,2023,Cluj,Liceul Pedagogic Elena Cuza,Rural,M,9.84,8.41,8.76,9.19,10.0,9.01,1,0,2023
7450,2023,Vrancea,Liceul Pedagogic Vasile Alecsandri,Urban,M,8.05,2.13,7.9,4.59,7.05,5.56,0,0,2023
7451,2023,Olt,Scoala Nationala Emil Racovita,Rural,F,9.55,6.74,2.7,8.18,9.04,6.37,0,0,2023
7452,2023,Ialomita,Scoala Nationala George Cosbuc,Urban,F,9.83,6.22,9.82,8.89,8.28,8.37,1,0,2023
7453,2023,Teleorman,Scoala Nationala Unirea,Urban,M,8.49,9.88,6.5,7.87,6.04,7.85,1,0,2023
7454,2023,Botosani,Colegiul Tehnic Ion Luca Caragiale,Urban,M,8.38,8.26,9.66,10.0,9.07,9.07,1,0,2023
7455,2023,Olt,Liceul Tehnologic Mihai Eminescu,Rural,M,8.05,8.88,6.89,8.13,8.78,8.07,1,0,2023
7456,2023,Giurgiu,Liceul Pedagogic Stefan cel Mare,Rural,M,7.4,7.38,5.3,4.25,2.32,5.53,0,0,2023
7457,2023,Cluj,Liceul Pedagogic Mihai Eminescu,Urban,M,8.37,8.42,8.34,9.14,9.5,8.66,1,0,2023
7458,2023,Cluj,Colegiul Tehnic Emil Racovita,Urban,M,7.72,7.07,6.8,5.0,6.47,6.65,1,0,2023
7459,2023,Olt,Liceul Tehnologic Mihai Viteazul,Rural,F,6.34,8.53,4.19,4.89,4.9,5.92,0,0,2023
7460,2023,Tulcea,Liceul Pedagogic Tudor Vladimirescu,Urban,F,9.75,7.49,5.37,7.42,6.1,6.86,1,0,2023
7461,2023,Gorj,Liceul Teoretic Spiru Haret,Rural,F,7.87,4.74,3.18,10.0,4.69,5.37,0,0,2023
7462,2023,Hunedoara,Liceul Teoretic Mihai Viteazul,Urban,M,6.84,9.08,6.01,8.41,7.56,7.61,1,0,2023
7463,2023,Constanta,Colegiul National Unirea,Urban,M,7.48,5.64,8.08,7.58,7.71,7.16,1,0,2023
7464,2023,Tulcea,Scoala Nationala Grigore Moisil,Rural,M,5.5,8.24,8.65,7.59,7.68,7.91,1,0,2023
7465,2023,Giurgiu,Liceul de Arte Vasile Alecsandri,Urban,F,9.24,7.3,10.0,7.04,7.77,8.34,1,0,2023
7466,2023,Arges,Liceul Tehnologic Lucian Blaga,Urban,M,6.36,7.77,8.3,9.76,7.85,8.1,1,0,2023
7467,2023,Mehedinti,Colegiul National Ioan Slavici,Urban,F,9.62,9.03,8.14,7.81,6.17,8.21,1,0,2023
7468,2023,Iasi,Liceul de Arte Marin Preda,Urban,M,8.01,7.0,9.15,8.72,7.26,8.04,1,0,2023
7469,2023,Bacau,Colegiul Economic Grigore Moisil,Rural,F,7.52,1.96,2.55,4.83,5.31,3.63,0,0,2023
7470,2023,Dolj,Liceul Tehnologic Mihai Viteazul,Urban,M,8.14,5.75,5.0,6.57,8.24,6.26,1,0,2023
7471,2023,Buzau,Liceul Tehnologic Vasile Alecsandri,Rural,M,9.7,6.39,6.18,8.26,6.16,6.9,1,0,2023
7472,2023,Teleorman,Colegiul National Lucian Blaga,Urban,M,7.08,8.51,5.49,7.91,7.21,7.18,1,0,2023
7473,2023,Arad,Colegiul Economic Elena Cuza,Urban,F,9.15,7.38,5.0,9.04,7.42,7.1,1,0,2023
7474,2023,Prahova,Liceul Pedagogic Ion Luca Caragiale,Urban,M,10.0,4.16,4.36,8.15,6.44,5.74,0,0,2023
7475,2023,Dambovita,Liceul de Arte Dimitrie Cantemir,Rural,M,7.25,3.64,5.45,7.45,6.63,5.56,0,0,2023
7476,2023,Giurgiu,Colegiul Tehnic Ion Barbu,Rural,F,9.11,7.74,5.07,8.56,10.0,7.54,1,0,2023
7477,2023,Brasov,Colegiul Economic Mircea cel Batran,Rural,F,7.97,2.34,4.66,4.07,5.82,4.38,0,0,2023
7478,2023,Timis,Liceul Sportiv Grigore Moisil,Rural,M,8.2,4.96,4.07,1.03,5.9,4.57,0,0,2023
7479,2023,Suceava,Colegiul Economic Ion Barbu,Urban,M,7.38,9.23,7.79,10.0,10.0,8.84,1,0,2023
7480,2023,Bistrita-Nasaud,Liceul Sportiv Unirea,Rural,M,7.63,10.0,9.7,7.13,8.27,8.98,1,0,2023
7481,2023,Maramures,Scoala Nationala Marin Preda,Urban,F,9.36,7.97,5.25,7.91,8.51,7.36,1,0,2023
7482,2023,Iasi,Colegiul Tehnic Lucian Blaga,Urban,M,8.8,9.14,6.25,8.88,9.54,8.26,1,0,2023
7483,2023,Timis,Liceul Teoretic Gheorghe Sincai,Urban,M,7.98,6.86,7.19,5.92,7.98,7.1,1,0,2023
7484,2023,Satu Mare,Colegiul Economic Onisifor Ghibu,Rural,F,6.62,7.66,8.61,9.28,7.49,8.06,1,0,2023
7485,2023,Olt,Colegiul National Stefan cel Mare,Rural,F,8.91,6.59,6.96,10.0,6.51,7.43,1,0,2023
7486,2023,Teleorman,Liceul Tehnologic Mihai Viteazul,Urban,M,8.36,8.05,6.79,9.16,7.53,7.79,1,0,2023
7487,2023,Tulcea,Scoala Nationala Ion Luca Caragiale,Rural,M,10.0,7.79,9.73,9.71,5.12,8.48,1,0,2023
7488,2023,Olt,Liceul Tehnologic Mihai Eminescu,Rural,M,9.47,8.28,10.0,8.75,5.78,8.61,1,0,2023
7489,2023,Arad,Liceul Pedagogic Tudor Vladimirescu,Rural,M,7.21,7.92,8.6,8.19,8.49,8.18,1,0,2023
7490,2023,Bihor,Liceul Teoretic Traian,Urban,F,9.65,7.03,7.67,9.0,8.81,8.05,1,0,2023
7491,2023,Hunedoara,Liceul Teoretic Octavian Goga,Rural,F,7.92,6.69,6.16,7.49,5.18,6.55,1,0,2023
7492,2023,Dambovita,Liceul Sportiv Decebal,Rural,F,8.47,6.58,5.43,9.58,6.99,6.94,1,0,2023
7493,2023,Neamt,Liceul Pedagogic Dimitrie Cantemir,Rural,F,8.26,7.01,8.85,7.54,6.89,7.75,1,0,2023
7494,2023,Botosani,Colegiul Tehnic Decebal,Urban,M,6.83,10.0,6.98,6.52,8.74,8.07,1,0,2023
7495,2023,Arges,Liceul de Arte Elena Cuza,Urban,M,7.44,7.72,3.71,7.63,7.39,6.43,0,0,2023
7496,2023,Bihor,Liceul de Arte Lucian Blaga,Rural,F,9.49,8.09,5.32,5.39,8.59,7.07,1,0,2023
7497,2023,Valcea,Colegiul Tehnic Regina Maria,Urban,F,8.53,8.58,8.55,7.03,7.56,8.18,1,0,2023
7498,2023,Maramures,Liceul Tehnologic Avram Iancu,Urban,F,9.14,5.16,7.49,4.73,7.45,6.54,0,0,2023
7499,2023,Brasov,Colegiul National Ioan Slavici,Urban,M,9.09,7.56,7.94,7.58,6.18,7.62,1,0,2023
7500,2023,Giurgiu,Scoala Nationala Gheorghe Sincai,Rural,F,8.32,8.77,7.7,9.52,5.44,8.02,1,0,2023
7501,2023,Hunedoara,Liceul Sportiv Alexandru Ioan Cuza,Rural,F,5.56,10.0,6.56,10.0,6.9,8.06,1,0,2023
7502,2023,Covasna,Liceul Teoretic Stefan cel Mare,Urban,F,7.73,7.39,8.51,9.2,8.57,8.21,1,0,2023
7503,2023,Bihor,Colegiul Economic Unirea,Urban,M,6.28,4.34,3.63,6.59,7.4,5.12,0,0,2023
7504,2023,Vrancea,Colegiul National Ion Luca Caragiale,Urban,F,7.82,8.13,7.13,9.91,7.92,8.03,1,0,2023
7505,2023,Valcea,Liceul Sportiv Ana Ipatescu,Urban,M,8.34,8.97,6.28,7.48,7.22,7.61,1,0,2023
7506,2023,Giurgiu,Colegiul Tehnic Constantin Brancusi,Rural,F,9.33,8.19,8.89,10.0,5.84,8.43,1,0,2023
7507,2023,Buzau,Scoala Nationala Gheorghe Sincai,Urban,F,8.73,8.03,9.48,6.43,8.65,8.39,1,0,2023
7508,2023,Teleorman,Colegiul Economic Tudor Vladimirescu,Rural,M,6.69,5.63,4.9,2.68,8.83,5.55,0,0,2023
7509,2023,Prahova,Liceul Tehnologic Regina Maria,Urban,M,6.76,6.47,4.43,8.6,10.0,6.74,0,0,2023
7510,2023,Sibiu,Liceul Sportiv Avram Iancu,Rural,M,5.46,7.98,2.14,6.38,8.63,5.83,0,0,2023
7511,2023,Maramures,Scoala Nationala Bogdan Voda,Rural,M,7.84,10.0,8.22,8.87,9.66,9.03,1,0,2023
7512,2023,Braila,Liceul Sportiv Octavian Goga,Rural,F,6.85,4.11,4.92,5.63,6.32,5.19,0,0,2023
7513,2023,Arges,Liceul Tehnologic Nicolae Balcescu,Urban,F,8.76,7.58,8.05,5.24,9.45,7.77,1,0,2023
7514,2023,Bihor,Scoala Nationala Marin Preda,Urban,F,8.12,10.0,6.35,9.45,7.46,8.25,1,0,2023
7515,2023,Maramures,Liceul Teoretic Elena Cuza,Urban,F,8.37,7.42,9.83,9.52,8.63,8.73,1,0,2023
7516,2023,Ialomita,Scoala Nationala Grigore Moisil,Urban,F,9.1,6.4,5.21,6.19,5.85,6.2,0,1,2023
7517,2023,Ilfov,Liceul Tehnologic Avram Iancu,Urban,F,7.24,5.71,1.0,6.89,5.26,4.56,0,1,2023
7518,2023,Satu Mare,Liceul Pedagogic Alexandru Ioan Cuza,Urban,M,8.02,6.57,7.53,7.22,8.57,7.4,1,0,2023
7519,2023,Prahova,Liceul Pedagogic Mircea cel Batran,Rural,M,7.9,5.94,6.26,6.55,7.28,6.52,1,0,2023
7520,2023,Bacau,Colegiul Tehnic Traian,Rural,M,9.41,8.19,3.22,10.0,8.76,7.18,0,0,2023
7521,2023,Galati,Liceul Sportiv Alexandru Ioan Cuza,Urban,M,8.41,6.2,6.92,8.4,10.0,7.54,1,0,2023
7522,2023,Iasi,Colegiul Economic Ana Ipatescu,Urban,M,9.69,6.02,8.21,9.24,10.0,8.12,1,0,2023
7523,2023,Valcea,Liceul Pedagogic Stefan cel Mare,Rural,F,9.25,8.71,6.04,6.83,6.4,7.33,1,0,2023
7524,2023,Braila,Liceul de Arte Ion Luca Caragiale,Rural,M,6.35,7.39,6.02,8.06,9.37,7.27,1,0,2023
7525,2023,Vrancea,Liceul Teoretic Gheorghe Sincai,Urban,F,8.02,8.07,10.0,8.17,6.12,8.37,1,0,2023
7526,2023,Ialomita,Colegiul National Constantin Brancusi,Urban,M,8.04,9.06,7.39,8.5,7.69,8.17,1,0,2023
7527,2023,Vrancea,Liceul Tehnologic Ion Barbu,Rural,M,8.87,9.03,3.86,7.21,7.57,6.97,0,0,2023
7528,2023,Harghita,Liceul Sportiv George Cosbuc,Rural,M,9.79,7.95,9.64,10.0,6.73,8.77,1,0,2023
7529,2023,Brasov,Scoala Nationala Ion Barbu,Urban,M,8.24,9.81,10.0,8.79,9.66,9.53,1,0,2023
7530,2023,Brasov,Liceul Pedagogic Lucian Blaga,Rural,F,7.66,6.58,7.71,6.58,6.24,6.98,1,0,2023
7531,2023,Neamt,Colegiul Economic Ion Luca Caragiale,Rural,M,8.11,8.26,5.0,6.09,9.76,7.17,1,0,2023
7532,2023,Sibiu,Colegiul National Stefan cel Mare,Urban,F,8.66,5.6,3.57,6.35,6.54,5.55,0,1,2023
7533,2023,Iasi,Liceul Tehnologic Elena Cuza,Urban,F,8.55,2.86,4.17,10.0,7.03,5.52,0,0,2023
7534,2023,Cluj,Liceul Pedagogic Avram Iancu,Urban,F,7.69,7.17,7.86,5.0,8.72,7.34,1,0,2023
7535,2023,Alba,Liceul Tehnologic Regina Maria,Urban,M,8.57,8.85,3.04,5.49,9.16,6.62,0,0,2023
7536,2023,Timis,Liceul Pedagogic Unirea,Urban,F,8.73,9.53,5.7,7.01,1.47,6.71,0,0,2023
7537,2023,Hunedoara,Liceul Teoretic Unirea,Urban,M,7.87,10.0,5.45,4.47,7.74,7.25,0,0,2023
7538,2023,Giurgiu,Liceul de Arte Dimitrie Cantemir,Urban,M,8.81,6.81,8.48,8.15,6.12,7.61,1,0,2023
7539,2023,Vaslui,Liceul Teoretic Grigore Moisil,Urban,F,8.77,7.61,8.3,8.26,6.47,7.86,1,0,2023
7540,2023,Sibiu,Colegiul National Traian,Urban,M,4.82,8.73,9.14,6.3,6.35,7.74,0,0,2023
7541,2023,Iasi,Colegiul Tehnic Unirea,Urban,M,8.78,6.08,4.79,6.46,7.14,6.18,0,1,2023
7542,2023,Bacau,Colegiul Economic George Cosbuc,Urban,F,2.12,7.76,2.57,5.79,7.33,5.28,0,0,2023
7543,2023,Bistrita-Nasaud,Liceul Sportiv Ion Barbu,Urban,M,7.01,6.77,10.0,7.17,9.39,8.22,1,0,2023
7544,2023,Tulcea,Liceul Sportiv Stefan cel Mare,Rural,F,8.98,5.48,5.01,7.62,6.52,6.17,1,0,2023
7545,2023,Mures,Scoala Nationala Marin Preda,Urban,M,7.63,8.19,9.6,9.0,9.44,8.87,1,0,2023
7546,2023,Neamt,Colegiul Tehnic Vasile Alecsandri,Rural,F,7.91,8.09,7.6,5.55,7.71,7.49,1,0,2023
7547,2023,Dolj,Liceul Pedagogic Ana Ipatescu,Rural,F,5.54,3.25,6.89,7.67,5.24,5.53,0,0,2023
7548,2023,Braila,Liceul de Arte Ioan Slavici,Rural,M,3.55,5.34,3.59,5.28,5.18,4.6,0,0,2023
7549,2023,Neamt,Liceul de Arte Dimitrie Cantemir,Rural,F,7.06,6.07,3.84,4.73,7.7,5.54,0,0,2023
7550,2023,Mures,Liceul Pedagogic Dimitrie Cantemir,Urban,F,8.08,9.49,8.43,9.26,8.81,8.89,1,0,2023
7551,2023,Brasov,Colegiul National Mihai Eminescu,Urban,M,7.36,5.11,8.94,5.99,6.08,6.76,1,0,2023
7552,2023,Brasov,Colegiul Tehnic Constantin Brancusi,Urban,M,8.43,10.0,5.3,8.34,9.27,8.07,1,0,2023
7553,2023,Salaj,Scoala Nationala Emil Racovita,Rural,F,9.32,8.13,7.44,8.52,7.62,8.02,1,0,2023
7554,2023,Cluj,Scoala Nationala Elena Cuza,Urban,M,7.23,8.74,6.55,8.79,6.4,7.59,1,0,2023
7555,2023,Satu Mare,Liceul Tehnologic Grigore Moisil,Urban,M,7.04,6.03,6.71,9.83,2.84,6.43,0,0,2023
7556,2023,Giurgiu,Liceul Sportiv Mihai Viteazul,Urban,F,7.27,6.37,6.34,6.99,6.36,6.54,1,0,2023
7557,2023,Prahova,Liceul Teoretic Nicolae Balcescu,Urban,F,8.33,8.84,7.06,8.24,10.0,8.34,1,0,2023
7558,2023,Bacau,Liceul Teoretic Ion Luca Caragiale,Urban,M,7.02,5.3,2.0,8.89,7.32,5.32,0,0,2023
7559,2023,Salaj,Colegiul Tehnic Octavian Goga,Rural,F,7.29,5.18,8.43,4.23,7.72,6.6,0,0,2023
7560,2023,Gorj,Colegiul Economic Regina Maria,Urban,F,8.49,8.61,2.18,6.64,10.0,6.58,0,0,2023
7561,2023,Iasi,Colegiul National Ion Luca Caragiale,Rural,M,8.25,6.44,6.35,7.14,4.24,6.37,0,1,2023
7562,2023,Ialomita,Liceul Teoretic Ion Luca Caragiale,Urban,F,5.72,4.7,5.26,7.62,1.35,4.91,0,0,2023
7563,2023,Braila,Scoala Nationala Gheorghe Sincai,Rural,F,8.57,5.0,6.66,6.14,8.84,6.6,1,0,2023
7564,2023,Maramures,Colegiul Tehnic Mircea cel Batran,Urban,M,8.06,5.87,4.9,5.33,5.95,5.73,0,1,2023
7565,2023,Harghita,Colegiul Tehnic Avram Iancu,Rural,M,6.87,8.29,2.34,2.85,4.51,4.98,0,0,2023
7566,2023,Hunedoara,Liceul Sportiv Alexandru Ioan Cuza,Urban,F,8.8,9.28,8.36,9.35,5.28,8.37,1,0,2023
7567,2023,Salaj,Colegiul Tehnic Tudor Vladimirescu,Rural,F,6.5,7.72,7.45,7.94,7.23,7.48,1,0,2023
7568,2023,Gorj,Liceul Tehnologic Mihai Viteazul,Rural,M,2.58,7.42,8.17,4.91,8.02,6.87,0,0,2023
7569,2023,Teleorman,Liceul Sportiv Constantin Brancusi,Urban,F,5.96,6.39,5.81,9.43,9.43,7.09,1,0,2023
7570,2023,Valcea,Colegiul National Octavian Goga,Rural,M,8.42,6.79,2.85,5.83,6.03,5.51,0,1,2023
7571,2023,Maramures,Liceul Teoretic George Cosbuc,Urban,M,8.42,5.84,7.53,7.28,7.81,7.12,1,0,2023
7572,2023,Cluj,Colegiul National Mihai Viteazul,Urban,F,10.0,8.06,7.81,7.77,7.95,8.12,1,0,2023
7573,2023,Neamt,Colegiul National Unirea,Urban,F,8.58,10.0,6.07,8.61,10.0,8.47,1,0,2023
7574,2023,Dambovita,Liceul Pedagogic Unirea,Rural,M,9.95,7.61,4.75,5.92,6.1,6.51,0,0,2023
7575,2023,Sibiu,Scoala Nationala Bogdan Voda,Rural,F,6.51,5.48,5.0,10.0,8.25,6.53,1,0,2023
7576,2023,Satu Mare,Liceul Pedagogic Ana Ipatescu,Urban,F,9.85,8.55,6.01,8.4,9.47,8.03,1,0,2023
7577,2023,Giurgiu,Liceul Tehnologic Avram Iancu,Rural,M,8.5,8.85,7.61,7.93,9.75,8.44,1,0,2023
7578,2023,Tulcea,Liceul de Arte Ion Luca Caragiale,Rural,M,7.29,4.9,2.43,4.35,7.85,4.76,0,0,2023
7579,2023,Iasi,Liceul Sportiv Marin Preda,Urban,M,7.43,8.25,6.64,9.98,8.78,8.02,1,0,2023
7580,2023,Dolj,Colegiul National Ion Luca Caragiale,Urban,F,7.28,10.0,7.38,7.88,5.0,7.87,1,0,2023
7581,2023,Dambovita,Liceul Teoretic Ana Ipatescu,Urban,M,7.79,9.02,6.93,7.25,6.63,7.65,1,0,2023
7582,2023,Cluj,Liceul Sportiv Ion Luca Caragiale,Urban,M,7.46,8.14,7.92,9.04,5.98,7.82,1,0,2023
7583,2023,Gorj,Colegiul Tehnic Ioan Slavici,Urban,M,9.59,7.33,5.84,4.11,7.34,6.63,0,0,2023
7584,2023,Timis,Liceul Sportiv Constantin Brancusi,Urban,M,7.59,5.69,6.71,7.36,7.84,6.76,1,0,2023
7585,2023,Brasov,Liceul Sportiv Grigore Moisil,Urban,F,10.0,6.92,8.35,7.69,7.72,7.89,1,0,2023
7586,2023,Bihor,Liceul Pedagogic Vasile Alecsandri,Urban,F,9.16,6.2,6.38,7.24,9.5,7.2,1,0,2023
7587,2023,Vrancea,Colegiul National Emil Racovita,Urban,F,9.33,8.79,6.63,9.05,8.34,8.17,1,0,2023
7588,2023,Alba,Liceul Tehnologic Spiru Haret,Rural,F,8.32,8.98,7.14,7.91,9.05,8.21,1,0,2023
7589,2023,Timis,Liceul Teoretic Spiru Haret,Urban,F,6.5,5.76,7.3,9.55,3.64,6.55,0,1,2023
7590,2023,Calarasi,Liceul Teoretic Unirea,Urban,M,8.11,6.12,10.0,5.63,8.25,7.73,1,0,2023
7591,2023,Salaj,Liceul Sportiv Elena Cuza,Rural,F,8.31,8.6,7.53,8.33,8.91,8.26,1,0,2023
7592,2023,Gorj,Liceul Pedagogic Dimitrie Cantemir,Urban,F,8.36,8.02,6.43,10.0,9.01,8.02,1,0,2023
7593,2023,Botosani,Colegiul Tehnic Stefan cel Mare,Urban,M,9.29,8.66,7.55,10.0,8.81,8.61,1,0,2023
7594,2023,Vrancea,Liceul Teoretic Octavian Goga,Rural,F,8.73,8.65,7.6,7.43,6.33,7.81,1,0,2023
7595,2023,Brasov,Colegiul National Grigore Moisil,Rural,M,7.67,6.29,6.35,6.08,10.0,6.97,1,0,2023
7596,2023,Dambovita,Colegiul Economic Marin Preda,Urban,F,8.52,6.98,9.17,9.0,6.94,8.09,1,0,2023
7597,2023,Tulcea,Colegiul Economic Traian,Urban,M,7.27,6.63,7.82,4.57,8.36,7.0,0,0,2023
7598,2023,Mures,Liceul Tehnologic Spiru Haret,Rural,M,6.04,5.81,5.78,5.67,4.61,5.62,0,0,2023
7599,2023,Olt,Colegiul Economic Elena Cuza,Rural,M,9.47,2.83,6.11,9.09,4.79,5.71,0,0,2023
7600,2023,Gorj,Liceul Sportiv Constantin Brancusi,Rural,M,7.14,8.21,1.0,6.4,3.26,4.93,0,0,2023
7601,2023,Prahova,Scoala Nationala Mihai Eminescu,Urban,F,8.95,6.84,9.95,7.44,9.75,8.51,1,0,2023
7602,2023,Prahova,Liceul Tehnologic Stefan cel Mare,Urban,M,9.6,9.72,6.29,8.26,7.84,8.18,1,0,2023
7603,2023,Dolj,Colegiul Tehnic Gheorghe Sincai,Rural,F,7.51,7.69,7.01,6.64,7.36,7.26,1,0,2023
7604,2023,Gorj,Colegiul Economic Mihai Viteazul,Rural,M,6.12,5.09,4.4,8.91,3.65,5.34,0,0,2023
7605,2023,Ialomita,Scoala Nationala Ana Ipatescu,Urban,F,10.0,8.38,2.92,4.47,4.08,5.67,0,0,2023
7606,2023,Alba,Liceul Sportiv Ana Ipatescu,Rural,M,9.14,3.94,8.28,6.85,8.34,6.86,0,0,2023
7607,2023,Covasna,Scoala Nationala Unirea,Urban,F,8.48,8.39,5.87,9.68,6.43,7.54,1,0,2023
7608,2023,Bucuresti,Liceul Tehnologic Unirea,Urban,M,10.0,6.36,6.04,6.67,7.25,6.81,1,0,2023
7609,2023,Iasi,Colegiul Economic Decebal,Urban,M,7.99,7.33,7.78,4.41,2.84,6.42,0,0,2023
7610,2023,Teleorman,Liceul Teoretic Ion Barbu,Urban,M,9.73,10.0,3.37,9.06,7.16,7.42,0,1,2023
7611,2023,Alba,Liceul Teoretic Marin Preda,Urban,F,8.38,6.31,9.05,6.37,6.53,7.38,1,0,2023
7612,2023,Dambovita,Liceul Sportiv Octavian Goga,Rural,F,6.8,5.95,5.93,8.2,4.89,6.21,0,0,2023
7613,2023,Bucuresti,Colegiul Economic Mihai Viteazul,Urban,M,9.49,10.0,8.85,8.42,7.38,8.97,1,0,2023
7614,2023,Olt,Liceul de Arte Ion Barbu,Rural,F,7.75,3.7,6.61,7.06,3.43,5.44,0,0,2023
7615,2023,Neamt,Colegiul National Decebal,Urban,M,7.26,7.95,6.42,9.05,7.82,7.57,1,0,2023
7616,2023,Mures,Colegiul Economic Constantin Brancusi,Rural,M,10.0,8.01,8.83,6.72,10.0,8.56,1,0,2023
7617,2023,Alba,Liceul Sportiv Nicolae Balcescu,Urban,F,9.27,8.77,9.13,7.81,9.24,8.85,1,0,2023
7618,2023,Dolj,Colegiul Economic Dimitrie Cantemir,Urban,F,6.96,10.0,8.75,7.42,7.6,8.57,1,0,2023
7619,2023,Bihor,Liceul Teoretic Constantin Brancusi,Rural,M,7.27,10.0,9.5,9.67,9.65,9.48,1,0,2023
7620,2023,Giurgiu,Liceul Tehnologic Elena Cuza,Rural,M,5.31,7.85,6.01,9.81,10.0,7.66,1,0,2023
7621,2023,Bistrita-Nasaud,Colegiul National Ioan Slavici,Rural,M,9.01,10.0,6.24,7.7,7.85,8.11,1,0,2023
7622,2023,Dolj,Colegiul National Lucian Blaga,Urban,M,7.85,8.06,9.98,5.5,6.63,8.02,1,0,2023
7623,2023,Harghita,Liceul Sportiv Alexandru Ioan Cuza,Urban,M,10.0,6.77,8.38,8.41,6.09,7.72,1,0,2023
7624,2023,Satu Mare,Colegiul Economic Ion Barbu,Rural,F,6.89,7.96,1.0,7.07,7.92,5.63,0,0,2023
7625,2023,Hunedoara,Colegiul Tehnic Regina Maria,Urban,M,6.31,8.17,6.23,10.0,6.06,7.36,1,0,2023
7626,2023,Bihor,Liceul Teoretic Marin Preda,Urban,M,9.14,8.58,6.76,8.59,6.05,7.71,1,0,2023
7627,2023,Mehedinti,Colegiul Tehnic Ion Luca Caragiale,Urban,M,6.69,8.98,5.63,7.97,7.68,7.4,1,0,2023
7628,2023,Harghita,Liceul Pedagogic Gheorghe Sincai,Urban,F,7.27,9.83,10.0,8.53,9.2,9.34,1,0,2023
7629,2023,Cluj,Liceul Teoretic Unirea,Rural,F,7.62,7.41,5.71,10.0,8.7,7.5,1,0,2023
7630,2023,Ilfov,Colegiul Economic Mircea cel Batran,Urban,F,5.69,9.49,2.61,4.57,6.43,5.85,0,1,2023
7631,2023,Bucuresti,Liceul Teoretic Ion Barbu,Rural,F,6.23,7.02,2.03,7.12,8.96,5.75,0,0,2023
7632,2023,Ialomita,Colegiul Economic Gheorghe Sincai,Urban,M,7.07,5.56,3.27,5.37,4.84,4.89,0,0,2023
7633,2023,Covasna,Liceul Pedagogic Stefan cel Mare,Urban,F,8.07,7.27,5.28,8.34,7.41,6.93,0,1,2023
7634,2023,Bihor,Colegiul Economic Stefan cel Mare,Rural,F,9.75,9.62,8.79,7.74,5.0,8.41,1,0,2023
7635,2023,Valcea,Liceul Teoretic Onisifor Ghibu,Rural,M,8.98,4.56,4.37,4.9,10.0,5.81,0,0,2023
7636,2023,Bistrita-Nasaud,Liceul Teoretic Grigore Moisil,Urban,F,8.19,8.33,6.41,8.33,8.94,7.83,1,0,2023
7637,2023,Giurgiu,Liceul Sportiv Elena Cuza,Rural,F,8.89,9.57,6.56,6.72,8.84,8.06,1,0,2023
7638,2023,Vrancea,Colegiul National Marin Preda,Urban,M,9.51,6.47,7.51,9.6,7.69,7.74,1,0,2023
7639,2023,Valcea,Liceul Tehnologic Bogdan Voda,Urban,F,9.29,8.37,8.76,8.27,8.38,8.57,1,0,2023
7640,2023,Mehedinti,Scoala Nationala Dimitrie Cantemir,Urban,M,9.55,8.36,7.1,8.85,9.29,8.31,1,0,2023
7641,2023,Brasov,Liceul Tehnologic Elena Cuza,Urban,M,6.9,6.19,7.44,7.66,6.59,6.92,1,0,2023
7642,2023,Tulcea,Colegiul Tehnic Mihai Eminescu,Rural,F,10.0,6.53,5.88,6.38,8.36,6.93,1,0,2023
7643,2023,Dolj,Liceul Tehnologic Gheorghe Sincai,Rural,F,7.87,8.97,5.93,9.02,7.82,7.78,1,0,2023
7644,2023,Mures,Liceul Teoretic Bogdan Voda,Urban,F,9.57,7.6,6.22,9.34,7.82,7.68,1,0,2023
7645,2023,Neamt,Liceul Sportiv Ioan Slavici,Urban,M,8.58,6.59,5.18,6.29,7.94,6.52,1,0,2023
7646,2023,Buzau,Liceul Teoretic Alexandru Ioan Cuza,Urban,M,6.76,7.27,6.59,10.0,7.67,7.48,1,0,2023
7647,2023,Bistrita-Nasaud,Scoala Nationala Grigore Moisil,Rural,F,8.12,6.69,8.22,7.0,9.23,7.72,1,0,2023
7648,2023,Braila,Colegiul National Onisifor Ghibu,Rural,M,9.21,5.13,8.05,8.03,6.63,7.07,1,0,2023
7649,2023,Arad,Liceul Sportiv George Cosbuc,Urban,F,9.11,7.68,6.46,7.0,6.37,7.16,1,0,2023
7650,2023,Neamt,Liceul Tehnologic George Cosbuc,Urban,M,9.32,10.0,7.34,9.96,9.09,8.99,1,0,2023
7651,2023,Braila,Liceul Teoretic Tudor Vladimirescu,Urban,F,7.74,10.0,10.0,9.36,5.41,8.99,1,0,2023
7652,2023,Braila,Liceul Pedagogic Mircea cel Batran,Urban,F,8.2,7.18,4.73,8.42,5.56,6.49,0,0,2023
7653,2023,Bucuresti,Liceul Tehnologic Stefan cel Mare,Rural,M,4.52,5.78,3.58,6.99,5.83,5.18,0,0,2023
7654,2023,Galati,Scoala Nationala Spiru Haret,Urban,F,9.79,8.98,6.78,6.42,7.58,7.81,1,0,2023
7655,2023,Sibiu,Liceul Pedagogic Lucian Blaga,Rural,F,5.96,9.22,9.91,4.79,8.09,8.27,0,0,2023
7656,2023,Salaj,Colegiul National Gheorghe Sincai,Rural,M,9.12,8.84,7.12,6.77,7.1,7.78,1,0,2023
7657,2023,Gorj,Liceul Pedagogic Gheorghe Sincai,Rural,F,7.78,7.97,8.56,9.29,9.08,8.49,1,0,2023
7658,2023,Iasi,Colegiul Economic Elena Cuza,Urban,F,9.15,8.69,8.24,8.94,7.68,8.49,1,0,2023
7659,2023,Iasi,Liceul Pedagogic Octavian Goga,Urban,M,8.66,5.18,7.09,8.11,10.0,7.26,1,0,2023
7660,2023,Dambovita,Liceul de Arte Lucian Blaga,Urban,F,8.58,5.94,4.88,8.49,6.03,6.28,0,0,2023
7661,2023,Valcea,Liceul Sportiv Ioan Slavici,Urban,F,6.87,5.45,6.48,7.57,6.41,6.36,1,0,2023
7662,2023,Hunedoara,Liceul Tehnologic Marin Preda,Rural,F,9.81,7.54,9.47,2.01,4.93,7.12,0,0,2023
7663,2023,Cluj,Liceul Sportiv Constantin Brancusi,Urban,F,7.43,8.36,2.29,8.66,9.53,6.67,0,0,2023
7664,2023,Timis,Liceul Tehnologic Dimitrie Cantemir,Rural,F,5.97,8.3,6.82,8.09,7.79,7.52,1,0,2023
7665,2023,Cluj,Colegiul Tehnic Mihai Eminescu,Rural,M,7.23,8.51,8.27,10.0,6.58,8.24,1,0,2023
7666,2023,Neamt,Scoala Nationala Grigore Moisil,Urban,M,9.11,7.82,6.7,8.63,7.85,7.74,1,0,2023
7667,2023,Cluj,Colegiul National Decebal,Urban,F,9.63,10.0,7.14,9.26,9.18,8.87,1,0,2023
7668,2023,Cluj,Liceul de Arte Avram Iancu,Urban,F,7.8,8.14,8.25,6.0,7.92,7.79,1,0,2023
7669,2023,Alba,Liceul Tehnologic Stefan cel Mare,Rural,M,5.39,5.6,10.0,5.05,6.1,6.89,1,0,2023
7670,2023,Salaj,Liceul Sportiv Grigore Moisil,Urban,F,9.55,7.79,5.91,6.02,3.01,6.42,0,0,2023
7671,2023,Alba,Liceul Tehnologic Avram Iancu,Urban,F,10.0,6.49,9.75,8.69,8.56,8.46,0,1,2023
7672,2023,Braila,Scoala Nationala Ana Ipatescu,Rural,M,6.85,5.48,5.03,8.49,7.45,6.23,1,0,2023
7673,2023,Vrancea,Colegiul Tehnic Avram Iancu,Rural,M,7.2,5.72,8.14,7.55,9.79,7.48,1,0,2023
7674,2023,Arges,Scoala Nationala Mihai Eminescu,Urban,M,5.78,8.24,7.35,8.64,8.49,7.82,1,0,2023
7675,2023,Arges,Liceul Sportiv Vasile Alecsandri,Urban,F,6.89,6.67,6.55,1.0,8.86,6.13,0,0,2023
7676,2023,Teleorman,Scoala Nationala Ana Ipatescu,Urban,F,5.97,3.98,8.51,7.57,6.04,6.39,0,1,2023
7677,2023,Ilfov,Scoala Nationala Lucian Blaga,Rural,F,9.68,8.48,6.96,8.79,9.18,8.3,1,0,2023
7678,2023,Iasi,Scoala Nationala Dimitrie Cantemir,Urban,F,6.03,5.36,7.53,6.06,5.15,6.15,1,0,2023
7679,2023,Arad,Liceul Pedagogic Unirea,Rural,M,9.16,6.53,5.46,10.0,9.36,7.42,1,0,2023
7680,2023,Brasov,Colegiul National Alexandru Ioan Cuza,Urban,F,7.45,5.0,6.33,7.69,6.8,6.32,1,0,2023
7681,2023,Sibiu,Liceul de Arte Decebal,Rural,F,10.0,5.99,9.41,7.06,10.0,8.18,1,0,2023
7682,2023,Arad,Colegiul Economic Ion Luca Caragiale,Rural,F,6.98,8.11,8.13,9.55,6.0,7.9,1,0,2023
7683,2023,Covasna,Liceul Sportiv Traian,Urban,F,9.97,9.25,9.38,8.8,5.46,8.73,1,0,2023
7684,2023,Salaj,Liceul Tehnologic Emil Racovita,Urban,F,7.55,5.09,8.25,6.28,3.92,6.29,0,0,2023
7685,2023,Ialomita,Liceul de Arte Emil Racovita,Rural,M,7.28,8.65,2.57,6.26,5.29,5.83,0,0,2023
7686,2023,Harghita,Colegiul National Constantin Brancusi,Urban,M,8.99,3.32,8.58,6.0,6.71,6.38,0,0,2023
7687,2023,Bistrita-Nasaud,Colegiul Tehnic Marin Preda,Rural,M,9.2,9.36,7.09,7.41,8.31,8.21,1,0,2023
7688,2023,Mehedinti,Liceul Teoretic Mircea cel Batran,Rural,M,7.15,5.53,4.26,5.51,3.64,5.02,0,0,2023
7689,2023,Alba,Liceul de Arte Traian,Rural,M,7.44,3.47,4.71,5.98,5.23,4.88,0,0,2023
7690,2023,Neamt,Liceul Pedagogic Bogdan Voda,Urban,M,7.43,6.81,8.08,7.19,8.07,7.5,1,0,2023
7691,2023,Prahova,Liceul Tehnologic Grigore Moisil,Urban,F,9.93,5.51,7.98,5.79,3.27,6.4,0,0,2023
7692,2023,Sibiu,Liceul Teoretic Decebal,Rural,F,8.61,6.28,9.11,7.58,8.4,7.88,1,0,2023
7693,2023,Maramures,Colegiul Tehnic Alexandru Ioan Cuza,Urban,M,7.3,5.0,8.73,9.18,8.84,7.55,1,0,2023
7694,2023,Maramures,Liceul Teoretic Stefan cel Mare,Urban,M,8.56,8.43,9.68,7.41,6.76,8.41,1,0,2023
7695,2023,Arad,Scoala Nationala Nicolae Balcescu,Rural,M,9.6,8.07,4.05,8.48,9.43,7.28,0,0,2023
7696,2023,Alba,Liceul Pedagogic Ion Barbu,Rural,F,8.42,8.51,5.0,7.87,9.11,7.44,1,0,2023
7697,2023,Calarasi,Liceul de Arte George Cosbuc,Urban,M,7.75,9.18,4.73,5.4,4.71,6.46,0,0,2023
7698,2023,Sibiu,Liceul de Arte Grigore Moisil,Urban,M,8.72,9.04,7.34,7.82,8.87,8.29,1,0,2023
7699,2023,Olt,Colegiul Economic Unirea,Urban,F,7.48,7.27,6.06,8.14,5.83,6.84,1,0,2023
7700,2023,Arges,Liceul Pedagogic Traian,Rural,M,6.7,7.18,3.22,6.34,7.84,5.92,0,0,2023
7701,2023,Vrancea,Liceul Teoretic Nicolae Balcescu,Urban,F,8.1,6.95,5.31,6.86,9.24,6.9,1,0,2023
7702,2023,Hunedoara,Colegiul Tehnic Stefan cel Mare,Urban,M,8.0,4.85,5.31,5.68,8.67,6.0,0,0,2023
7703,2023,Constanta,Liceul Tehnologic Tudor Vladimirescu,Urban,F,7.2,8.55,8.25,7.45,7.98,8.07,1,0,2023
7704,2023,Gorj,Colegiul National Constantin Brancusi,Urban,M,8.98,10.0,5.24,7.43,8.25,7.82,1,0,2023
7705,2023,Ialomita,Colegiul Economic Gheorghe Sincai,Urban,M,7.68,6.66,8.04,1.0,5.6,6.17,0,1,2023
7706,2023,Olt,Colegiul Economic Marin Preda,Urban,M,8.06,7.4,5.0,5.68,6.91,6.41,1,0,2023
7707,2023,Hunedoara,Colegiul Economic Lucian Blaga,Rural,M,5.17,6.23,5.79,6.18,7.12,6.12,0,1,2023
7708,2023,Vaslui,Colegiul Tehnic Decebal,Urban,M,8.16,8.9,10.0,8.24,7.67,8.87,1,0,2023
7709,2023,Suceava,Liceul de Arte Gheorghe Sincai,Urban,M,9.09,9.72,4.26,10.0,9.86,8.08,0,0,2023
7710,2023,Galati,Liceul Tehnologic Onisifor Ghibu,Rural,M,4.91,4.4,10.0,8.47,5.21,6.86,0,0,2023
7711,2023,Sibiu,Scoala Nationala Grigore Moisil,Rural,F,8.14,7.91,7.56,9.1,6.88,7.85,1,0,2023
7712,2023,Bucuresti,Liceul Sportiv Nicolae Balcescu,Rural,F,7.65,3.49,10.0,3.46,4.69,6.03,0,0,2023
7713,2023,Bucuresti,Liceul Tehnologic Alexandru Ioan Cuza,Rural,F,3.31,7.12,3.71,2.85,6.69,5.01,0,0,2023
7714,2023,Suceava,Liceul Teoretic Avram Iancu,Urban,F,10.0,7.32,6.56,7.27,8.0,7.45,1,0,2023
7715,2023,Prahova,Scoala Nationala Mihai Eminescu,Urban,M,9.4,8.27,7.02,9.58,7.73,8.12,1,0,2023
7716,2023,Sibiu,Liceul Sportiv Dimitrie Cantemir,Rural,F,6.34,6.34,7.31,6.44,7.03,6.75,1,0,2023
7717,2023,Arad,Liceul de Arte Decebal,Urban,M,10.0,8.01,6.84,9.45,8.08,8.08,1,0,2023
7718,2023,Mures,Liceul Pedagogic Grigore Moisil,Urban,F,8.1,9.34,9.37,6.85,7.5,8.58,1,0,2023
7719,2023,Harghita,Liceul de Arte George Cosbuc,Rural,F,7.29,5.46,5.75,4.93,4.33,5.48,0,0,2023
7720,2023,Vrancea,Liceul Pedagogic Mihai Eminescu,Urban,M,7.05,6.95,4.58,6.24,6.13,6.02,0,0,2023
7721,2023,Arad,Colegiul Economic Avram Iancu,Urban,M,7.4,6.26,6.61,9.56,8.37,7.29,1,0,2023
7722,2023,Ilfov,Scoala Nationala Ana Ipatescu,Urban,F,7.68,10.0,5.37,5.91,8.32,7.51,1,0,2023
7723,2023,Prahova,Colegiul National Constantin Brancusi,Rural,M,4.59,7.55,4.14,8.45,6.3,6.18,0,0,2023
7724,2023,Mehedinti,Liceul Pedagogic Avram Iancu,Urban,M,7.38,8.08,6.24,10.0,7.06,7.59,1,0,2023
7725,2023,Dolj,Liceul Sportiv Mihai Eminescu,Urban,M,8.35,8.72,7.3,8.52,8.69,8.22,1,0,2023
7726,2023,Iasi,Liceul Pedagogic Marin Preda,Rural,F,5.22,2.74,4.94,5.94,5.86,4.6,0,0,2023
7727,2023,Olt,Colegiul Economic Spiru Haret,Urban,F,9.07,9.48,7.58,8.29,7.17,8.34,1,0,2023
7728,2023,Botosani,Colegiul Economic Dimitrie Cantemir,Urban,M,10.0,9.66,5.7,9.67,6.9,8.09,1,0,2023
7729,2023,Valcea,Colegiul National George Cosbuc,Rural,F,8.0,9.55,8.23,7.95,7.91,8.51,1,0,2023
7730,2023,Bucuresti,Liceul de Arte Ion Luca Caragiale,Rural,F,9.22,10.0,7.83,6.65,6.65,8.27,1,0,2023
7731,2023,Covasna,Liceul de Arte Mircea cel Batran,Urban,M,8.5,5.37,9.46,9.4,6.56,7.69,1,0,2023
7732,2023,Olt,Scoala Nationala Ioan Slavici,Rural,M,5.08,8.22,6.59,8.12,8.7,7.47,1,0,2023
7733,2023,Braila,Liceul de Arte Grigore Moisil,Rural,M,5.2,6.9,2.67,4.97,6.81,5.16,0,0,2023
7734,2023,Mehedinti,Liceul Teoretic Traian,Urban,F,7.67,6.3,5.15,6.08,5.38,5.92,1,0,2023
7735,2023,Ilfov,Colegiul Economic Octavian Goga,Urban,F,8.79,8.27,5.37,6.83,8.13,7.22,1,0,2023
7736,2023,Dambovita,Scoala Nationala Ana Ipatescu,Urban,F,8.22,6.94,8.23,8.75,8.51,7.96,1,0,2023
7737,2023,Constanta,Colegiul Tehnic Alexandru Ioan Cuza,Rural,M,7.12,7.63,6.59,9.09,9.87,7.82,1,0,2023
7738,2023,Tulcea,Colegiul Economic Gheorghe Sincai,Urban,F,10.0,8.43,6.28,6.58,10.0,7.9,1,0,2023
7739,2023,Suceava,Colegiul Tehnic Elena Cuza,Urban,F,7.79,8.1,7.67,8.75,8.59,8.11,1,0,2023
7740,2023,Braila,Scoala Nationala Nicolae Balcescu,Urban,F,9.77,9.28,7.86,8.38,10.0,8.88,1,0,2023
7741,2023,Botosani,Liceul de Arte Lucian Blaga,Urban,M,9.23,7.27,8.12,7.53,10.0,8.17,1,0,2023
7742,2023,Bistrita-Nasaud,Liceul Teoretic Avram Iancu,Rural,M,9.51,8.39,6.41,7.72,8.81,7.87,1,0,2023
7743,2023,Teleorman,Colegiul National Grigore Moisil,Urban,M,5.86,5.45,8.3,6.43,3.44,6.19,0,0,2023
7744,2023,Bihor,Liceul de Arte Mircea cel Batran,Urban,F,9.28,8.2,8.87,7.12,9.02,8.47,1,0,2023
7745,2023,Satu Mare,Colegiul Economic Ioan Slavici,Rural,M,9.73,8.56,10.0,8.37,6.97,8.84,1,0,2023
7746,2023,Mures,Liceul Tehnologic Nicolae Balcescu,Urban,F,9.08,7.1,6.7,8.73,9.66,7.81,1,0,2023
7747,2023,Ilfov,Liceul Sportiv Lucian Blaga,Rural,F,8.31,5.59,9.68,8.67,9.17,8.09,1,0,2023
7748,2023,Vrancea,Colegiul National Regina Maria,Rural,F,6.54,10.0,5.45,8.76,10.0,8.1,1,0,2023
7749,2023,Gorj,Liceul Sportiv George Cosbuc,Rural,F,8.78,10.0,5.0,7.1,6.7,7.45,1,0,2023
7750,2023,Maramures,Colegiul Tehnic Spiru Haret,Urban,M,8.56,7.19,10.0,5.93,8.62,8.2,1,0,2023
7751,2023,Iasi,Liceul Sportiv Mircea cel Batran,Rural,M,6.15,3.2,8.74,10.0,7.22,6.78,0,0,2023
7752,2023,Bihor,Liceul Tehnologic Constantin Brancusi,Urban,F,7.3,6.54,7.38,5.24,8.57,6.98,1,0,2023
7753,2023,Alba,Colegiul Tehnic Spiru Haret,Rural,M,7.41,6.54,9.17,8.86,7.83,7.96,1,0,2023
7754,2023,Satu Mare,Liceul Teoretic Spiru Haret,Urban,F,7.07,5.31,5.09,8.28,3.43,5.58,0,1,2023
7755,2023,Dolj,Liceul Teoretic Mihai Eminescu,Urban,F,10.0,9.23,8.75,8.24,7.19,8.71,1,0,2023
7756,2023,Mehedinti,Colegiul National Octavian Goga,Urban,M,8.13,6.34,10.0,6.96,6.9,7.79,1,0,2023
7757,2023,Maramures,Liceul de Arte George Cosbuc,Rural,M,9.24,8.54,7.03,8.74,7.8,8.08,1,0,2023
7758,2023,Timis,Liceul Tehnologic Ioan Slavici,Rural,F,6.5,7.98,8.94,5.0,6.41,7.44,1,0,2023
7759,2023,Suceava,Colegiul National Avram Iancu,Urban,M,8.67,9.51,6.53,7.84,10.0,8.36,1,0,2023
7760,2023,Covasna,Colegiul National Mihai Viteazul,Urban,F,6.75,6.66,6.13,6.51,8.97,6.83,1,0,2023
7761,2023,Neamt,Liceul Pedagogic Stefan cel Mare,Urban,F,10.0,8.24,6.67,9.32,8.08,8.08,1,0,2023
7762,2023,Valcea,Colegiul Economic Alexandru Ioan Cuza,Rural,M,6.74,6.21,1.0,7.39,7.0,5.0,0,0,2023
7763,2023,Ialomita,Liceul Teoretic George Cosbuc,Rural,F,7.71,9.18,8.97,6.22,6.59,8.14,1,0,2023
7764,2023,Sibiu,Liceul Teoretic Traian,Urban,M,10.0,6.68,9.28,8.27,9.56,8.46,1,0,2023
7765,2023,Calarasi,Liceul Pedagogic Gheorghe Sincai,Urban,M,8.57,6.92,7.09,6.1,7.57,7.11,1,0,2023
7766,2023,Harghita,Colegiul Economic Onisifor Ghibu,Urban,F,10.0,9.85,10.0,8.08,9.8,9.64,1,0,2023
7767,2023,Harghita,Liceul Tehnologic Vasile Alecsandri,Urban,F,6.65,10.0,7.67,8.49,9.88,8.72,1,0,2023
7768,2023,Prahova,Liceul Tehnologic Tudor Vladimirescu,Urban,M,8.43,5.47,2.13,8.22,6.16,5.28,0,0,2023
7769,2023,Dambovita,Scoala Nationala Ioan Slavici,Urban,M,7.65,7.63,9.2,8.63,6.83,8.13,1,0,2023
7770,2023,Gorj,Colegiul Tehnic Spiru Haret,Rural,F,5.17,6.23,2.96,7.15,7.31,5.44,0,0,2023
7771,2023,Ilfov,Liceul de Arte Spiru Haret,Rural,M,9.01,4.9,7.87,9.56,6.55,7.15,0,0,2023
7772,2023,Olt,Liceul Sportiv Constantin Brancusi,Urban,M,9.61,6.14,10.0,7.08,9.52,8.29,1,0,2023
7773,2023,Bacau,Colegiul National Alexandru Ioan Cuza,Rural,M,8.11,7.01,8.48,6.79,6.25,7.41,1,0,2023
7774,2023,Covasna,Liceul Sportiv Lucian Blaga,Urban,M,7.54,4.94,8.44,6.08,7.38,6.79,0,0,2023
7775,2023,Tulcea,Colegiul Tehnic Traian,Urban,M,7.63,8.09,6.17,6.74,7.75,7.21,1,0,2023
7776,2023,Tulcea,Liceul de Arte Mihai Eminescu,Rural,F,7.63,8.44,6.69,8.91,10.0,8.14,1,0,2023
7777,2023,Vrancea,Liceul de Arte Mihai Eminescu,Urban,M,8.01,6.26,7.01,10.0,7.63,7.43,1,0,2023
7778,2023,Mehedinti,Liceul Pedagogic Dimitrie Cantemir,Urban,F,9.17,5.96,6.15,10.0,9.34,7.45,1,0,2023
7779,2023,Sibiu,Liceul Tehnologic George Cosbuc,Urban,M,9.47,7.38,6.12,9.02,8.59,7.64,1,0,2023
7780,2023,Mehedinti,Liceul Tehnologic Octavian Goga,Rural,M,8.17,9.04,6.9,6.61,8.47,7.86,1,0,2023
7781,2023,Sibiu,Liceul de Arte Dimitrie Cantemir,Rural,M,9.61,6.57,5.72,5.64,9.37,6.9,1,0,2023
7782,2023,Bistrita-Nasaud,Liceul Sportiv Lucian Blaga,Rural,M,7.99,5.91,7.32,5.3,5.98,6.46,1,0,2023
7783,2023,Arges,Colegiul Tehnic Traian,Urban,F,8.59,8.9,7.33,8.92,6.51,8.04,1,0,2023
7784,2023,Hunedoara,Liceul Tehnologic Ioan Slavici,Urban,M,10.0,7.88,6.84,7.47,7.06,7.6,1,0,2023
7785,2023,Vrancea,Scoala Nationala Octavian Goga,Rural,M,3.16,4.51,4.2,5.8,3.22,4.28,0,0,2023
7786,2023,Bacau,Scoala Nationala Unirea,Rural,M,7.98,4.07,5.99,9.63,6.68,6.26,0,0,2023
7787,2023,Arad,Liceul Tehnologic Ioan Slavici,Rural,M,3.88,5.26,3.28,10.0,3.98,5.05,0,0,2023
7788,2023,Bihor,Liceul Sportiv Nicolae Balcescu,Rural,F,5.39,8.16,4.79,1.31,5.61,5.46,0,0,2023
7789,2023,Mehedinti,Scoala Nationala Avram Iancu,Rural,F,7.9,7.22,6.0,8.25,8.45,7.26,1,0,2023
7790,2023,Mures,Colegiul National Decebal,Urban,F,7.54,6.11,3.93,7.8,5.19,5.71,0,0,2023
7791,2023,Salaj,Colegiul Economic Avram Iancu,Urban,M,7.82,7.24,8.59,9.56,8.94,8.31,1,0,2023
7792,2023,Valcea,Liceul Teoretic Stefan cel Mare,Urban,F,7.96,7.47,5.86,9.09,8.03,7.36,1,0,2023
7793,2023,Constanta,Colegiul Tehnic Dimitrie Cantemir,Urban,F,8.73,8.52,6.15,7.58,7.87,7.59,1,0,2023
7794,2023,Maramures,Liceul Sportiv Mircea cel Batran,Urban,F,8.7,6.79,6.67,8.69,7.23,7.3,1,0,2023
7795,2023,Neamt,Liceul Pedagogic Ion Luca Caragiale,Urban,F,7.43,7.87,5.56,8.25,9.27,7.4,1,0,2023
7796,2023,Brasov,Liceul de Arte Onisifor Ghibu,Urban,M,9.6,5.83,8.06,7.49,10.0,7.75,1,0,2023
7797,2023,Cluj,Colegiul Tehnic Avram Iancu,Urban,M,6.78,7.88,6.08,5.49,7.58,6.83,1,0,2023
7798,2023,Timis,Colegiul National Ioan Slavici,Rural,M,7.55,7.73,7.42,6.52,6.59,7.27,1,0,2023
7799,2023,Valcea,Scoala Nationala Ion Barbu,Urban,F,7.79,7.23,5.29,6.77,10.0,7.05,1,0,2023
7800,2023,Mehedinti,Scoala Nationala Octavian Goga,Urban,F,8.74,10.0,7.02,5.57,7.49,7.94,1,0,2023
7801,2023,Vaslui,Scoala Nationala Spiru Haret,Urban,M,8.37,8.11,5.27,10.0,4.71,7.06,0,0,2023
7802,2023,Maramures,Colegiul Economic Mircea cel Batran,Urban,F,8.28,7.61,5.0,8.78,9.26,7.32,1,0,2023
7803,2023,Cluj,Colegiul Tehnic Nicolae Balcescu,Urban,F,9.97,8.66,6.61,9.24,9.55,8.4,1,0,2023
7804,2023,Covasna,Liceul Teoretic Dimitrie Cantemir,Rural,F,6.99,8.8,7.02,2.03,6.82,6.77,0,0,2023
7805,2023,Dambovita,Liceul Sportiv Regina Maria,Rural,F,9.0,6.82,8.62,5.28,8.4,7.58,1,0,2023
7806,2023,Braila,Liceul de Arte Nicolae Balcescu,Rural,F,8.5,7.82,6.57,7.62,9.36,7.71,1,0,2023
7807,2023,Vrancea,Liceul Sportiv Unirea,Urban,M,8.74,9.58,8.06,6.99,7.89,8.4,1,0,2023
7808,2023,Dambovita,Scoala Nationala Grigore Moisil,Rural,F,9.12,7.27,5.75,7.04,7.35,6.98,1,0,2023
7809,2023,Galati,Colegiul National Spiru Haret,Urban,M,8.8,7.44,8.02,9.61,6.29,7.9,1,0,2023
7810,2023,Galati,Liceul Sportiv Ion Luca Caragiale,Urban,M,8.8,9.99,6.28,5.57,8.66,7.9,1,0,2023
7811,2023,Arges,Liceul Teoretic Gheorghe Sincai,Urban,M,10.0,6.64,5.0,7.48,8.06,6.82,1,0,2023
7812,2023,Sibiu,Liceul Sportiv Ion Barbu,Rural,M,9.26,7.68,6.53,8.2,9.38,7.83,1,0,2023
7813,2023,Iasi,Colegiul Economic Decebal,Rural,F,8.6,8.01,5.38,5.98,1.0,5.92,0,0,2023
7814,2023,Brasov,Colegiul National Mircea cel Batran,Rural,F,9.0,8.21,7.95,5.0,10.0,8.0,1,0,2023
7815,2023,Timis,Liceul Sportiv Grigore Moisil,Urban,M,8.35,9.5,9.86,7.41,6.89,8.79,1,0,2023
7816,2023,Dolj,Liceul Pedagogic Mihai Viteazul,Urban,M,6.37,9.16,6.56,7.62,8.05,7.7,1,0,2023
7817,2023,Harghita,Liceul Tehnologic Onisifor Ghibu,Urban,F,6.39,10.0,9.5,7.14,6.46,8.53,1,0,2023
7818,2023,Braila,Liceul Sportiv Gheorghe Sincai,Urban,M,8.5,9.02,9.88,8.3,7.25,8.85,1,0,2023
7819,2023,Ialomita,Colegiul Economic Onisifor Ghibu,Urban,F,7.85,5.54,9.51,6.72,6.53,7.29,1,0,2023
7820,2023,Mures,Colegiul Tehnic Tudor Vladimirescu,Urban,F,8.76,7.21,7.86,6.73,7.66,7.56,1,0,2023
7821,2023,Brasov,Liceul de Arte Ana Ipatescu,Urban,F,9.43,8.08,5.0,8.14,7.09,7.15,1,0,2023
7822,2023,Bihor,Liceul Pedagogic Mihai Viteazul,Rural,F,6.72,7.82,6.82,8.37,8.21,7.55,1,0,2023
7823,2023,Hunedoara,Colegiul Tehnic Avram Iancu,Urban,F,5.77,8.44,5.41,7.54,7.52,6.99,1,0,2023
7824,2023,Alba,Scoala Nationala Ion Luca Caragiale,Urban,F,8.5,7.41,8.29,7.02,6.43,7.58,1,0,2023
7825,2023,Brasov,Liceul Pedagogic George Cosbuc,Rural,M,8.37,7.02,7.97,9.28,8.66,8.02,1,0,2023
7826,2023,Bistrita-Nasaud,Liceul Sportiv Emil Racovita,Rural,F,6.93,6.6,7.38,8.76,5.0,6.95,1,0,2023
7827,2023,Galati,Liceul Sportiv Unirea,Rural,F,7.64,9.15,9.44,7.57,9.53,8.91,1,0,2023
7828,2023,Vaslui,Scoala Nationala Nicolae Balcescu,Rural,F,8.4,8.1,7.35,8.81,7.86,7.98,1,0,2023
7829,2023,Bihor,Liceul Tehnologic Gheorghe Sincai,Urban,F,9.63,10.0,6.83,6.63,6.68,8.01,1,0,2023
7830,2023,Alba,Liceul Tehnologic Constantin Brancusi,Urban,F,5.28,7.04,6.87,6.0,9.27,6.99,1,0,2023
7831,2023,Ilfov,Liceul Pedagogic Avram Iancu,Urban,M,9.38,10.0,7.11,7.81,9.74,8.7,1,0,2023
7832,2023,Cluj,Liceul Tehnologic Tudor Vladimirescu,Rural,M,5.54,7.76,4.65,9.37,6.04,6.59,0,0,2023
7833,2023,Gorj,Colegiul National Mihai Viteazul,Urban,F,6.83,6.12,4.03,4.9,8.0,5.66,0,0,2023
7834,2023,Buzau,Liceul Teoretic Spiru Haret,Urban,M,9.06,9.62,7.85,7.14,6.05,8.13,1,0,2023
7835,2023,Arad,Colegiul Tehnic Ion Barbu,Urban,F,8.41,3.98,4.93,5.86,9.24,5.78,0,0,2023
7836,2023,Giurgiu,Colegiul National Traian,Urban,M,6.04,8.67,8.09,8.15,6.87,7.88,1,0,2023
7837,2023,Arad,Liceul de Arte Tudor Vladimirescu,Rural,M,5.28,5.15,6.59,5.0,4.48,5.47,0,0,2023
7838,2023,Arges,Liceul Tehnologic Constantin Brancusi,Rural,M,4.79,7.47,6.73,8.69,2.11,6.36,0,0,2023
7839,2023,Braila,Liceul Pedagogic Decebal,Rural,M,8.97,8.63,3.83,6.73,6.84,6.67,0,0,2023
7840,2023,Prahova,Liceul Teoretic Marin Preda,Urban,F,7.37,5.43,6.67,6.78,8.29,6.63,1,0,2023
7841,2023,Salaj,Colegiul National Ion Barbu,Rural,F,6.27,7.0,1.92,6.81,4.9,5.06,0,0,2023
7842,2023,Braila,Colegiul National Mihai Eminescu,Urban,F,7.82,8.37,10.0,3.69,9.76,8.31,0,1,2023
7843,2023,Teleorman,Scoala Nationala Ioan Slavici,Urban,M,6.85,6.8,5.14,6.4,5.97,6.12,1,0,2023
7844,2023,Bucuresti,Liceul Tehnologic Avram Iancu,Urban,F,9.46,8.28,8.54,7.69,7.22,8.23,1,0,2023
7845,2023,Sibiu,Liceul de Arte Ion Barbu,Urban,F,8.18,4.69,5.64,7.58,6.7,6.06,0,1,2023
7846,2023,Buzau,Liceul Pedagogic Ioan Slavici,Urban,F,10.0,6.6,8.28,7.56,8.2,7.83,1,0,2023
7847,2023,Mehedinti,Liceul Teoretic Gheorghe Sincai,Rural,F,9.38,1.07,6.66,3.59,6.45,4.76,0,0,2023
7848,2023,Valcea,Liceul Tehnologic Stefan cel Mare,Urban,M,7.96,4.9,5.64,6.91,3.31,5.49,0,0,2023
7849,2023,Sibiu,Colegiul Economic Vasile Alecsandri,Rural,F,8.66,7.28,7.96,10.0,9.89,8.42,1,0,2023
7850,2023,Tulcea,Scoala Nationala Tudor Vladimirescu,Urban,F,10.0,10.0,5.0,6.31,7.27,7.54,1,0,2023
7851,2023,Brasov,Liceul de Arte Elena Cuza,Urban,F,5.69,10.0,7.86,7.73,5.1,7.85,1,0,2023
7852,2023,Bistrita-Nasaud,Liceul Pedagogic Gheorghe Sincai,Rural,F,7.74,8.31,10.0,5.0,8.38,8.27,1,0,2023
7853,2023,Buzau,Scoala Nationala Regina Maria,Urban,M,8.96,7.76,9.01,9.79,7.48,8.52,1,0,2023
7854,2023,Bucuresti,Liceul Pedagogic Avram Iancu,Rural,F,8.68,8.21,8.55,8.91,4.07,7.84,0,0,2023
7855,2023,Vrancea,Liceul Sportiv Gheorghe Sincai,Rural,F,7.55,3.62,4.45,5.59,7.57,5.15,0,1,2023
7856,2023,Bacau,Liceul Pedagogic Grigore Moisil,Urban,M,8.7,8.17,10.0,8.7,7.5,8.75,1,0,2023
7857,2023,Bacau,Colegiul Economic Bogdan Voda,Rural,M,7.53,6.79,5.72,7.36,8.72,6.92,1,0,2023
7858,2023,Timis,Colegiul Tehnic Dimitrie Cantemir,Urban,M,9.52,8.71,8.18,6.49,7.32,8.09,1,0,2023
7859,2023,Maramures,Scoala Nationala Constantin Brancusi,Urban,F,6.86,7.48,5.71,7.79,8.26,7.05,1,0,2023
7860,2023,Hunedoara,Colegiul Tehnic Ion Luca Caragiale,Urban,F,7.85,7.81,5.0,9.2,10.0,7.51,1,0,2023
7861,2023,Vaslui,Liceul Pedagogic Emil Racovita,Rural,F,9.27,5.95,3.79,3.95,6.76,5.46,0,0,2023
7862,2023,Valcea,Liceul Teoretic Decebal,Rural,M,9.89,8.83,6.99,10.0,7.65,8.38,1,0,2023
7863,2023,Suceava,Liceul Sportiv Decebal,Urban,M,9.98,9.14,6.17,8.73,8.24,8.14,1,0,2023
7864,2023,Buzau,Liceul de Arte Avram Iancu,Urban,F,8.18,7.06,5.16,6.77,6.76,6.51,1,0,2023
7865,2023,Braila,Liceul Sportiv Elena Cuza,Rural,F,8.56,7.62,9.46,6.37,7.51,8.06,1,0,2023
7866,2023,Olt,Colegiul National George Cosbuc,Urban,F,6.51,5.34,5.0,8.87,8.56,6.37,1,0,2023
7867,2023,Hunedoara,Liceul Sportiv Grigore Moisil,Rural,F,8.74,9.41,9.51,8.84,6.54,8.86,1,0,2023
7868,2023,Dolj,Liceul Pedagogic Grigore Moisil,Urban,F,8.62,9.6,6.8,7.62,10.0,8.43,1,0,2023
7869,2023,Valcea,Colegiul National Emil Racovita,Rural,M,5.62,6.68,4.1,5.11,7.02,5.62,0,0,2023
7870,2023,Mehedinti,Scoala Nationala Nicolae Balcescu,Urban,F,7.45,10.0,9.94,9.81,8.03,9.4,1,0,2023
7871,2023,Calarasi,Liceul Tehnologic Alexandru Ioan Cuza,Rural,M,5.23,5.08,4.46,4.97,4.11,4.75,0,0,2023
7872,2023,Alba,Scoala Nationala Mihai Viteazul,Urban,F,8.22,6.31,8.93,7.95,7.9,7.77,1,0,2023
7873,2023,Brasov,Colegiul National Emil Racovita,Rural,M,8.62,10.0,5.43,5.49,7.64,7.46,1,0,2023
7874,2023,Bucuresti,Colegiul National Stefan cel Mare,Urban,M,10.0,10.0,6.83,9.32,7.69,8.6,1,0,2023
7875,2023,Giurgiu,Colegiul Tehnic Vasile Alecsandri,Urban,M,7.59,8.86,7.86,9.49,8.2,8.43,1,0,2023
7876,2023,Tulcea,Liceul Pedagogic Traian,Urban,M,10.0,6.44,7.67,8.45,8.94,7.84,1,0,2023
7877,2023,Teleorman,Liceul de Arte Unirea,Urban,M,8.09,9.0,4.88,7.11,4.32,6.69,0,0,2023
7878,2023,Dambovita,Liceul Sportiv Ion Luca Caragiale,Urban,F,8.74,7.34,6.9,8.88,8.02,7.68,1,0,2023
7879,2023,Vaslui,Scoala Nationala Tudor Vladimirescu,Urban,F,7.24,9.13,8.12,7.6,7.76,8.2,1,0,2023
7880,2023,Tulcea,Liceul Pedagogic Dimitrie Cantemir,Urban,F,9.55,7.15,2.49,7.42,9.59,6.4,0,0,2023
7881,2023,Constanta,Colegiul Economic Unirea,Rural,M,8.87,9.13,6.38,7.69,8.09,7.91,1,0,2023
7882,2023,Tulcea,Liceul Sportiv Mircea cel Batran,Rural,M,9.76,6.24,7.22,10.0,9.01,7.87,1,0,2023
7883,2023,Vrancea,Liceul Pedagogic Gheorghe Sincai,Rural,M,8.96,4.33,5.15,7.41,1.85,5.13,0,0,2023
7884,2023,Brasov,Liceul Pedagogic Bogdan Voda,Urban,F,8.24,10.0,8.59,6.91,7.72,8.6,1,0,2023
7885,2023,Cluj,Liceul Teoretic Ion Luca Caragiale,Urban,M,8.04,8.13,5.27,9.34,6.42,7.19,1,0,2023
7886,2023,Suceava,Colegiul Tehnic Mihai Eminescu,Urban,F,9.5,9.01,6.5,6.98,9.42,8.06,1,0,2023
7887,2023,Satu Mare,Liceul de Arte Avram Iancu,Rural,M,9.64,6.23,10.0,7.92,6.77,8.04,1,0,2023
7888,2023,Iasi,Liceul Tehnologic Alexandru Ioan Cuza,Rural,F,8.15,8.46,8.27,8.96,6.79,8.2,1,0,2023
7889,2023,Brasov,Colegiul Economic Tudor Vladimirescu,Rural,F,5.48,2.3,7.18,3.73,5.86,4.83,0,0,2023
7890,2023,Mures,Liceul Sportiv Ioan Slavici,Urban,M,10.0,7.17,9.46,7.62,7.6,8.27,1,0,2023
7891,2023,Prahova,Colegiul Economic Mihai Eminescu,Urban,M,9.5,7.68,6.02,7.36,8.25,7.4,1,0,2023
7892,2023,Harghita,Liceul Sportiv Octavian Goga,Rural,M,6.94,4.9,5.94,2.97,6.56,5.38,0,0,2023
7893,2023,Vrancea,Scoala Nationala Dimitrie Cantemir,Urban,M,6.51,6.41,10.0,6.38,8.42,7.79,1,0,2023
7894,2023,Salaj,Colegiul Economic Emil Racovita,Urban,M,9.07,8.54,6.98,6.03,7.98,7.66,1,0,2023
7895,2023,Braila,Colegiul Tehnic Tudor Vladimirescu,Urban,M,6.91,6.35,2.91,7.32,6.83,5.59,0,0,2023
7896,2023,Valcea,Liceul Teoretic George Cosbuc,Urban,M,6.76,7.69,6.45,4.57,8.14,6.82,0,0,2023
7897,2023,Satu Mare,Scoala Nationala Ion Barbu,Urban,M,9.94,7.23,4.21,6.47,6.27,6.34,0,0,2023
7898,2023,Covasna,Liceul Sportiv Bogdan Voda,Urban,F,6.31,4.9,6.69,7.26,10.0,6.7,0,0,2023
7899,2023,Cluj,Colegiul Tehnic Alexandru Ioan Cuza,Urban,M,8.55,8.01,7.25,7.52,10.0,8.06,1,0,2023
7900,2023,Buzau,Liceul Pedagogic Grigore Moisil,Urban,M,9.63,9.97,7.63,7.34,9.47,8.76,1,0,2023
7901,2023,Iasi,Liceul Sportiv Avram Iancu,Rural,F,8.48,6.86,10.0,6.71,8.44,8.18,1,0,2023
7902,2023,Salaj,Liceul Sportiv Ion Barbu,Rural,M,5.86,4.33,6.03,9.58,6.9,6.17,0,0,2023
7903,2023,Bihor,Scoala Nationala Tudor Vladimirescu,Urban,F,9.82,8.92,10.0,8.73,8.03,9.17,1,0,2023
7904,2023,Tulcea,Colegiul Economic Vasile Alecsandri,Rural,F,8.83,3.42,7.98,6.09,5.02,5.97,0,1,2023
7905,2023,Teleorman,Scoala Nationala Ioan Slavici,Rural,F,8.41,8.55,7.67,6.7,6.2,7.64,1,0,2023
7906,2023,Valcea,Colegiul National Traian,Rural,M,8.35,7.1,5.61,4.62,7.01,6.39,0,0,2023
7907,2023,Salaj,Liceul Teoretic Avram Iancu,Urban,M,7.94,9.37,3.69,5.98,10.0,7.11,0,0,2023
7908,2023,Mehedinti,Scoala Nationala Vasile Alecsandri,Urban,M,10.0,7.45,8.23,10.0,9.5,8.63,1,0,2023
7909,2023,Satu Mare,Liceul Tehnologic Avram Iancu,Urban,F,8.94,6.74,6.32,9.16,8.39,7.44,1,0,2023
7910,2023,Botosani,Scoala Nationala Grigore Moisil,Rural,F,7.71,9.01,6.86,7.38,7.73,7.8,1,0,2023
7911,2023,Dambovita,Scoala Nationala Gheorghe Sincai,Urban,F,8.1,7.12,8.91,9.0,9.95,8.46,1,0,2023
7912,2023,Botosani,Colegiul National Nicolae Balcescu,Rural,F,8.24,8.76,6.63,6.27,8.3,7.63,1,0,2023
7913,2023,Cluj,Scoala Nationala Onisifor Ghibu,Urban,M,9.37,6.78,8.19,7.53,7.58,7.69,1,0,2023
7914,2023,Buzau,Colegiul Economic Dimitrie Cantemir,Urban,M,7.92,4.73,5.67,6.9,5.91,5.83,0,0,2023
7915,2023,Sibiu,Liceul Tehnologic Decebal,Urban,F,10.0,9.54,8.17,7.93,8.43,8.77,1,0,2023
7916,2023,Bacau,Liceul de Arte George Cosbuc,Rural,F,8.78,7.7,8.0,9.12,9.83,8.43,1,0,2023
7917,2023,Mures,Liceul Pedagogic Ion Luca Caragiale,Rural,M,8.34,7.66,7.39,7.65,9.28,7.89,1,0,2023
7918,2023,Botosani,Liceul Teoretic Traian,Rural,M,8.23,9.83,6.62,6.79,7.51,7.9,1,0,2023
7919,2023,Hunedoara,Liceul Pedagogic Decebal,Urban,F,7.72,8.16,9.67,7.42,9.51,8.66,1,0,2023
7920,2023,Iasi,Liceul Pedagogic Nicolae Balcescu,Urban,F,8.36,6.25,6.26,8.6,6.2,6.81,1,0,2023
7921,2023,Mehedinti,Colegiul Tehnic Elena Cuza,Urban,M,8.73,7.92,5.0,9.34,8.26,7.39,1,0,2023
7922,2023,Botosani,Scoala Nationala Constantin Brancusi,Urban,F,7.24,7.59,4.21,3.01,7.16,5.79,0,0,2023
7923,2023,Vrancea,Liceul de Arte Mihai Viteazul,Urban,F,5.69,6.59,7.06,3.9,7.37,6.35,0,0,2023
7924,2023,Hunedoara,Colegiul Tehnic Ana Ipatescu,Urban,M,8.76,5.69,8.16,10.0,7.45,7.65,1,0,2023
7925,2023,Brasov,Liceul Sportiv Avram Iancu,Rural,M,7.74,7.19,6.3,7.31,6.27,6.86,1,0,2023
7926,2023,Gorj,Liceul de Arte Mircea cel Batran,Rural,M,7.66,7.58,5.0,8.19,8.22,7.0,1,0,2023
7927,2023,Alba,Liceul Pedagogic Emil Racovita,Urban,F,8.6,9.28,5.3,8.24,8.33,7.72,1,0,2023
7928,2023,Olt,Liceul Sportiv Ion Luca Caragiale,Urban,M,8.93,9.87,9.64,8.65,7.26,9.13,1,0,2023
7929,2023,Alba,Colegiul Tehnic Traian,Rural,F,6.42,7.84,7.92,8.3,7.29,7.71,1,0,2023
7930,2023,Neamt,Liceul Pedagogic Mihai Eminescu,Urban,M,8.29,6.06,8.03,6.61,6.03,6.95,1,0,2023
7931,2023,Vaslui,Liceul Sportiv Spiru Haret,Rural,M,8.55,7.91,7.5,7.15,7.92,7.74,1,0,2023
7932,2023,Vrancea,Scoala Nationala Mihai Eminescu,Rural,F,8.77,7.69,6.98,10.0,7.79,7.95,1,0,2023
7933,2023,Bihor,Liceul Pedagogic Mihai Eminescu,Urban,M,8.52,9.09,8.0,7.27,10.0,8.57,1,0,2023
7934,2023,Cluj,Colegiul Economic Lucian Blaga,Urban,M,8.71,8.29,5.0,10.0,5.39,7.17,1,0,2023
7935,2023,Hunedoara,Liceul Pedagogic Unirea,Rural,F,7.65,9.81,7.07,8.67,7.92,8.32,1,0,2023
7936,2023,Braila,Colegiul National Elena Cuza,Urban,M,8.43,9.01,7.0,8.73,5.33,7.76,1,0,2023
7937,2023,Vaslui,Liceul Sportiv Onisifor Ghibu,Urban,F,6.66,8.59,9.98,10.0,6.45,8.7,1,0,2023
7938,2023,Sibiu,Scoala Nationala Spiru Haret,Rural,F,7.73,9.15,7.43,7.64,7.09,7.96,1,0,2023
7939,2023,Teleorman,Liceul Pedagogic Alexandru Ioan Cuza,Urban,M,8.51,9.88,7.68,7.97,6.48,8.29,1,0,2023
7940,2023,Botosani,Liceul Tehnologic Dimitrie Cantemir,Urban,M,4.9,5.44,3.67,5.14,7.91,5.18,0,0,2023
7941,2023,Teleorman,Liceul Teoretic Onisifor Ghibu,Rural,F,3.16,3.39,6.11,6.02,7.31,5.17,0,0,2023
7942,2023,Vaslui,Liceul de Arte Nicolae Balcescu,Rural,F,7.03,9.04,6.85,8.17,8.44,7.96,1,0,2023
7943,2023,Valcea,Liceul de Arte Stefan cel Mare,Urban,M,5.93,8.06,7.55,6.62,6.37,7.22,1,0,2023
7944,2023,Satu Mare,Colegiul Economic Elena Cuza,Rural,M,7.83,5.0,7.48,10.0,8.56,7.31,1,0,2023
7945,2023,Bucuresti,Scoala Nationala Onisifor Ghibu,Urban,F,10.0,10.0,1.23,7.82,7.3,6.64,0,0,2023
7946,2023,Gorj,Liceul Tehnologic George Cosbuc,Rural,M,7.67,5.28,5.61,4.42,8.48,5.97,0,0,2023
7947,2023,Sibiu,Liceul Sportiv Regina Maria,Rural,F,2.49,9.68,3.9,7.01,10.0,6.87,0,0,2023
7948,2023,Suceava,Scoala Nationala Spiru Haret,Rural,M,5.48,7.0,8.16,5.23,2.13,6.2,0,0,2023
7949,2023,Ilfov,Colegiul Tehnic Regina Maria,Rural,F,8.15,6.0,7.8,8.06,8.26,7.4,1,0,2023
7950,2023,Prahova,Liceul Teoretic Spiru Haret,Rural,F,6.14,4.28,3.8,5.07,6.31,4.74,0,0,2023
7951,2023,Buzau,Liceul de Arte Ion Barbu,Urban,F,5.94,8.92,7.28,5.73,6.64,7.31,1,0,2023
7952,2023,Maramures,Liceul Teoretic Traian,Urban,M,6.36,6.84,6.67,10.0,8.57,7.47,1,0,2023
7953,2023,Ilfov,Colegiul National Nicolae Balcescu,Urban,M,8.22,8.84,8.43,8.27,9.5,8.67,1,0,2023
7954,2023,Galati,Liceul Pedagogic Regina Maria,Urban,M,8.58,5.67,8.25,8.54,5.91,7.2,1,0,2023
7955,2023,Mehedinti,Colegiul Tehnic Grigore Moisil,Rural,F,7.48,8.09,8.43,7.92,7.04,7.95,1,0,2023
7956,2023,Salaj,Scoala Nationala Ion Luca Caragiale,Urban,M,8.09,9.03,8.68,7.2,9.67,8.65,1,0,2023
7957,2023,Dambovita,Liceul Tehnologic Marin Preda,Urban,F,9.91,9.79,7.05,5.59,4.33,7.53,0,0,2023
7958,2023,Tulcea,Liceul Tehnologic Spiru Haret,Rural,F,8.05,7.74,6.18,5.95,6.88,6.91,1,0,2023
7959,2023,Mehedinti,Liceul Sportiv Regina Maria,Urban,F,7.31,5.51,6.22,7.62,2.06,5.7,0,0,2023
7960,2023,Arad,Colegiul National Nicolae Balcescu,Urban,M,8.51,7.03,7.14,7.42,6.39,7.17,1,0,2023
7961,2023,Calarasi,Liceul Sportiv Traian,Rural,F,9.47,8.92,8.07,6.07,9.36,8.36,1,0,2023
7962,2023,Sibiu,Liceul Teoretic Tudor Vladimirescu,Rural,M,5.87,8.46,10.0,4.19,9.75,8.22,0,0,2023
7963,2023,Salaj,Liceul Pedagogic Regina Maria,Rural,F,7.61,5.24,6.95,8.23,8.51,6.93,1,0,2023
7964,2023,Bistrita-Nasaud,Liceul de Arte Stefan cel Mare,Urban,M,7.74,7.36,6.07,6.24,8.84,7.06,1,0,2023
7965,2023,Prahova,Liceul Sportiv George Cosbuc,Urban,M,6.98,8.58,8.94,7.3,7.59,8.19,1,0,2023
7966,2023,Mehedinti,Liceul Pedagogic Ioan Slavici,Rural,M,9.06,8.4,1.04,5.72,7.43,5.71,0,0,2023
7967,2023,Covasna,Liceul Sportiv Ana Ipatescu,Urban,F,7.9,7.42,6.21,8.24,6.97,7.16,1,0,2023
7968,2023,Brasov,Liceul Pedagogic Tudor Vladimirescu,Urban,M,7.44,9.98,6.65,10.0,6.33,8.18,1,0,2023
7969,2023,Dambovita,Liceul Teoretic Mihai Viteazul,Urban,M,6.23,10.0,6.02,8.78,4.9,7.48,0,0,2023
7970,2023,Constanta,Liceul Teoretic Grigore Moisil,Urban,F,6.42,9.28,8.59,10.0,8.29,8.75,1,0,2023
7971,2023,Dambovita,Liceul Sportiv Octavian Goga,Urban,F,9.84,7.86,7.69,8.92,8.2,8.22,1,0,2023
7972,2023,Arad,Liceul de Arte Vasile Alecsandri,Rural,M,9.02,9.44,8.45,6.29,6.21,8.14,1,0,2023
7973,2023,Maramures,Colegiul Economic Ion Luca Caragiale,Urban,M,7.36,8.7,2.87,7.68,7.47,6.48,0,0,2023
7974,2023,Constanta,Colegiul Tehnic Mircea cel Batran,Rural,F,6.55,7.11,8.08,6.93,8.48,7.52,1,0,2023
7975,2023,Suceava,Colegiul Economic Stefan cel Mare,Urban,F,7.38,5.27,7.21,8.15,4.79,6.42,0,0,2023
7976,2023,Iasi,Liceul Teoretic Bogdan Voda,Rural,M,8.92,9.44,6.98,6.65,10.0,8.32,1,0,2023
7977,2023,Bistrita-Nasaud,Liceul de Arte Ioan Slavici,Urban,M,8.35,8.08,9.77,9.92,8.55,8.96,1,0,2023
7978,2023,Ialomita,Colegiul Economic Marin Preda,Urban,F,7.03,8.29,5.01,3.23,3.81,5.75,0,1,2023
7979,2023,Bacau,Liceul Pedagogic Marin Preda,Urban,M,7.2,7.19,8.18,7.38,7.97,7.63,1,0,2023
7980,2023,Vaslui,Liceul Teoretic Mihai Eminescu,Urban,F,8.83,9.25,6.04,7.65,8.17,7.84,1,0,2023
7981,2023,Bucuresti,Colegiul National Mircea cel Batran,Rural,F,7.92,6.42,6.97,8.48,9.77,7.55,1,0,2023
7982,2023,Dolj,Liceul Pedagogic Ioan Slavici,Rural,M,6.43,5.36,6.08,7.32,6.43,6.14,0,1,2023
7983,2023,Botosani,Scoala Nationala Mihai Viteazul,Rural,F,8.54,7.18,4.51,6.29,6.24,6.24,0,0,2023
7984,2023,Bistrita-Nasaud,Colegiul Economic Lucian Blaga,Urban,F,8.52,8.86,6.25,8.65,8.08,7.89,1,0,2023
7985,2023,Iasi,Scoala Nationala Tudor Vladimirescu,Rural,F,7.52,3.62,8.0,6.68,1.76,5.5,0,0,2023
7986,2023,Bacau,Liceul Pedagogic Emil Racovita,Rural,M,7.47,10.0,7.64,8.42,5.68,8.15,1,0,2023
7987,2023,Bistrita-Nasaud,Colegiul Tehnic Decebal,Urban,M,7.35,7.23,6.08,8.13,9.83,7.42,1,0,2023
7988,2023,Mures,Colegiul National Ion Barbu,Rural,M,8.31,7.75,9.31,7.72,7.83,8.28,1,0,2023
7989,2023,Suceava,Scoala Nationala Onisifor Ghibu,Rural,F,6.05,3.54,7.96,8.79,5.74,6.23,0,0,2023
7990,2023,Constanta,Liceul de Arte George Cosbuc,Rural,M,7.75,9.12,8.21,9.23,8.54,8.64,1,0,2023
7991,2023,Ilfov,Colegiul National Nicolae Balcescu,Rural,F,9.85,10.0,5.92,9.46,5.92,8.07,1,0,2023
7992,2023,Constanta,Liceul Tehnologic Constantin Brancusi,Rural,M,9.06,8.4,7.41,5.48,5.02,7.22,1,0,2023
7993,2023,Ilfov,Liceul Pedagogic Stefan cel Mare,Urban,M,8.39,8.22,10.0,10.0,7.06,8.86,1,0,2023
7994,2023,Buzau,Liceul Tehnologic Lucian Blaga,Rural,F,6.78,5.94,5.53,7.88,8.75,6.61,1,0,2023
7995,2023,Covasna,Liceul Tehnologic Ana Ipatescu,Urban,F,8.19,8.01,3.92,5.21,7.32,6.28,0,0,2023
7996,2023,Bihor,Liceul Sportiv Marin Preda,Urban,M,9.34,8.52,4.79,10.0,3.35,6.93,0,0,2023
7997,2023,Dolj,Liceul Pedagogic Ana Ipatescu,Urban,M,7.64,7.18,5.76,8.09,6.64,6.86,1,0,2023
7998,2023,Calarasi,Colegiul National Ion Barbu,Urban,M,5.51,6.84,6.55,8.75,9.55,7.31,1,0,2023
7999,2023,Arad,Liceul de Arte Onisifor Ghibu,Urban,F,6.4,10.0,8.86,8.12,7.46,8.64,1,0,2023
8000,2023,Teleorman,Colegiul Tehnic Ion Barbu,Urban,M,8.09,9.27,6.65,8.74,7.12,7.96,1,0,2023
8001,2023,Vaslui,Scoala Nationala Regina Maria,Rural,M,6.4,5.38,8.29,6.09,5.65,6.5,1,0,2023
8002,2023,Sibiu,Scoala Nationala Bogdan Voda,Urban,F,9.18,9.43,8.37,7.01,10.0,8.81,1,0,2023
8003,2023,Calarasi,Scoala Nationala Marin Preda,Urban,M,7.67,7.3,10.0,8.77,5.73,8.13,1,0,2023
8004,2023,Ilfov,Liceul Pedagogic Ioan Slavici,Rural,M,7.11,8.96,6.18,9.08,3.38,7.12,0,0,2023
8005,2023,Ialomita,Liceul de Arte Ioan Slavici,Urban,M,7.28,7.22,7.36,5.75,7.75,7.13,1,0,2023
8006,2023,Harghita,Liceul Tehnologic George Cosbuc,Rural,F,7.89,6.25,6.63,7.78,5.08,6.58,1,0,2023
8007,2023,Bacau,Scoala Nationala Emil Racovita,Rural,M,7.48,8.11,5.64,10.0,7.25,7.46,1,0,2023
8008,2023,Giurgiu,Liceul Tehnologic Spiru Haret,Rural,F,8.87,7.2,6.98,6.52,8.72,7.43,1,0,2023
8009,2023,Dambovita,Colegiul Tehnic Vasile Alecsandri,Rural,F,7.81,10.0,6.31,8.01,8.67,8.18,1,0,2023
8010,2023,Bacau,Colegiul Tehnic Tudor Vladimirescu,Urban,F,10.0,7.09,8.0,5.93,10.0,7.92,1,0,2023
8011,2023,Dambovita,Liceul de Arte Stefan cel Mare,Rural,M,8.12,7.85,6.21,6.77,7.24,7.13,1,0,2023
8012,2023,Prahova,Liceul Sportiv Mircea cel Batran,Urban,F,8.31,7.4,6.92,7.75,8.26,7.53,1,0,2023
8013,2023,Bacau,Scoala Nationala Marin Preda,Rural,M,6.95,7.47,6.74,4.71,5.76,6.53,0,0,2023
8014,2023,Neamt,Colegiul Economic Grigore Moisil,Rural,F,7.02,6.58,6.54,6.84,6.48,6.64,1,0,2023
8015,2023,Bihor,Liceul Sportiv Alexandru Ioan Cuza,Urban,M,8.14,8.9,6.93,7.01,9.19,7.99,1,0,2023
8016,2023,Bucuresti,Liceul de Arte Ion Luca Caragiale,Urban,F,8.12,5.85,5.42,5.73,6.06,5.96,1,0,2023
8017,2023,Harghita,Colegiul Tehnic Dimitrie Cantemir,Rural,F,8.74,7.85,7.43,9.59,7.37,8.0,1,0,2023
8018,2023,Mures,Liceul de Arte Tudor Vladimirescu,Urban,F,10.0,7.58,8.82,10.0,9.13,8.79,1,0,2023
8019,2023,Iasi,Colegiul National Mihai Viteazul,Rural,F,9.42,5.53,9.32,5.6,6.32,7.18,1,0,2023
8020,2023,Bucuresti,Colegiul Economic Ana Ipatescu,Urban,M,6.95,9.5,9.42,10.0,6.99,8.92,1,0,2023
8021,2023,Ilfov,Liceul Teoretic Spiru Haret,Urban,M,8.8,8.39,8.3,6.71,7.11,7.96,1,0,2023
8022,2023,Braila,Liceul Tehnologic Ana Ipatescu,Urban,M,8.24,7.36,5.17,9.42,6.7,7.0,1,0,2023
8023,2023,Covasna,Liceul Pedagogic Avram Iancu,Rural,F,8.39,7.86,6.89,6.84,7.67,7.44,1,0,2023
8024,2023,Bacau,Liceul Teoretic Tudor Vladimirescu,Urban,M,8.11,7.22,5.04,7.89,7.77,6.84,1,0,2023
8025,2023,Satu Mare,Liceul de Arte Onisifor Ghibu,Urban,F,7.62,7.25,7.28,8.01,8.69,7.63,1,0,2023
8026,2023,Mehedinti,Liceul Teoretic Decebal,Rural,M,7.13,2.12,1.0,2.76,7.31,3.16,0,0,2023
8027,2023,Bistrita-Nasaud,Colegiul Tehnic Avram Iancu,Urban,F,8.29,6.57,10.0,7.33,7.48,8.02,1,0,2023
8028,2023,Botosani,Colegiul Tehnic Ioan Slavici,Urban,M,10.0,8.1,7.73,9.07,8.89,8.44,1,0,2023
8029,2023,Olt,Liceul Tehnologic Alexandru Ioan Cuza,Urban,M,5.67,6.51,8.75,6.24,6.57,7.07,1,0,2023
8030,2023,Constanta,Colegiul National Lucian Blaga,Rural,F,8.35,8.79,7.06,6.55,9.02,7.93,1,0,2023
8031,2023,Galati,Liceul Teoretic Constantin Brancusi,Rural,F,9.23,6.89,8.11,9.32,7.2,7.9,1,0,2023
8032,2023,Bistrita-Nasaud,Colegiul Economic Stefan cel Mare,Rural,M,2.54,7.79,6.62,8.19,4.31,6.45,0,0,2023
8033,2023,Suceava,Colegiul National Mircea cel Batran,Rural,M,6.75,9.77,6.43,9.01,7.73,8.05,1,0,2023
8034,2023,Teleorman,Colegiul National Bogdan Voda,Urban,M,7.19,9.33,5.72,9.37,7.74,7.8,1,0,2023
8035,2023,Gorj,Colegiul Tehnic Vasile Alecsandri,Urban,F,9.71,7.02,9.18,8.55,10.0,8.61,1,0,2023
8036,2023,Gorj,Liceul Sportiv Stefan cel Mare,Rural,F,8.82,8.58,7.16,6.24,6.06,7.45,1,0,2023
8037,2023,Botosani,Liceul de Arte Gheorghe Sincai,Urban,M,6.62,7.64,2.88,6.53,4.59,5.49,0,0,2023
8038,2023,Mures,Scoala Nationala Ion Barbu,Urban,M,8.31,7.9,10.0,9.26,6.95,8.63,1,0,2023
8039,2023,Braila,Liceul Teoretic Stefan cel Mare,Rural,F,7.02,8.63,7.77,7.75,7.96,7.98,1,0,2023
8040,2023,Ialomita,Liceul Pedagogic Traian,Rural,M,4.97,7.38,2.39,6.74,7.78,5.61,0,0,2023
8041,2023,Braila,Scoala Nationala Grigore Moisil,Rural,M,7.64,9.51,9.32,7.36,8.56,8.8,1,0,2023
8042,2023,Iasi,Liceul Pedagogic Nicolae Balcescu,Rural,F,7.06,10.0,6.39,5.37,6.26,7.37,1,0,2023
8043,2023,Calarasi,Colegiul National Ioan Slavici,Urban,F,9.02,5.77,9.32,8.95,9.24,8.16,1,0,2023
8044,2023,Bacau,Liceul de Arte Avram Iancu,Urban,F,8.1,8.19,9.09,8.59,7.38,8.39,1,0,2023
8045,2023,Constanta,Liceul Pedagogic Marin Preda,Rural,M,6.02,6.53,2.74,4.81,2.86,4.53,0,0,2023
8046,2023,Arges,Liceul Teoretic Spiru Haret,Urban,F,9.16,6.77,3.67,5.36,5.57,5.69,0,0,2023
8047,2023,Timis,Liceul Pedagogic Stefan cel Mare,Urban,F,10.0,6.58,6.58,8.36,7.91,7.39,1,0,2023
8048,2023,Salaj,Liceul Tehnologic Lucian Blaga,Urban,M,6.87,9.49,8.24,8.17,6.02,8.13,1,0,2023
8049,2023,Iasi,Colegiul Tehnic Lucian Blaga,Rural,F,7.16,5.68,9.75,9.91,5.31,7.63,1,0,2023
8050,2023,Galati,Scoala Nationala Dimitrie Cantemir,Urban,F,9.33,6.38,10.0,8.98,7.84,8.37,1,0,2023
8051,2023,Sibiu,Colegiul Tehnic Avram Iancu,Rural,M,8.12,5.43,7.01,8.12,9.17,7.14,1,0,2023
8052,2023,Ialomita,Colegiul National Avram Iancu,Rural,M,8.4,5.2,1.5,2.68,5.68,4.1,0,0,2023
8053,2023,Galati,Colegiul Tehnic Ion Luca Caragiale,Rural,M,8.78,8.83,6.54,9.33,1.0,7.04,0,1,2023
8054,2023,Dambovita,Liceul Sportiv Ana Ipatescu,Rural,M,6.61,5.7,7.45,5.89,7.51,6.62,1,0,2023
8055,2023,Ialomita,Liceul Tehnologic Spiru Haret,Urban,F,6.93,5.79,1.64,7.2,7.55,5.13,0,0,2023
8056,2023,Alba,Liceul Tehnologic Regina Maria,Rural,F,8.18,4.25,9.37,6.01,4.84,6.53,0,0,2023
8057,2023,Satu Mare,Colegiul Tehnic Marin Preda,Rural,M,7.02,7.83,4.94,7.86,6.25,6.65,0,0,2023
8058,2023,Braila,Scoala Nationala Stefan cel Mare,Urban,M,8.81,10.0,5.0,7.81,10.0,8.05,1,0,2023
8059,2023,Mures,Liceul de Arte Ion Luca Caragiale,Urban,M,7.86,7.41,10.0,9.56,8.0,8.64,1,0,2023
8060,2023,Vrancea,Liceul Sportiv Traian,Rural,M,7.27,5.66,3.27,5.33,6.83,5.23,0,0,2023
8061,2023,Brasov,Liceul Pedagogic Emil Racovita,Rural,M,8.73,6.45,8.48,8.69,10.0,8.16,1,0,2023
8062,2023,Hunedoara,Liceul Sportiv Stefan cel Mare,Urban,F,8.47,9.54,5.0,9.32,7.82,7.78,1,0,2023
8063,2023,Hunedoara,Colegiul Tehnic George Cosbuc,Urban,M,9.57,7.97,8.93,6.74,5.5,7.86,1,0,2023
8064,2023,Teleorman,Colegiul Economic Tudor Vladimirescu,Urban,F,8.5,8.84,7.61,7.48,7.68,8.06,1,0,2023
8065,2023,Harghita,Liceul Teoretic Vasile Alecsandri,Urban,F,5.34,8.59,3.95,3.62,5.71,5.7,0,1,2023
8066,2023,Maramures,Liceul Sportiv Mihai Eminescu,Urban,F,7.3,10.0,5.17,7.56,7.58,7.55,1,0,2023
8067,2023,Galati,Liceul Pedagogic Ana Ipatescu,Rural,F,8.82,6.19,7.37,6.66,7.25,7.04,1,0,2023
8068,2023,Neamt,Liceul de Arte Vasile Alecsandri,Urban,F,10.0,3.74,5.12,7.58,5.92,5.68,0,0,2023
8069,2023,Neamt,Liceul Pedagogic Decebal,Urban,M,7.81,4.58,2.33,5.71,7.27,4.8,0,0,2023
8070,2023,Dambovita,Liceul de Arte Dimitrie Cantemir,Urban,F,7.36,8.15,5.99,8.13,7.56,7.33,1,0,2023
8071,2023,Tulcea,Colegiul Economic Grigore Moisil,Urban,F,8.16,9.65,5.52,7.28,7.94,7.65,1,0,2023
8072,2023,Ialomita,Colegiul Tehnic Grigore Moisil,Rural,F,8.49,9.59,7.92,9.01,9.59,8.89,1,0,2023
8073,2023,Harghita,Liceul Sportiv Dimitrie Cantemir,Urban,F,6.24,6.52,8.63,3.47,5.57,6.52,0,0,2023
8074,2023,Neamt,Colegiul Tehnic Alexandru Ioan Cuza,Urban,F,4.47,7.19,7.28,3.94,5.49,6.2,0,0,2023
8075,2023,Harghita,Colegiul Tehnic Ion Luca Caragiale,Urban,M,8.7,8.48,7.47,5.21,10.0,7.94,1,0,2023
8076,2023,Ilfov,Liceul Pedagogic Mircea cel Batran,Rural,M,10.0,9.26,5.85,5.73,5.63,7.24,1,0,2023
8077,2023,Covasna,Colegiul National Ion Luca Caragiale,Rural,M,3.35,8.54,4.17,6.46,8.91,6.45,0,0,2023
8078,2023,Mehedinti,Liceul Pedagogic Ana Ipatescu,Rural,F,7.28,9.15,8.27,8.03,4.26,7.8,0,0,2023
8079,2023,Olt,Liceul Sportiv Stefan cel Mare,Urban,F,7.61,6.81,5.1,7.57,10.0,6.97,1,0,2023
8080,2023,Prahova,Liceul Pedagogic Gheorghe Sincai,Urban,F,8.58,7.04,3.05,5.52,6.92,5.75,0,0,2023
8081,2023,Buzau,Liceul Teoretic Ion Luca Caragiale,Urban,M,9.5,7.41,6.65,9.09,5.25,7.32,1,0,2023
8082,2023,Bacau,Scoala Nationala Bogdan Voda,Rural,F,9.35,8.38,8.15,9.67,6.46,8.31,1,0,2023
8083,2023,Arad,Liceul Pedagogic Elena Cuza,Urban,F,5.0,8.9,4.08,3.31,8.88,6.22,0,0,2023
8084,2023,Bucuresti,Liceul Sportiv Octavian Goga,Urban,M,8.28,7.02,8.48,8.33,8.89,8.06,1,0,2023
8085,2023,Bistrita-Nasaud,Colegiul National Octavian Goga,Urban,F,8.38,8.34,9.86,6.69,9.79,8.77,1,0,2023
8086,2023,Calarasi,Scoala Nationala Unirea,Rural,F,5.2,5.17,5.77,5.28,6.34,5.54,1,0,2023
8087,2023,Prahova,Liceul de Arte Constantin Brancusi,Urban,F,7.88,5.0,6.78,7.46,7.93,6.63,1,0,2023
8088,2023,Dambovita,Colegiul National Mihai Eminescu,Rural,M,9.85,9.51,7.79,8.75,8.97,8.83,1,0,2023
8089,2023,Vaslui,Liceul Teoretic Ana Ipatescu,Rural,F,6.66,6.13,3.09,5.62,5.74,5.14,0,1,2023
8090,2023,Galati,Liceul Sportiv Ana Ipatescu,Rural,M,8.78,8.24,8.88,7.08,9.1,8.44,1,0,2023
8091,2023,Dambovita,Colegiul National Traian,Urban,F,8.4,8.28,10.0,7.96,8.71,8.82,1,0,2023
8092,2023,Olt,Liceul Tehnologic Spiru Haret,Rural,F,8.66,4.81,8.23,4.21,5.5,6.23,0,0,2023
8093,2023,Olt,Colegiul National Ion Barbu,Urban,M,5.39,5.05,6.21,9.53,1.57,5.58,0,0,2023
8094,2023,Calarasi,Liceul Pedagogic Emil Racovita,Urban,F,7.64,8.21,6.79,9.62,8.94,8.05,1,0,2023
8095,2023,Salaj,Colegiul Economic Octavian Goga,Urban,M,4.58,5.53,5.6,8.67,4.76,5.81,0,0,2023
8096,2023,Gorj,Liceul Pedagogic Unirea,Urban,F,9.64,8.55,8.33,6.93,7.34,8.17,1,0,2023
8097,2023,Iasi,Colegiul National Elena Cuza,Rural,M,9.25,8.11,6.76,7.16,9.89,7.94,1,0,2023
8098,2023,Prahova,Colegiul Tehnic Tudor Vladimirescu,Urban,F,8.59,5.8,8.04,8.15,6.35,7.19,1,0,2023
8099,2023,Dolj,Scoala Nationala Mihai Viteazul,Rural,M,8.75,7.8,6.73,5.0,5.36,6.79,1,0,2023
8100,2023,Hunedoara,Scoala Nationala Gheorghe Sincai,Urban,M,8.85,7.56,6.1,6.55,7.92,7.15,1,0,2023
8101,2023,Ilfov,Colegiul National Unirea,Rural,F,7.43,8.25,8.4,10.0,7.23,8.32,1,0,2023
8102,2023,Mures,Scoala Nationala Alexandru Ioan Cuza,Urban,F,8.8,7.04,9.6,6.48,7.59,7.98,1,0,2023
8103,2023,Bucuresti,Colegiul Economic Ion Luca Caragiale,Urban,M,8.45,7.7,8.11,8.67,8.84,8.21,1,0,2023
8104,2023,Mures,Liceul de Arte Alexandru Ioan Cuza,Urban,M,8.49,6.05,7.32,4.53,7.04,6.6,0,0,2023
8105,2023,Olt,Colegiul National Alexandru Ioan Cuza,Rural,M,8.3,4.96,5.91,7.07,4.62,5.84,0,0,2023
8106,2023,Vrancea,Colegiul National Alexandru Ioan Cuza,Urban,F,9.18,7.58,2.68,7.35,9.62,6.54,0,0,2023
8107,2023,Mehedinti,Liceul Pedagogic Ioan Slavici,Rural,M,7.09,5.1,4.4,6.2,3.98,5.09,0,0,2023
8108,2023,Constanta,Scoala Nationala Mihai Eminescu,Rural,M,9.34,8.25,7.97,3.64,6.66,7.35,0,0,2023
8109,2023,Prahova,Scoala Nationala Mihai Eminescu,Urban,F,9.11,7.06,6.05,9.72,8.5,7.58,1,0,2023
8110,2023,Mehedinti,Colegiul Economic Lucian Blaga,Rural,M,8.37,7.17,3.6,3.38,6.02,5.48,0,1,2023
8111,2023,Neamt,Colegiul Tehnic Tudor Vladimirescu,Urban,M,9.15,8.49,10.0,8.62,7.59,8.89,1,0,2023
8112,2023,Timis,Liceul Tehnologic Emil Racovita,Rural,F,9.97,4.9,5.7,6.37,5.37,5.94,0,0,2023
8113,2023,Covasna,Liceul Tehnologic Vasile Alecsandri,Rural,M,8.56,7.42,6.54,5.12,8.0,7.01,1,0,2023
8114,2023,Salaj,Liceul Tehnologic Ana Ipatescu,Urban,M,7.87,10.0,9.12,10.0,8.91,9.36,1,0,2023
8115,2023,Teleorman,Liceul Sportiv Spiru Haret,Urban,M,8.59,8.82,7.19,7.1,8.54,8.01,1,0,2023
8116,2023,Bistrita-Nasaud,Colegiul Tehnic Spiru Haret,Urban,F,8.15,7.84,6.55,7.93,7.69,7.48,1,0,2023
8117,2023,Satu Mare,Liceul Tehnologic Decebal,Rural,F,10.0,6.56,5.7,10.0,4.5,6.85,0,1,2023
8118,2023,Vrancea,Colegiul Tehnic Stefan cel Mare,Urban,F,8.29,9.84,5.38,8.65,7.3,7.79,0,1,2023
8119,2023,Hunedoara,Scoala Nationala Ana Ipatescu,Rural,M,7.31,6.07,7.48,8.22,5.06,6.79,1,0,2023
8120,2023,Satu Mare,Liceul Teoretic Alexandru Ioan Cuza,Rural,M,7.23,3.71,4.8,5.23,7.36,5.16,0,0,2023
8121,2023,Constanta,Liceul Pedagogic Decebal,Rural,F,5.29,8.84,10.0,7.47,5.24,8.09,1,0,2023
8122,2023,Buzau,Scoala Nationala Mihai Eminescu,Rural,M,5.35,8.76,5.97,4.66,10.0,7.15,0,0,2023
8123,2023,Covasna,Colegiul Economic Spiru Haret,Rural,M,8.77,8.83,8.38,8.85,8.16,8.59,1,0,2023
8124,2023,Constanta,Colegiul National Octavian Goga,Rural,F,5.89,9.73,8.51,7.88,6.47,8.21,1,0,2023
8125,2023,Mures,Colegiul Economic George Cosbuc,Urban,F,8.82,8.95,6.24,7.09,8.46,7.77,1,0,2023
8126,2023,Teleorman,Colegiul Economic Elena Cuza,Urban,F,6.75,8.96,6.82,4.53,10.0,7.59,0,0,2023
8127,2023,Buzau,Liceul Tehnologic Regina Maria,Rural,M,8.75,8.23,7.62,6.5,6.09,7.52,1,0,2023
8128,2023,Vrancea,Liceul de Arte Elena Cuza,Urban,F,8.14,8.94,5.0,6.81,8.85,7.34,1,0,2023
8129,2023,Vaslui,Colegiul National Bogdan Voda,Urban,M,8.46,7.16,5.5,8.0,7.34,6.94,0,1,2023
8130,2023,Bihor,Liceul Tehnologic Mircea cel Batran,Rural,F,7.58,6.26,6.78,8.24,8.21,7.14,1,0,2023
8131,2023,Salaj,Colegiul National George Cosbuc,Urban,M,8.24,7.94,7.83,9.23,7.82,8.11,1,0,2023
8132,2023,Harghita,Colegiul Tehnic Octavian Goga,Urban,F,6.42,2.73,9.46,8.23,5.84,6.41,0,0,2023
8133,2023,Ialomita,Liceul Pedagogic George Cosbuc,Urban,F,5.86,9.92,4.11,2.9,4.47,5.9,0,0,2023
8134,2023,Timis,Colegiul Tehnic Unirea,Urban,M,7.67,5.71,6.47,7.78,5.88,6.47,0,1,2023
8135,2023,Constanta,Liceul Teoretic Decebal,Urban,M,6.31,1.0,6.83,2.65,4.23,4.01,0,0,2023
8136,2023,Vaslui,Colegiul Tehnic Octavian Goga,Urban,M,7.38,3.98,5.84,6.13,8.84,5.93,0,0,2023
8137,2023,Harghita,Colegiul Economic Stefan cel Mare,Urban,F,8.3,5.97,5.0,7.99,8.43,6.58,1,0,2023
8138,2023,Maramures,Liceul Pedagogic Ana Ipatescu,Rural,F,9.84,7.21,7.01,9.55,7.21,7.76,1,0,2023
8139,2023,Timis,Scoala Nationala Decebal,Urban,M,7.57,7.07,8.48,8.3,10.0,8.17,1,0,2023
8140,2023,Satu Mare,Liceul Tehnologic Unirea,Rural,M,4.9,5.03,6.22,4.12,6.92,5.52,0,0,2023
8141,2023,Harghita,Scoala Nationala Mircea cel Batran,Urban,M,8.82,8.62,10.0,7.02,10.0,9.02,1,0,2023
8142,2023,Bistrita-Nasaud,Colegiul National Ion Luca Caragiale,Rural,M,8.2,7.16,1.92,5.32,3.1,4.81,0,0,2023
8143,2023,Bucuresti,Liceul Teoretic Mihai Viteazul,Urban,F,10.0,8.66,7.3,7.02,6.92,7.88,1,0,2023
8144,2023,Calarasi,Liceul Tehnologic Ana Ipatescu,Rural,F,8.4,10.0,8.97,6.85,4.75,8.27,0,0,2023
8145,2023,Arad,Colegiul National Ion Barbu,Rural,F,8.66,6.65,5.0,6.93,7.52,6.53,1,0,2023
8146,2023,Mures,Liceul Pedagogic Mircea cel Batran,Urban,F,7.88,10.0,1.46,9.09,8.91,6.93,0,1,2023
8147,2023,Bistrita-Nasaud,Liceul Tehnologic Emil Racovita,Urban,M,7.94,7.97,9.9,8.96,8.35,8.75,1,0,2023
8148,2023,Gorj,Liceul Sportiv Traian,Urban,M,6.57,6.93,7.6,8.91,7.33,7.45,1,0,2023
8149,2023,Olt,Liceul Tehnologic Grigore Moisil,Urban,F,6.1,7.32,4.2,5.95,6.34,5.91,0,0,2023
8150,2023,Gorj,Scoala Nationala Mircea cel Batran,Urban,F,7.54,9.04,9.45,6.98,5.94,8.24,1,0,2023
8151,2023,Cluj,Liceul Sportiv Mihai Eminescu,Rural,F,9.69,8.26,6.27,9.91,9.63,8.26,1,0,2023
8152,2023,Dolj,Liceul de Arte Emil Racovita,Rural,F,8.92,4.66,3.9,2.0,6.82,4.78,0,0,2023
8153,2023,Prahova,Liceul de Arte Mihai Viteazul,Urban,F,5.73,7.75,5.26,8.07,5.89,6.57,1,0,2023
8154,2023,Suceava,Colegiul National Gheorghe Sincai,Urban,F,6.58,6.89,7.56,8.83,8.24,7.55,1,0,2023
8155,2023,Botosani,Liceul Pedagogic Unirea,Urban,F,6.21,6.5,6.05,10.0,5.69,6.74,1,0,2023
8156,2023,Sibiu,Liceul de Arte Constantin Brancusi,Urban,M,8.48,7.85,9.87,9.51,8.93,8.93,1,0,2023
8157,2023,Mures,Colegiul Tehnic Nicolae Balcescu,Rural,M,9.18,6.49,8.74,8.08,6.36,7.65,1,0,2023
8158,2023,Arad,Liceul de Arte Traian,Urban,M,9.11,10.0,4.51,7.43,7.01,7.43,0,0,2023
8159,2023,Ilfov,Colegiul National Grigore Moisil,Rural,M,7.6,2.83,4.17,5.31,5.48,4.48,0,0,2023
8160,2023,Ilfov,Liceul Pedagogic Decebal,Rural,M,3.09,6.58,4.94,5.13,6.59,5.52,0,1,2023
8161,2023,Galati,Colegiul Tehnic George Cosbuc,Rural,F,10.0,6.46,6.98,10.0,6.44,7.5,1,0,2023
8162,2023,Vrancea,Liceul de Arte Lucian Blaga,Rural,M,7.84,10.0,5.85,9.76,7.07,8.06,1,0,2023
8163,2023,Timis,Liceul Tehnologic Mihai Eminescu,Urban,M,9.37,7.72,7.89,6.55,9.0,7.95,1,0,2023
8164,2023,Arad,Liceul Sportiv Ion Barbu,Urban,M,8.25,7.27,8.36,6.64,9.33,7.91,1,0,2023
8165,2023,Tulcea,Liceul Teoretic Stefan cel Mare,Rural,F,6.84,7.5,4.19,7.62,5.76,6.2,0,0,2023
8166,2023,Giurgiu,Liceul de Arte Ana Ipatescu,Urban,F,6.91,8.13,5.06,1.45,7.78,6.03,0,0,2023
8167,2023,Brasov,Colegiul National Spiru Haret,Rural,F,6.93,8.27,8.08,8.51,8.62,8.17,1,0,2023
8168,2023,Sibiu,Liceul Sportiv Emil Racovita,Rural,F,7.57,8.69,3.02,6.78,6.8,6.31,0,1,2023
8169,2023,Mures,Colegiul Tehnic Onisifor Ghibu,Rural,F,5.25,4.28,2.12,6.59,5.52,4.26,0,1,2023
8170,2023,Dolj,Colegiul Tehnic Avram Iancu,Urban,M,7.51,9.19,7.04,9.86,9.36,8.5,1,0,2023
8171,2023,Ilfov,Liceul Sportiv Grigore Moisil,Urban,M,7.74,6.22,7.38,4.9,6.75,6.6,0,0,2023
8172,2023,Hunedoara,Colegiul Economic Vasile Alecsandri,Urban,M,7.05,8.72,6.5,7.45,4.03,6.99,0,0,2023
8173,2023,Calarasi,Colegiul National Nicolae Balcescu,Urban,F,9.14,8.51,6.59,8.96,8.9,8.12,1,0,2023
8174,2023,Tulcea,Scoala Nationala George Cosbuc,Urban,M,7.41,9.32,8.86,8.52,7.43,8.59,1,0,2023
8175,2023,Ialomita,Liceul Sportiv Spiru Haret,Urban,F,7.79,9.51,8.56,7.87,7.58,8.52,1,0,2023
8176,2023,Suceava,Scoala Nationala Spiru Haret,Urban,F,9.74,8.08,10.0,9.97,8.42,9.16,1,0,2023
8177,2023,Braila,Colegiul National Elena Cuza,Rural,F,5.44,3.91,7.26,4.58,7.52,5.71,0,0,2023
8178,2023,Harghita,Scoala Nationala Elena Cuza,Urban,M,9.5,9.5,7.49,8.34,7.09,8.36,1,0,2023
8179,2023,Bihor,Liceul Pedagogic Ana Ipatescu,Urban,F,8.58,6.92,6.32,7.81,7.87,7.18,1,0,2023
8180,2023,Prahova,Colegiul Economic Decebal,Rural,M,9.8,4.88,7.56,9.21,8.3,7.34,0,0,2023
8181,2023,Constanta,Liceul de Arte Marin Preda,Rural,M,6.3,5.78,8.94,6.15,6.34,6.92,1,0,2023
8182,2023,Ilfov,Liceul de Arte Grigore Moisil,Rural,F,6.32,7.95,1.0,4.96,4.44,4.73,0,0,2023
8183,2023,Dambovita,Scoala Nationala Vasile Alecsandri,Urban,F,9.82,7.42,7.57,6.85,7.0,7.56,1,0,2023
8184,2023,Tulcea,Colegiul Economic Ion Luca Caragiale,Urban,F,7.88,9.65,8.39,7.38,7.67,8.46,1,0,2023
8185,2023,Gorj,Colegiul Tehnic Vasile Alecsandri,Urban,M,6.21,7.23,6.26,7.39,7.21,6.86,1,0,2023
8186,2023,Alba,Colegiul National Traian,Urban,F,6.9,5.0,7.15,8.45,8.87,6.93,1,0,2023
8187,2023,Alba,Liceul Pedagogic Mihai Eminescu,Urban,F,6.97,9.28,6.92,8.94,9.23,8.28,1,0,2023
8188,2023,Ilfov,Liceul Tehnologic George Cosbuc,Rural,F,8.39,4.39,3.64,6.39,9.9,5.69,0,0,2023
8189,2023,Galati,Colegiul Tehnic Nicolae Balcescu,Urban,M,10.0,7.54,6.94,7.48,6.63,7.46,1,0,2023
8190,2023,Harghita,Liceul Sportiv Lucian Blaga,Rural,M,7.46,10.0,3.76,5.6,4.9,6.45,0,0,2023
8191,2023,Buzau,Scoala Nationala Traian,Rural,M,8.51,5.0,8.52,9.11,9.78,7.74,1,0,2023
8192,2023,Mehedinti,Liceul de Arte Bogdan Voda,Urban,M,8.19,7.76,7.7,6.15,6.44,7.35,1,0,2023
8193,2023,Arad,Liceul Sportiv Vasile Alecsandri,Urban,M,6.68,5.0,6.14,6.99,9.11,6.42,1,0,2023
8194,2023,Dambovita,Colegiul Economic Ion Barbu,Urban,F,7.4,7.88,7.92,6.41,9.41,7.85,1,0,2023
8195,2023,Mures,Scoala Nationala Constantin Brancusi,Urban,M,9.47,8.22,7.03,7.68,8.51,7.95,1,0,2023
8196,2023,Covasna,Liceul Tehnologic Onisifor Ghibu,Rural,F,8.14,8.34,5.76,7.49,7.49,7.29,1,0,2023
8197,2023,Bacau,Liceul Tehnologic Mihai Viteazul,Urban,F,6.94,3.55,4.05,6.34,7.27,5.02,0,0,2023
8198,2023,Maramures,Liceul Pedagogic Marin Preda,Urban,M,10.0,8.7,9.62,7.41,9.29,9.0,1,0,2023
8199,2023,Bacau,Colegiul National Ion Luca Caragiale,Urban,M,10.0,8.41,6.36,7.38,7.32,7.64,1,0,2023
8200,2023,Iasi,Liceul de Arte Spiru Haret,Rural,M,7.2,1.29,8.01,6.06,8.08,5.63,0,0,2023
8201,2023,Suceava,Liceul Pedagogic Ana Ipatescu,Urban,F,9.4,8.63,10.0,6.96,9.53,9.0,1,0,2023
8202,2023,Vaslui,Liceul Teoretic Traian,Urban,M,5.75,4.72,10.0,7.81,4.77,6.88,0,0,2023
8203,2023,Bihor,Colegiul National Dimitrie Cantemir,Rural,M,9.75,7.58,10.0,8.99,8.06,8.81,1,0,2023
8204,2023,Bihor,Colegiul Tehnic Marin Preda,Rural,M,8.06,7.92,5.74,9.32,6.61,7.29,1,0,2023
8205,2023,Constanta,Liceul de Arte Lucian Blaga,Rural,F,7.77,5.7,8.23,5.32,8.14,6.98,1,0,2023
8206,2023,Mehedinti,Liceul Pedagogic Vasile Alecsandri,Urban,M,8.79,8.31,6.14,5.34,4.22,6.65,0,0,2023
8207,2023,Prahova,Colegiul National Spiru Haret,Rural,M,7.85,6.75,6.21,9.31,7.9,7.25,1,0,2023
8208,2023,Galati,Colegiul Tehnic Decebal,Urban,F,8.58,6.33,7.85,7.72,7.38,7.38,1,0,2023
8209,2023,Braila,Liceul Pedagogic Vasile Alecsandri,Urban,F,7.05,7.43,10.0,8.23,10.0,8.67,1,0,2023
8210,2023,Sibiu,Liceul Sportiv Gheorghe Sincai,Rural,M,7.11,8.82,5.0,6.22,9.13,7.16,1,0,2023
8211,2023,Olt,Liceul Tehnologic Marin Preda,Urban,F,7.94,9.27,8.26,9.56,10.0,8.99,1,0,2023
8212,2023,Neamt,Colegiul Tehnic Dimitrie Cantemir,Rural,M,9.67,9.31,6.56,9.89,5.95,8.1,1,0,2023
8213,2023,Constanta,Liceul Tehnologic Vasile Alecsandri,Urban,M,9.26,7.3,8.92,6.82,7.05,7.87,1,0,2023
8214,2023,Dolj,Liceul de Arte Ion Luca Caragiale,Urban,F,7.89,9.16,7.18,6.71,5.27,7.49,1,0,2023
8215,2023,Arad,Colegiul Economic Stefan cel Mare,Urban,M,5.45,8.68,9.07,10.0,9.46,8.79,1,0,2023
8216,2023,Bihor,Liceul Sportiv Octavian Goga,Urban,F,10.0,7.41,7.89,10.0,8.19,8.32,1,0,2023
8217,2023,Gorj,Liceul de Arte Ioan Slavici,Rural,F,9.47,7.48,7.68,7.18,9.43,7.99,1,0,2023
8218,2023,Arad,Scoala Nationala Unirea,Urban,F,9.66,6.0,7.0,9.02,8.47,7.49,1,0,2023
8219,2023,Giurgiu,Colegiul Tehnic Gheorghe Sincai,Rural,M,7.5,8.06,3.92,4.76,7.5,6.18,0,0,2023
8220,2023,Mehedinti,Colegiul Tehnic Marin Preda,Urban,M,9.22,7.96,9.57,8.16,8.24,8.64,1,0,2023
8221,2023,Ialomita,Liceul de Arte Octavian Goga,Rural,F,7.65,5.75,7.0,9.04,7.83,7.12,1,0,2023
8222,2023,Mures,Scoala Nationala Traian,Urban,F,10.0,8.44,5.39,5.91,7.96,7.23,1,0,2023
8223,2023,Calarasi,Colegiul Tehnic Dimitrie Cantemir,Rural,M,8.29,7.55,5.0,5.6,6.59,6.42,1,0,2023
8224,2023,Bistrita-Nasaud,Liceul Tehnologic Vasile Alecsandri,Urban,F,5.62,6.25,6.74,5.19,8.53,6.52,1,0,2023
8225,2023,Olt,Liceul Pedagogic Gheorghe Sincai,Rural,M,9.31,8.57,7.07,7.3,6.88,7.75,1,0,2023
8226,2023,Arad,Liceul Sportiv Spiru Haret,Rural,F,7.69,5.19,5.54,6.78,7.68,6.16,1,0,2023
8227,2023,Prahova,Colegiul Economic Ioan Slavici,Urban,M,5.37,7.38,8.43,6.18,1.0,6.36,0,0,2023
8228,2023,Mures,Colegiul National Nicolae Balcescu,Rural,F,7.21,3.42,4.38,6.41,5.19,4.8,0,0,2023
8229,2023,Cluj,Scoala Nationala Unirea,Urban,F,7.61,7.67,6.12,10.0,8.6,7.69,1,0,2023
8230,2023,Satu Mare,Liceul de Arte Grigore Moisil,Urban,M,9.76,6.02,6.89,8.06,8.53,7.34,1,0,2023
8231,2023,Vrancea,Scoala Nationala Ana Ipatescu,Urban,F,8.29,7.04,7.57,5.74,4.62,6.77,0,0,2023
8232,2023,Buzau,Liceul Sportiv Constantin Brancusi,Urban,M,7.94,10.0,8.95,8.85,6.81,8.83,1,0,2023
8233,2023,Brasov,Liceul Sportiv Stefan cel Mare,Rural,F,7.92,5.92,5.75,8.11,10.0,7.01,1,0,2023
8234,2023,Mures,Liceul Pedagogic Constantin Brancusi,Urban,M,8.03,6.41,8.91,7.05,4.9,7.19,0,1,2023
8235,2023,Calarasi,Liceul Teoretic Tudor Vladimirescu,Urban,M,9.66,4.94,6.23,9.37,5.05,6.48,0,0,2023
8236,2023,Vrancea,Liceul Tehnologic Unirea,Rural,M,7.9,5.81,6.7,8.02,8.7,7.05,1,0,2023
8237,2023,Maramures,Liceul Sportiv Constantin Brancusi,Urban,M,8.59,4.42,5.04,2.3,8.23,5.28,0,0,2023
8238,2023,Maramures,Colegiul Economic Mihai Eminescu,Urban,F,9.1,9.84,6.99,7.73,6.93,8.16,1,0,2023
8239,2023,Olt,Scoala Nationala Gheorghe Sincai,Urban,F,6.66,6.22,1.0,7.34,4.9,4.67,0,1,2023
8240,2023,Dambovita,Liceul Sportiv Lucian Blaga,Rural,M,8.05,4.35,4.61,10.0,7.31,6.09,0,0,2023
8241,2023,Braila,Colegiul National Mihai Viteazul,Urban,M,9.07,8.1,6.5,7.08,8.66,7.65,1,0,2023
8242,2023,Vaslui,Colegiul Economic Vasile Alecsandri,Rural,M,8.87,6.41,4.88,1.43,7.18,5.57,0,0,2023
8243,2023,Bihor,Scoala Nationala Mircea cel Batran,Urban,F,7.55,7.48,7.93,8.07,6.98,7.64,1,0,2023
8244,2023,Timis,Liceul Pedagogic Octavian Goga,Urban,F,7.95,9.33,9.19,8.42,9.13,8.98,1,0,2023
8245,2023,Neamt,Liceul Sportiv Elena Cuza,Urban,M,7.39,8.03,6.54,8.34,10.0,7.86,1,0,2023
8246,2023,Mehedinti,Liceul Sportiv Ion Barbu,Urban,F,9.0,8.31,9.52,9.1,8.17,8.84,1,0,2023
8247,2023,Covasna,Liceul Tehnologic Stefan cel Mare,Urban,F,8.93,2.61,4.91,4.91,7.61,5.03,0,0,2023
8248,2023,Suceava,Liceul Tehnologic Onisifor Ghibu,Urban,M,8.95,8.96,9.05,10.0,7.91,8.98,1,0,2023
8249,2023,Valcea,Scoala Nationala Marin Preda,Urban,F,8.16,6.61,5.0,8.21,9.85,7.01,1,0,2023
8250,2023,Gorj,Scoala Nationala Gheorghe Sincai,Urban,F,8.1,6.17,5.65,8.29,5.29,6.39,1,0,2023
8251,2023,Prahova,Liceul Sportiv Ioan Slavici,Urban,M,9.16,8.19,5.96,8.04,8.69,7.67,1,0,2023
8252,2023,Vrancea,Liceul de Arte Emil Racovita,Urban,F,8.07,7.18,10.0,7.1,10.0,8.53,1,0,2023
8253,2023,Mures,Liceul Sportiv Vasile Alecsandri,Urban,M,7.2,8.16,9.98,8.08,6.25,8.31,1,0,2023
8254,2023,Bihor,Colegiul Tehnic Ana Ipatescu,Rural,F,7.2,8.08,5.13,7.7,5.3,6.63,0,1,2023
8255,2023,Arges,Liceul Sportiv Mihai Viteazul,Urban,F,10.0,8.11,6.52,8.51,7.63,7.81,1,0,2023
8256,2023,Arges,Colegiul Tehnic Elena Cuza,Urban,F,8.47,9.68,1.0,7.57,2.77,5.6,0,1,2023
8257,2023,Braila,Liceul de Arte Avram Iancu,Urban,F,7.97,9.34,10.0,5.61,8.49,8.71,1,0,2023
8258,2023,Valcea,Liceul de Arte Mircea cel Batran,Urban,F,8.13,9.19,6.41,8.37,6.88,7.78,1,0,2023
8259,2023,Cluj,Colegiul National Avram Iancu,Rural,F,7.33,8.15,7.46,10.0,8.31,8.16,1,0,2023
8260,2023,Arad,Colegiul Economic Lucian Blaga,Urban,F,8.02,5.9,7.54,8.31,6.36,7.03,1,0,2023
8261,2023,Calarasi,Colegiul Economic Lucian Blaga,Urban,F,9.8,7.37,5.54,7.57,6.35,6.94,1,0,2023
8262,2023,Vrancea,Liceul de Arte Mihai Eminescu,Urban,F,4.93,8.63,6.55,7.51,4.99,6.92,0,0,2023
8263,2023,Cluj,Liceul Sportiv Marin Preda,Urban,F,9.55,8.83,5.81,8.88,6.26,7.62,1,0,2023
8264,2023,Salaj,Colegiul Tehnic Elena Cuza,Urban,M,6.74,3.85,5.06,7.24,7.28,5.52,0,0,2023
8265,2023,Alba,Scoala Nationala Ion Luca Caragiale,Urban,F,8.84,8.32,3.05,7.45,5.9,6.3,0,0,2023
8266,2023,Tulcea,Colegiul National Dimitrie Cantemir,Rural,F,8.41,8.99,7.45,10.0,7.91,8.46,1,0,2023
8267,2023,Timis,Liceul Sportiv George Cosbuc,Urban,M,9.0,5.81,6.15,8.37,7.52,6.87,1,0,2023
8268,2023,Harghita,Colegiul Tehnic Bogdan Voda,Urban,F,9.18,8.3,7.77,8.13,8.83,8.28,1,0,2023
8269,2023,Neamt,Colegiul Economic Elena Cuza,Urban,M,8.26,8.8,5.52,7.8,7.11,7.36,1,0,2023
8270,2023,Suceava,Colegiul Tehnic Decebal,Urban,F,9.47,7.95,5.0,9.72,9.27,7.68,1,0,2023
8271,2023,Prahova,Liceul de Arte Stefan cel Mare,Rural,F,5.29,6.46,8.55,3.41,7.66,6.69,0,0,2023
8272,2023,Salaj,Liceul de Arte Stefan cel Mare,Urban,M,5.85,3.39,5.76,5.2,5.36,4.91,0,0,2023
8273,2023,Tulcea,Liceul Sportiv Spiru Haret,Urban,M,9.53,7.87,2.76,7.99,7.07,6.4,0,0,2023
8274,2023,Dambovita,Liceul Teoretic Gheorghe Sincai,Rural,F,6.09,5.53,6.69,3.51,5.11,5.57,0,1,2023
8275,2023,Calarasi,Liceul Pedagogic Mircea cel Batran,Rural,M,5.27,6.8,6.32,6.59,7.74,6.61,1,0,2023
8276,2023,Alba,Liceul Tehnologic Regina Maria,Rural,M,7.07,7.19,6.36,6.46,10.0,7.24,1,0,2023
8277,2023,Timis,Colegiul Tehnic Alexandru Ioan Cuza,Rural,F,8.23,6.7,6.65,7.18,7.56,7.04,1,0,2023
8278,2023,Salaj,Liceul Tehnologic Ana Ipatescu,Urban,M,9.72,8.88,8.52,7.8,6.86,8.39,1,0,2023
8279,2023,Gorj,Liceul Sportiv Alexandru Ioan Cuza,Urban,F,9.49,8.39,9.21,8.36,9.24,8.87,1,0,2023
8280,2023,Hunedoara,Colegiul Economic George Cosbuc,Urban,M,7.67,6.43,8.71,9.17,6.85,7.71,1,0,2023
8281,2023,Constanta,Liceul Teoretic Spiru Haret,Rural,F,8.49,6.2,5.42,9.15,5.0,6.46,1,0,2023
8282,2023,Tulcea,Colegiul Economic Vasile Alecsandri,Rural,F,7.89,10.0,6.35,7.73,7.74,8.01,1,0,2023
8283,2023,Bacau,Colegiul National Nicolae Balcescu,Urban,M,5.32,10.0,7.31,6.01,7.63,7.77,1,0,2023
8284,2023,Suceava,Liceul Sportiv Stefan cel Mare,Rural,F,7.57,8.74,7.23,8.46,7.54,7.95,1,0,2023
8285,2023,Mehedinti,Liceul Pedagogic Vasile Alecsandri,Urban,M,7.92,9.69,7.82,8.77,9.0,8.71,1,0,2023
8286,2023,Cluj,Liceul Teoretic Emil Racovita,Urban,M,4.75,7.32,7.24,4.54,8.58,6.81,0,1,2023
8287,2023,Bacau,Liceul Tehnologic Ioan Slavici,Rural,M,6.43,3.13,1.88,6.39,3.48,3.63,0,0,2023
8288,2023,Buzau,Liceul Sportiv Mihai Eminescu,Urban,M,9.05,7.44,6.87,8.93,8.95,7.88,1,0,2023
8289,2023,Hunedoara,Scoala Nationala Dimitrie Cantemir,Rural,F,5.57,6.78,7.18,6.77,8.59,7.05,1,0,2023
8290,2023,Vrancea,Liceul Sportiv Stefan cel Mare,Urban,F,5.77,6.72,6.21,8.51,8.62,7.03,1,0,2023
8291,2023,Braila,Liceul Tehnologic Traian,Urban,M,7.63,6.35,6.6,5.26,6.12,6.36,1,0,2023
8292,2023,Maramures,Colegiul National Mircea cel Batran,Urban,M,8.4,7.64,4.81,5.87,5.56,6.29,0,0,2023
8293,2023,Neamt,Liceul Sportiv Ion Barbu,Urban,M,8.2,7.62,8.72,9.45,5.91,8.03,1,0,2023
8294,2023,Ilfov,Liceul Tehnologic Ion Luca Caragiale,Rural,M,7.65,5.63,5.8,4.57,5.42,5.69,0,0,2023
8295,2023,Mures,Liceul Tehnologic Ana Ipatescu,Rural,M,8.08,9.91,5.56,8.14,6.05,7.58,1,0,2023
8296,2023,Arges,Liceul Teoretic Tudor Vladimirescu,Rural,M,6.89,7.35,6.22,7.81,8.31,7.18,1,0,2023
8297,2023,Mehedinti,Liceul Sportiv Onisifor Ghibu,Urban,M,8.53,8.66,6.65,6.87,8.44,7.74,1,0,2023
8298,2023,Giurgiu,Liceul Tehnologic Mircea cel Batran,Urban,M,8.37,7.63,6.54,6.95,8.85,7.46,1,0,2023
8299,2023,Suceava,Scoala Nationala Mircea cel Batran,Urban,F,7.99,7.21,10.0,7.41,8.5,8.35,1,0,2023
8300,2023,Bucuresti,Liceul de Arte Octavian Goga,Urban,F,8.23,7.46,7.94,4.75,3.92,6.74,0,0,2023
8301,2023,Hunedoara,Scoala Nationala Grigore Moisil,Urban,M,6.25,6.92,6.4,6.91,5.4,6.47,1,0,2023
8302,2023,Bucuresti,Colegiul National Octavian Goga,Rural,M,7.52,5.94,6.45,6.68,6.8,6.49,1,0,2023
8303,2023,Timis,Liceul Pedagogic Decebal,Urban,F,7.58,8.73,8.8,8.37,7.86,8.45,1,0,2023
8304,2023,Teleorman,Colegiul National Tudor Vladimirescu,Rural,F,8.62,6.98,5.0,6.94,6.07,6.41,1,0,2023
8305,2023,Maramures,Liceul de Arte Decebal,Urban,M,7.43,6.86,10.0,6.62,8.29,8.04,1,0,2023
8306,2023,Iasi,Scoala Nationala Unirea,Rural,F,3.56,6.28,8.52,6.08,5.85,6.59,0,0,2023
8307,2023,Salaj,Scoala Nationala Ana Ipatescu,Urban,F,8.45,7.21,9.03,10.0,9.56,8.65,1,0,2023
8308,2023,Dambovita,Colegiul Tehnic Tudor Vladimirescu,Urban,M,8.71,5.29,4.17,5.35,7.14,5.58,0,0,2023
8309,2023,Bacau,Liceul de Arte Alexandru Ioan Cuza,Urban,M,7.23,8.55,5.0,8.8,7.48,7.23,1,0,2023
8310,2023,Botosani,Liceul Sportiv Unirea,Rural,F,6.49,5.66,1.07,7.05,9.21,5.11,0,0,2023
8311,2023,Buzau,Liceul de Arte Ion Luca Caragiale,Urban,M,8.94,6.32,8.41,4.25,8.5,7.23,0,0,2023
8312,2023,Galati,Liceul Pedagogic Onisifor Ghibu,Rural,M,7.8,8.34,5.68,5.64,8.08,7.04,1,0,2023
8313,2023,Cluj,Liceul Teoretic George Cosbuc,Urban,F,8.04,8.03,7.36,8.4,9.91,8.17,1,0,2023
8314,2023,Hunedoara,Scoala Nationala Onisifor Ghibu,Urban,F,9.53,6.75,9.73,10.0,9.02,8.75,1,0,2023
8315,2023,Buzau,Colegiul National Bogdan Voda,Rural,M,5.45,7.68,8.05,8.23,5.47,7.32,1,0,2023
8316,2023,Teleorman,Liceul Sportiv Mihai Viteazul,Urban,F,7.22,9.77,5.14,6.4,9.71,7.61,1,0,2023
8317,2023,Salaj,Liceul de Arte Vasile Alecsandri,Urban,M,7.51,6.9,10.0,6.1,5.68,7.59,1,0,2023
8318,2023,Mehedinti,Colegiul National Octavian Goga,Urban,F,7.88,7.19,5.0,8.57,7.03,6.78,1,0,2023
8319,2023,Bucuresti,Liceul Pedagogic Octavian Goga,Urban,M,1.07,7.0,8.29,6.43,9.07,7.02,0,0,2023
8320,2023,Olt,Colegiul Tehnic Ana Ipatescu,Urban,M,8.96,6.86,3.29,2.4,7.9,5.49,0,0,2023
8321,2023,Mehedinti,Liceul Teoretic Avram Iancu,Urban,F,8.99,7.11,7.47,8.42,7.1,7.6,1,0,2023
8322,2023,Galati,Colegiul Economic Traian,Urban,M,7.96,4.88,6.36,5.97,6.07,5.97,0,0,2023
8323,2023,Olt,Scoala Nationala Onisifor Ghibu,Urban,F,8.4,3.83,3.91,8.43,6.72,5.43,0,0,2023
8324,2023,Covasna,Scoala Nationala Spiru Haret,Rural,F,7.63,7.3,6.03,9.4,7.04,7.23,1,0,2023
8325,2023,Sibiu,Colegiul National Elena Cuza,Rural,F,8.05,7.44,5.09,9.56,10.0,7.5,1,0,2023
8326,2023,Arges,Scoala Nationala Mihai Viteazul,Urban,F,6.55,4.9,4.13,9.45,9.28,6.17,0,0,2023
8327,2023,Satu Mare,Liceul Pedagogic Emil Racovita,Rural,F,5.63,7.78,7.84,6.35,9.06,7.56,1,0,2023
8328,2023,Teleorman,Colegiul Economic Gheorghe Sincai,Rural,F,7.96,6.73,7.99,5.47,8.58,7.32,1,0,2023
8329,2023,Arad,Liceul Tehnologic Onisifor Ghibu,Urban,F,7.48,7.62,8.09,9.86,8.1,8.16,1,0,2023
8330,2023,Constanta,Liceul Pedagogic Elena Cuza,Rural,M,7.34,6.61,4.83,6.5,7.83,6.32,0,0,2023
8331,2023,Salaj,Liceul Pedagogic Grigore Moisil,Urban,F,6.61,7.74,5.97,10.0,7.53,7.4,1,0,2023
8332,2023,Calarasi,Liceul Tehnologic Octavian Goga,Rural,M,7.62,4.69,8.82,7.46,9.13,7.3,0,0,2023
8333,2023,Bihor,Colegiul Economic Mihai Eminescu,Urban,M,10.0,7.0,7.35,10.0,7.66,7.95,1,0,2023
8334,2023,Vaslui,Liceul de Arte Mihai Eminescu,Rural,F,6.57,5.45,4.84,10.0,5.16,6.02,0,0,2023
8335,2023,Mures,Liceul Teoretic Regina Maria,Rural,M,3.92,6.47,5.65,5.9,5.16,5.69,0,0,2023
8336,2023,Vaslui,Scoala Nationala Bogdan Voda,Urban,F,7.22,4.62,4.9,7.62,7.21,5.8,0,0,2023
8337,2023,Timis,Liceul Tehnologic George Cosbuc,Rural,F,10.0,8.58,6.27,9.19,7.78,8.0,1,0,2023
8338,2023,Giurgiu,Colegiul National Octavian Goga,Urban,F,7.99,9.3,5.03,7.94,9.55,7.72,1,0,2023
8339,2023,Botosani,Colegiul Economic Ioan Slavici,Urban,M,8.52,8.87,8.53,8.57,6.31,8.3,1,0,2023
8340,2023,Mehedinti,Colegiul National Constantin Brancusi,Urban,F,10.0,7.29,8.87,5.69,7.81,7.87,1,0,2023
8341,2023,Prahova,Colegiul National Regina Maria,Rural,M,8.37,7.15,5.05,9.59,8.26,7.17,1,0,2023
8342,2023,Covasna,Scoala Nationala Stefan cel Mare,Urban,F,8.57,10.0,5.0,9.87,5.0,7.59,1,0,2023
8343,2023,Satu Mare,Colegiul Tehnic Mihai Viteazul,Urban,M,10.0,7.12,7.07,7.76,7.11,7.49,1,0,2023
8344,2023,Satu Mare,Liceul Tehnologic Ana Ipatescu,Rural,F,6.97,7.31,6.43,7.12,8.7,7.19,1,0,2023
8345,2023,Satu Mare,Scoala Nationala Bogdan Voda,Urban,M,9.25,6.96,7.3,8.41,9.45,7.88,1,0,2023
8346,2023,Mures,Scoala Nationala Ioan Slavici,Rural,M,8.72,7.28,6.83,6.83,8.14,7.35,1,0,2023
8347,2023,Botosani,Scoala Nationala Constantin Brancusi,Urban,M,9.49,10.0,6.69,9.24,7.09,8.41,1,0,2023
8348,2023,Tulcea,Scoala Nationala George Cosbuc,Rural,F,8.97,9.87,5.26,3.56,6.69,6.97,0,0,2023
8349,2023,Arges,Liceul Sportiv Marin Preda,Urban,M,9.9,8.9,5.52,9.36,8.43,7.98,1,0,2023
8350,2023,Bistrita-Nasaud,Colegiul Economic Mihai Viteazul,Rural,F,5.21,4.74,4.9,5.72,9.35,5.67,0,1,2023
8351,2023,Suceava,Liceul Teoretic Mihai Eminescu,Rural,F,8.18,9.16,6.21,8.32,7.55,7.81,1,0,2023
8352,2023,Calarasi,Liceul de Arte Regina Maria,Urban,F,7.04,9.66,9.52,6.41,6.91,8.46,1,0,2023
8353,2023,Constanta,Scoala Nationala Spiru Haret,Rural,M,6.6,6.19,7.97,7.79,8.37,7.33,1,0,2023
8354,2023,Hunedoara,Liceul Teoretic Marin Preda,Urban,F,8.43,8.79,5.53,7.39,8.14,7.47,1,0,2023
8355,2023,Sibiu,Liceul Pedagogic Constantin Brancusi,Urban,F,7.98,7.43,6.63,7.44,5.99,7.03,1,0,2023
8356,2023,Alba,Liceul Tehnologic Regina Maria,Urban,M,7.07,6.14,8.43,9.09,9.02,7.79,1,0,2023
8357,2023,Buzau,Colegiul National Tudor Vladimirescu,Rural,F,7.07,8.18,7.13,8.38,6.65,7.55,1,0,2023
8358,2023,Dolj,Scoala Nationala Unirea,Rural,F,8.53,6.94,5.0,9.9,7.6,7.06,1,0,2023
8359,2023,Maramures,Colegiul Tehnic Marin Preda,Rural,M,9.28,4.21,5.04,6.86,1.0,4.88,0,0,2023
8360,2023,Arad,Colegiul Economic Alexandru Ioan Cuza,Urban,M,7.86,5.96,9.14,6.21,6.77,7.26,1,0,2023
8361,2023,Iasi,Colegiul National Lucian Blaga,Rural,M,5.53,4.73,4.9,6.93,7.57,5.62,0,0,2023
8362,2023,Bistrita-Nasaud,Colegiul Economic Onisifor Ghibu,Rural,M,7.62,8.09,8.27,7.32,7.01,7.82,1,0,2023
8363,2023,Ilfov,Liceul Tehnologic Mircea cel Batran,Urban,F,9.37,8.58,8.71,7.61,6.83,8.29,1,0,2023
8364,2023,Vaslui,Scoala Nationala Mircea cel Batran,Rural,M,8.49,9.21,1.94,5.69,5.86,5.93,0,0,2023
8365,2023,Salaj,Colegiul Economic Tudor Vladimirescu,Urban,F,9.65,8.17,5.82,8.12,6.8,7.4,1,0,2023
8366,2023,Calarasi,Liceul Tehnologic Ion Luca Caragiale,Rural,M,6.62,4.89,3.98,7.22,3.0,4.86,0,0,2023
8367,2023,Sibiu,Liceul Teoretic Ion Barbu,Rural,M,5.83,8.3,5.77,2.26,4.99,5.89,0,0,2023
8368,2023,Ilfov,Colegiul Tehnic Tudor Vladimirescu,Rural,M,7.85,4.82,5.71,4.14,5.58,5.4,0,0,2023
8369,2023,Bihor,Colegiul Economic Tudor Vladimirescu,Urban,M,6.08,4.78,4.61,8.68,7.75,5.89,0,0,2023
8370,2023,Harghita,Liceul Pedagogic Alexandru Ioan Cuza,Urban,F,10.0,7.38,8.34,10.0,9.01,8.57,1,0,2023
8371,2023,Gorj,Scoala Nationala Spiru Haret,Rural,F,7.43,4.48,4.66,4.93,7.05,5.28,0,0,2023
8372,2023,Mehedinti,Liceul de Arte Regina Maria,Urban,M,7.45,9.26,9.24,8.66,6.66,8.59,1,0,2023
8373,2023,Timis,Colegiul Economic Octavian Goga,Rural,M,6.12,4.84,5.85,3.62,5.97,5.26,0,0,2023
8374,2023,Sibiu,Liceul Teoretic Mihai Viteazul,Urban,F,8.13,5.69,6.29,7.65,3.81,6.13,0,1,2023
8375,2023,Maramures,Liceul Sportiv Alexandru Ioan Cuza,Rural,M,7.74,10.0,6.04,7.87,8.28,8.01,1,0,2023
8376,2023,Gorj,Liceul Sportiv Spiru Haret,Rural,M,8.2,6.39,4.15,2.09,4.26,4.93,0,0,2023
8377,2023,Constanta,Colegiul Economic Decebal,Urban,M,8.99,7.6,6.8,5.98,9.16,7.49,1,0,2023
8378,2023,Mehedinti,Liceul Teoretic Mihai Viteazul,Rural,M,9.04,8.42,8.16,5.13,9.15,8.02,1,0,2023
8379,2023,Ilfov,Scoala Nationala Traian,Rural,F,8.01,8.25,5.16,8.88,9.38,7.56,1,0,2023
8380,2023,Timis,Colegiul Tehnic Elena Cuza,Urban,F,7.72,7.75,9.98,8.77,7.33,8.51,1,0,2023
8381,2023,Mehedinti,Liceul de Arte Constantin Brancusi,Rural,F,2.18,7.41,7.99,5.92,7.71,6.88,0,0,2023
8382,2023,Iasi,Liceul Sportiv Stefan cel Mare,Rural,M,4.64,7.36,10.0,2.62,7.23,7.15,0,0,2023
8383,2023,Olt,Liceul Tehnologic Ion Luca Caragiale,Urban,M,7.85,8.99,7.85,7.03,7.38,8.0,1,0,2023
8384,2023,Neamt,Colegiul Tehnic Grigore Moisil,Urban,M,7.48,7.89,7.9,8.88,8.28,8.06,1,0,2023
8385,2023,Satu Mare,Liceul Teoretic Tudor Vladimirescu,Rural,F,6.34,4.94,7.09,6.24,5.42,5.99,0,0,2023
8386,2023,Gorj,Liceul Sportiv Tudor Vladimirescu,Rural,F,6.31,3.91,5.97,7.05,3.44,5.17,0,0,2023
8387,2023,Maramures,Liceul Sportiv Vasile Alecsandri,Urban,M,9.74,7.86,8.73,8.25,8.99,8.54,1,0,2023
8388,2023,Bistrita-Nasaud,Liceul Pedagogic Nicolae Balcescu,Rural,F,5.81,5.56,5.05,3.35,1.59,4.5,0,0,2023
8389,2023,Bucuresti,Liceul Teoretic George Cosbuc,Rural,M,5.0,7.67,4.86,6.13,7.17,6.25,0,0,2023
8390,2023,Covasna,Colegiul Economic Nicolae Balcescu,Rural,F,8.42,7.31,9.2,8.7,6.79,8.12,1,0,2023
8391,2023,Arges,Liceul Tehnologic Dimitrie Cantemir,Urban,M,8.59,8.73,6.24,5.63,7.86,7.37,1,0,2023
8392,2023,Vrancea,Liceul Sportiv Emil Racovita,Rural,M,8.75,5.68,6.5,5.73,7.59,6.53,1,0,2023
8393,2023,Dolj,Colegiul Tehnic Mihai Viteazul,Urban,M,8.86,6.31,8.92,9.64,8.22,8.13,1,0,2023
8394,2023,Tulcea,Colegiul Economic Unirea,Urban,F,8.31,8.28,7.68,7.31,7.82,7.89,1,0,2023
8395,2023,Bihor,Liceul Sportiv Traian,Rural,M,10.0,5.62,4.03,4.19,6.7,5.53,0,1,2023
8396,2023,Neamt,Liceul Teoretic Mircea cel Batran,Urban,M,10.0,6.78,9.35,8.32,7.69,8.24,1,0,2023
8397,2023,Prahova,Scoala Nationala Stefan cel Mare,Rural,F,8.12,5.57,7.91,6.88,9.32,7.29,1,0,2023
8398,2023,Galati,Colegiul Economic Gheorghe Sincai,Rural,F,8.59,6.42,7.92,9.62,7.77,7.77,1,0,2023
8399,2023,Salaj,Colegiul Economic Marin Preda,Rural,F,7.13,6.44,7.74,10.0,8.21,7.7,0,1,2023
8400,2023,Constanta,Scoala Nationala Ana Ipatescu,Urban,F,8.11,7.86,6.96,8.7,8.05,7.77,1,0,2023
8401,2023,Ialomita,Colegiul National Mihai Eminescu,Rural,F,6.54,4.38,8.85,6.34,9.88,7.06,0,0,2023
8402,2023,Iasi,Liceul Sportiv Octavian Goga,Rural,M,5.13,2.59,1.0,7.94,8.08,3.99,0,0,2023
8403,2023,Bucuresti,Colegiul Tehnic Regina Maria,Urban,F,7.24,6.3,6.04,6.63,8.95,6.76,1,0,2023
8404,2023,Buzau,Scoala Nationala Constantin Brancusi,Urban,F,7.86,3.53,7.0,1.78,5.99,5.11,0,0,2023
8405,2023,Arad,Liceul Sportiv Mircea cel Batran,Urban,M,5.55,8.59,5.57,4.35,6.98,6.5,0,0,2023
8406,2023,Timis,Liceul Teoretic George Cosbuc,Urban,F,7.22,9.54,5.33,8.86,6.61,7.5,1,0,2023
8407,2023,Buzau,Scoala Nationala Alexandru Ioan Cuza,Urban,F,5.95,7.85,8.76,8.74,7.57,8.02,1,0,2023
8408,2023,Ilfov,Liceul Teoretic Dimitrie Cantemir,Rural,M,8.7,6.74,5.78,3.7,6.82,6.2,0,0,2023
8409,2023,Botosani,Liceul Tehnologic Avram Iancu,Rural,F,4.53,3.13,2.71,5.88,3.69,3.64,0,0,2023
8410,2023,Teleorman,Liceul Teoretic Alexandru Ioan Cuza,Urban,F,5.18,8.23,8.31,8.32,7.04,7.78,0,1,2023
8411,2023,Ilfov,Colegiul Tehnic Decebal,Urban,M,8.65,5.98,7.13,7.99,8.6,7.29,1,0,2023
8412,2023,Salaj,Liceul Teoretic Elena Cuza,Urban,M,9.58,7.92,5.87,6.21,8.94,7.37,1,0,2023
8413,2023,Alba,Liceul Pedagogic Elena Cuza,Rural,M,8.5,6.36,5.17,9.07,9.64,7.12,1,0,2023
8414,2023,Alba,Liceul Pedagogic Regina Maria,Rural,F,6.56,9.68,7.38,7.11,9.51,8.27,1,0,2023
8415,2023,Harghita,Liceul de Arte Tudor Vladimirescu,Urban,F,8.0,10.0,10.0,6.98,7.59,8.99,1,0,2023
8416,2023,Maramures,Liceul Teoretic Alexandru Ioan Cuza,Urban,M,8.89,8.86,5.0,9.04,10.0,7.9,1,0,2023
8417,2023,Dolj,Liceul Teoretic Regina Maria,Urban,F,8.9,8.13,6.42,7.84,5.54,7.26,1,0,2023
8418,2023,Vaslui,Colegiul Tehnic Ioan Slavici,Urban,F,5.8,6.98,5.42,7.59,4.42,6.1,0,1,2023
8419,2023,Sibiu,Colegiul Economic Bogdan Voda,Rural,M,8.39,7.78,10.0,6.73,7.74,8.34,1,0,2023
8420,2023,Arges,Liceul Teoretic Decebal,Rural,F,7.62,8.24,8.29,9.51,8.02,8.35,1,0,2023
8421,2023,Suceava,Colegiul National Gheorghe Sincai,Urban,M,7.52,6.57,7.15,8.47,7.25,7.23,1,0,2023
8422,2023,Sibiu,Liceul Tehnologic Decebal,Urban,M,8.72,5.02,8.34,7.42,8.37,7.25,1,0,2023
8423,2023,Dolj,Liceul Teoretic Traian,Urban,F,8.31,10.0,8.79,7.03,9.16,8.9,1,0,2023
8424,2023,Bacau,Liceul Teoretic Onisifor Ghibu,Rural,F,9.45,5.89,5.0,8.65,9.23,6.89,1,0,2023
8425,2023,Mehedinti,Liceul Tehnologic Gheorghe Sincai,Urban,F,7.23,10.0,7.82,6.64,5.98,7.96,1,0,2023
8426,2023,Sibiu,Colegiul Tehnic Grigore Moisil,Urban,F,4.6,8.92,7.03,8.25,4.69,7.19,0,1,2023
8427,2023,Tulcea,Liceul Tehnologic Avram Iancu,Urban,M,7.48,8.81,8.11,7.54,7.55,8.09,1,0,2023
8428,2023,Vaslui,Liceul Pedagogic Mihai Eminescu,Urban,M,8.44,6.98,4.48,6.38,4.8,5.96,0,0,2023
8429,2023,Bistrita-Nasaud,Liceul Tehnologic Ioan Slavici,Rural,M,8.58,7.2,6.46,10.0,7.82,7.63,1,0,2023
8430,2023,Vaslui,Scoala Nationala Tudor Vladimirescu,Urban,F,7.88,8.09,5.74,9.51,6.17,7.29,1,0,2023
8431,2023,Constanta,Liceul de Arte Elena Cuza,Rural,M,5.15,4.72,4.64,7.77,3.23,4.97,0,0,2023
8432,2023,Bihor,Liceul de Arte Tudor Vladimirescu,Rural,M,7.04,3.46,8.08,3.83,8.55,6.02,0,0,2023
8433,2023,Bihor,Scoala Nationala Dimitrie Cantemir,Urban,F,8.32,6.88,10.0,7.89,9.19,8.46,1,0,2023
8434,2023,Olt,Liceul Teoretic Stefan cel Mare,Rural,F,8.41,7.27,6.73,9.69,6.72,7.5,1,0,2023
8435,2023,Suceava,Liceul Pedagogic Ioan Slavici,Rural,F,7.54,5.34,5.37,8.3,4.78,5.93,0,0,2023
8436,2023,Iasi,Liceul de Arte Unirea,Urban,M,9.81,6.64,6.99,7.56,7.22,7.29,1,0,2023
8437,2023,Satu Mare,Liceul Sportiv Ion Barbu,Urban,M,8.27,8.55,9.14,8.53,7.52,8.54,1,0,2023
8438,2023,Tulcea,Colegiul Economic Spiru Haret,Urban,F,8.32,9.01,7.61,9.69,7.27,8.36,1,0,2023
8439,2023,Vrancea,Liceul Teoretic Spiru Haret,Urban,M,7.73,8.3,7.05,6.78,9.35,7.8,1,0,2023
8440,2023,Bistrita-Nasaud,Colegiul Economic Spiru Haret,Rural,F,9.72,7.25,5.41,7.93,7.99,7.16,1,0,2023
8441,2023,Salaj,Liceul Sportiv Nicolae Balcescu,Urban,M,8.32,6.81,6.92,9.63,6.86,7.42,1,0,2023
8442,2023,Gorj,Liceul Teoretic Mihai Eminescu,Urban,M,8.01,7.92,7.76,10.0,7.4,8.12,1,0,2023
8443,2023,Alba,Liceul Teoretic Octavian Goga,Urban,M,4.38,4.96,5.16,8.91,7.47,5.93,0,1,2023
8444,2023,Tulcea,Liceul Teoretic Emil Racovita,Urban,M,9.24,8.05,7.43,8.41,8.88,8.16,1,0,2023
8445,2023,Dolj,Scoala Nationala Decebal,Rural,M,9.02,7.28,8.41,7.32,5.95,7.6,1,0,2023
8446,2023,Bacau,Liceul Sportiv Ioan Slavici,Urban,F,9.95,7.04,8.42,8.63,5.64,7.77,1,0,2023
8447,2023,Suceava,Liceul Sportiv George Cosbuc,Urban,F,6.93,9.05,7.92,10.0,7.77,8.45,1,0,2023
8448,2023,Arges,Colegiul Economic Ion Luca Caragiale,Urban,M,9.2,7.13,5.46,10.0,5.79,7.07,1,0,2023
8449,2023,Alba,Liceul Sportiv Decebal,Urban,M,7.74,6.72,7.36,7.36,8.47,7.37,1,0,2023
8450,2023,Calarasi,Liceul Sportiv Ion Luca Caragiale,Rural,M,7.04,3.68,3.89,5.14,6.39,4.7,0,0,2023
8451,2023,Vaslui,Liceul de Arte Grigore Moisil,Rural,F,7.18,7.98,6.48,6.55,6.9,7.07,1,0,2023
8452,2023,Bihor,Liceul Pedagogic Gheorghe Sincai,Urban,M,9.51,7.61,9.2,7.62,7.36,8.24,1,0,2023
8453,2023,Ialomita,Liceul Pedagogic Gheorghe Sincai,Rural,F,7.82,9.8,2.69,5.63,4.69,6.08,0,0,2023
8454,2023,Covasna,Scoala Nationala Mircea cel Batran,Urban,F,7.03,9.2,9.1,8.56,5.8,8.35,1,0,2023
8455,2023,Ilfov,Scoala Nationala Decebal,Rural,M,8.93,5.88,6.6,6.59,3.53,6.15,0,1,2023
8456,2023,Olt,Liceul Sportiv Gheorghe Sincai,Urban,F,7.54,9.44,8.17,6.25,8.28,8.22,1,0,2023
8457,2023,Dolj,Colegiul Economic Octavian Goga,Urban,M,9.26,7.71,7.4,5.17,4.7,6.94,0,0,2023
8458,2023,Alba,Liceul de Arte Gheorghe Sincai,Urban,F,7.78,8.89,5.91,8.6,6.59,7.5,1,0,2023
8459,2023,Salaj,Scoala Nationala Vasile Alecsandri,Rural,F,6.45,3.01,6.53,7.59,5.08,5.41,0,0,2023
8460,2023,Teleorman,Scoala Nationala George Cosbuc,Urban,F,5.91,10.0,6.74,3.15,6.23,7.02,0,0,2023
8461,2023,Alba,Colegiul Economic Ioan Slavici,Rural,M,7.63,8.48,8.0,7.75,7.88,8.05,1,0,2023
8462,2023,Valcea,Liceul Pedagogic Dimitrie Cantemir,Urban,M,8.64,9.33,5.0,10.0,8.17,7.89,1,0,2023
8463,2023,Constanta,Liceul de Arte Bogdan Voda,Urban,M,10.0,7.63,8.83,10.0,7.15,8.51,1,0,2023
8464,2023,Maramures,Liceul Sportiv Nicolae Balcescu,Urban,F,6.28,8.92,8.39,6.34,8.74,8.08,1,0,2023
8465,2023,Giurgiu,Liceul Tehnologic Alexandru Ioan Cuza,Urban,M,7.22,7.81,8.64,6.04,7.67,7.71,1,0,2023
8466,2023,Neamt,Liceul Teoretic Mihai Viteazul,Urban,M,8.69,9.6,9.26,9.43,6.43,8.91,1,0,2023
8467,2023,Suceava,Liceul de Arte Avram Iancu,Rural,M,8.32,9.12,5.0,9.6,7.74,7.67,1,0,2023
8468,2023,Mures,Colegiul Tehnic Nicolae Balcescu,Rural,M,6.89,8.52,7.71,9.19,6.04,7.84,1,0,2023
8469,2023,Gorj,Colegiul National Onisifor Ghibu,Rural,F,4.35,6.68,5.71,6.03,6.19,5.98,0,0,2023
8470,2023,Ialomita,Liceul Pedagogic Stefan cel Mare,Urban,M,9.17,5.68,9.16,9.75,5.97,7.73,1,0,2023
8471,2023,Valcea,Liceul Teoretic Alexandru Ioan Cuza,Rural,M,8.57,6.78,5.82,8.78,7.41,7.07,1,0,2023
8472,2023,Bihor,Liceul de Arte Regina Maria,Rural,M,8.95,8.77,6.09,8.04,7.02,7.61,1,0,2023
8473,2023,Braila,Liceul de Arte Marin Preda,Urban,F,9.3,9.28,8.68,7.46,7.83,8.61,1,0,2023
8474,2023,Vrancea,Liceul Sportiv Emil Racovita,Urban,F,7.28,8.81,6.72,10.0,6.89,7.92,1,0,2023
8475,2023,Calarasi,Liceul Sportiv Grigore Moisil,Rural,F,9.53,9.46,8.91,6.53,8.21,8.68,1,0,2023
8476,2023,Sibiu,Liceul Teoretic Spiru Haret,Urban,F,7.13,8.38,8.68,6.5,9.08,8.17,1,0,2023
8477,2023,Vrancea,Liceul de Arte Spiru Haret,Urban,F,8.51,5.0,5.09,9.95,8.63,6.66,1,0,2023
8478,2023,Valcea,Colegiul Tehnic Gheorghe Sincai,Rural,F,8.37,7.24,8.79,9.07,8.98,8.35,1,0,2023
8479,2023,Valcea,Liceul Pedagogic Mihai Eminescu,Urban,M,8.6,7.89,7.43,7.46,6.54,7.56,1,0,2023
8480,2023,Suceava,Liceul de Arte Stefan cel Mare,Rural,M,9.69,10.0,9.23,7.33,7.41,8.95,1,0,2023
8481,2023,Constanta,Scoala Nationala Mihai Eminescu,Urban,F,8.56,7.06,6.51,10.0,9.49,7.85,1,0,2023
8482,2023,Teleorman,Scoala Nationala Spiru Haret,Urban,F,9.42,6.03,5.94,8.86,6.58,6.85,1,0,2023
8483,2023,Arad,Liceul de Arte Dimitrie Cantemir,Rural,F,6.49,5.59,7.13,8.33,7.39,6.82,0,1,2023
8484,2023,Calarasi,Colegiul Economic Spiru Haret,Rural,M,9.2,9.14,6.16,8.5,5.0,7.54,1,0,2023
8485,2023,Teleorman,Colegiul Tehnic Ion Barbu,Rural,F,7.66,5.85,8.71,7.02,4.41,6.85,0,0,2023
8486,2023,Neamt,Liceul de Arte Traian,Rural,M,8.69,9.4,10.0,7.25,7.9,8.96,1,0,2023
8487,2023,Ilfov,Colegiul National Octavian Goga,Rural,F,6.61,3.29,3.3,3.24,7.03,4.18,0,0,2023
8488,2023,Dolj,Scoala Nationala Octavian Goga,Urban,F,9.97,6.66,7.61,7.62,8.19,7.65,1,0,2023
8489,2023,Gorj,Scoala Nationala Lucian Blaga,Urban,F,8.21,8.3,6.98,7.62,9.46,7.97,1,0,2023
8490,2023,Dambovita,Colegiul National Ion Barbu,Rural,F,5.97,3.4,10.0,9.93,8.25,7.34,0,0,2023
8491,2023,Bistrita-Nasaud,Liceul Teoretic Vasile Alecsandri,Urban,M,8.39,4.44,8.29,6.79,3.65,6.22,0,0,2023
8492,2023,Tulcea,Liceul Teoretic Mihai Eminescu,Urban,F,7.35,8.45,9.55,8.66,7.12,8.5,1,0,2023
8493,2023,Bistrita-Nasaud,Liceul Teoretic Gheorghe Sincai,Rural,F,6.27,7.91,7.62,10.0,9.25,8.17,1,0,2023
8494,2023,Bucuresti,Colegiul Economic Ioan Slavici,Urban,M,8.4,9.93,6.69,10.0,5.0,8.08,1,0,2023
8495,2023,Covasna,Liceul Sportiv Tudor Vladimirescu,Urban,F,8.14,5.01,6.2,5.39,5.92,5.87,1,0,2023
8496,2023,Giurgiu,Liceul Pedagogic Lucian Blaga,Urban,M,7.37,7.59,5.0,7.68,8.8,6.99,1,0,2023
8497,2023,Vrancea,Liceul Sportiv Stefan cel Mare,Urban,F,8.83,7.27,8.17,7.93,9.59,8.14,1,0,2023
8498,2023,Alba,Liceul Teoretic Tudor Vladimirescu,Urban,M,9.23,8.62,6.45,8.11,10.0,8.16,1,0,2023
8499,2023,Buzau,Colegiul Tehnic Spiru Haret,Urban,M,4.9,7.09,7.07,7.4,5.63,6.69,0,0,2023
8500,2023,Braila,Liceul Pedagogic Mihai Eminescu,Rural,M,6.36,3.89,5.12,5.35,8.5,5.42,0,0,2023
8501,2023,Vaslui,Scoala Nationala Vasile Alecsandri,Urban,F,6.88,7.59,8.16,7.04,8.72,7.78,1,0,2023
8502,2023,Gorj,Colegiul Economic Mircea cel Batran,Urban,F,6.65,8.99,6.19,8.11,9.71,7.89,1,0,2023
8503,2023,Arges,Colegiul Tehnic Mircea cel Batran,Urban,M,9.31,5.66,5.78,9.11,7.95,6.92,1,0,2023
8504,2023,Constanta,Liceul Pedagogic Alexandru Ioan Cuza,Rural,F,5.67,7.73,6.15,5.08,9.79,6.96,1,0,2023
8505,2023,Dolj,Liceul Tehnologic Ioan Slavici,Rural,F,6.75,8.13,6.52,8.59,8.52,7.64,1,0,2023
8506,2023,Teleorman,Colegiul Economic Tudor Vladimirescu,Rural,F,8.63,5.99,10.0,7.33,6.95,7.8,1,0,2023
8507,2023,Vrancea,Colegiul National Unirea,Urban,M,9.0,9.79,1.86,4.85,5.6,5.96,0,0,2023
8508,2023,Buzau,Liceul Teoretic Marin Preda,Urban,M,10.0,7.68,9.39,7.57,5.42,8.07,1,0,2023
8509,2023,Botosani,Liceul Pedagogic Nicolae Balcescu,Urban,M,7.73,8.19,7.85,7.34,7.56,7.82,1,0,2023
8510,2023,Sibiu,Colegiul National Traian,Rural,M,6.36,8.83,5.81,7.8,5.78,7.06,1,0,2023
8511,2023,Tulcea,Liceul de Arte Ana Ipatescu,Urban,M,8.18,9.6,5.0,5.57,6.43,7.0,1,0,2023
8512,2023,Tulcea,Colegiul Economic Regina Maria,Rural,M,5.5,4.07,9.96,8.71,7.15,7.14,0,0,2023
8513,2023,Gorj,Liceul de Arte Ioan Slavici,Urban,M,9.54,9.92,5.0,10.0,8.04,8.14,1,0,2023
8514,2023,Arad,Colegiul National Mihai Viteazul,Rural,F,8.52,8.23,7.07,8.96,8.64,8.08,1,0,2023
8515,2023,Vaslui,Liceul Tehnologic Spiru Haret,Rural,F,4.99,2.24,1.98,4.88,7.62,3.64,0,1,2023
8516,2023,Arges,Colegiul National Ion Luca Caragiale,Urban,F,4.9,5.34,7.46,7.28,6.96,6.47,0,0,2023
8517,2023,Valcea,Scoala Nationala Mihai Viteazul,Urban,F,8.68,7.89,8.86,9.26,6.0,8.18,1,0,2023
8518,2023,Brasov,Colegiul Tehnic Nicolae Balcescu,Rural,F,6.78,9.21,4.97,6.42,5.03,6.65,0,0,2023
8519,2023,Hunedoara,Liceul Teoretic Ion Luca Caragiale,Urban,M,8.7,8.22,7.75,8.36,9.07,8.28,1,0,2023
8520,2023,Galati,Liceul de Arte Stefan cel Mare,Urban,F,8.79,6.39,4.6,10.0,6.08,6.59,0,0,2023
8521,2023,Ilfov,Colegiul Tehnic Emil Racovita,Rural,F,8.1,5.0,8.66,8.82,10.0,7.73,1,0,2023
8522,2023,Bucuresti,Liceul Pedagogic Vasile Alecsandri,Rural,M,4.9,3.63,7.06,3.55,4.86,4.96,0,0,2023
8523,2023,Gorj,Colegiul Tehnic Mihai Eminescu,Urban,F,8.98,5.3,3.81,7.24,10.0,6.22,0,0,2023
8524,2023,Timis,Liceul Pedagogic Mircea cel Batran,Rural,M,8.0,10.0,7.14,9.34,6.58,8.33,1,0,2023
8525,2023,Harghita,Colegiul National Unirea,Urban,F,9.59,10.0,8.02,7.76,5.79,8.4,1,0,2023
8526,2023,Constanta,Colegiul National Vasile Alecsandri,Urban,F,9.42,8.26,8.31,7.41,6.43,7.99,1,0,2023
8527,2023,Iasi,Colegiul Economic Stefan cel Mare,Rural,F,5.84,7.8,7.06,6.84,7.0,7.12,0,1,2023
8528,2023,Ialomita,Liceul Tehnologic Regina Maria,Urban,F,9.84,8.83,10.0,8.71,9.49,9.36,1,0,2023
8529,2023,Iasi,Liceul Pedagogic Mihai Viteazul,Urban,F,7.74,8.19,5.99,7.52,8.62,7.45,1,0,2023
8530,2023,Sibiu,Colegiul Economic Traian,Rural,M,6.71,8.25,7.34,6.2,6.74,7.29,1,0,2023
8531,2023,Hunedoara,Liceul Pedagogic Octavian Goga,Urban,F,7.4,5.36,3.65,7.87,8.29,5.87,0,0,2023
8532,2023,Ilfov,Liceul Pedagogic Avram Iancu,Urban,F,8.51,7.02,1.4,6.97,4.79,5.14,0,0,2023
8533,2023,Arad,Colegiul Economic Traian,Urban,F,8.17,6.6,5.72,5.78,7.55,6.51,1,0,2023
8534,2023,Arges,Liceul de Arte Octavian Goga,Urban,F,5.81,7.05,7.68,9.36,6.42,7.37,0,1,2023
8535,2023,Bucuresti,Colegiul Economic Mihai Eminescu,Rural,M,9.19,6.39,7.1,7.8,8.09,7.35,1,0,2023
8536,2023,Constanta,Colegiul Economic Dimitrie Cantemir,Rural,M,5.83,4.29,1.37,4.5,7.79,4.12,0,0,2023
8537,2023,Constanta,Colegiul National Marin Preda,Urban,F,7.11,8.32,7.12,9.35,8.4,8.01,1,0,2023
8538,2023,Salaj,Colegiul National Gheorghe Sincai,Urban,F,9.54,7.79,5.0,10.0,10.0,7.79,1,0,2023
8539,2023,Bucuresti,Colegiul Tehnic Stefan cel Mare,Urban,F,6.94,7.41,8.93,6.22,5.58,7.37,1,0,2023
8540,2023,Bucuresti,Liceul Teoretic Elena Cuza,Rural,F,7.62,8.05,8.99,9.62,7.73,8.48,1,0,2023
8541,2023,Brasov,Scoala Nationala Mihai Viteazul,Urban,M,6.81,8.87,4.01,10.0,7.49,7.17,0,1,2023
8542,2023,Timis,Liceul Sportiv Emil Racovita,Urban,F,6.57,5.4,6.61,7.06,6.75,6.33,1,0,2023
8543,2023,Suceava,Liceul Sportiv Regina Maria,Urban,M,9.14,8.15,7.94,7.88,9.44,8.34,1,0,2023
8544,2023,Mures,Scoala Nationala Octavian Goga,Rural,M,7.9,8.76,7.76,4.34,9.96,7.89,0,0,2023
8545,2023,Bistrita-Nasaud,Colegiul Tehnic Ana Ipatescu,Urban,F,9.36,6.49,8.92,7.02,6.84,7.64,1,0,2023
8546,2023,Cluj,Colegiul National Vasile Alecsandri,Urban,M,8.09,7.92,3.75,7.69,7.73,6.62,0,0,2023
8547,2023,Harghita,Scoala Nationala Decebal,Urban,M,8.09,7.91,8.55,7.35,7.57,7.98,1,0,2023
8548,2023,Satu Mare,Liceul de Arte Ion Barbu,Rural,F,7.85,7.34,6.22,6.31,8.15,7.02,1,0,2023
8549,2023,Salaj,Liceul Teoretic Ion Barbu,Urban,F,7.59,5.4,5.94,9.48,8.73,6.89,1,0,2023
8550,2023,Ilfov,Colegiul National Nicolae Balcescu,Urban,M,8.74,8.37,7.38,7.04,5.91,7.54,1,0,2023
8551,2023,Dambovita,Liceul Tehnologic Tudor Vladimirescu,Urban,F,8.91,9.92,7.4,9.77,6.88,8.58,1,0,2023
8552,2023,Mehedinti,Liceul de Arte Lucian Blaga,Urban,F,7.07,5.21,7.51,7.1,8.45,6.86,1,0,2023
8553,2023,Bacau,Liceul Sportiv Grigore Moisil,Urban,M,7.2,7.43,10.0,5.99,6.13,7.77,1,0,2023
8554,2023,Maramures,Colegiul Economic Ioan Slavici,Rural,F,7.9,6.62,6.73,7.13,9.81,7.34,1,0,2023
8555,2023,Dambovita,Liceul Pedagogic Mircea cel Batran,Urban,F,4.9,8.0,8.12,4.95,5.0,6.82,0,0,2023
8556,2023,Sibiu,Colegiul Economic Ana Ipatescu,Urban,M,7.95,7.02,6.1,7.13,6.91,6.84,1,0,2023
8557,2023,Botosani,Liceul Pedagogic Grigore Moisil,Urban,F,8.07,8.73,8.61,6.56,8.51,8.27,1,0,2023
8558,2023,Iasi,Liceul Sportiv Lucian Blaga,Rural,F,5.26,5.37,9.17,3.23,6.87,6.4,0,0,2023
8559,2023,Vaslui,Liceul Sportiv Avram Iancu,Rural,F,10.0,7.46,8.87,5.38,4.46,7.37,0,0,2023
8560,2023,Maramures,Liceul Pedagogic Stefan cel Mare,Urban,F,6.53,8.13,9.66,8.47,8.58,8.55,1,0,2023
8561,2023,Valcea,Colegiul National Regina Maria,Urban,F,8.85,5.0,10.0,8.33,7.94,7.83,1,0,2023
8562,2023,Galati,Liceul Tehnologic Constantin Brancusi,Urban,M,8.77,9.31,6.45,10.0,7.16,8.18,1,0,2023
8563,2023,Arad,Liceul de Arte Bogdan Voda,Urban,F,10.0,7.37,7.29,9.81,7.4,7.98,1,0,2023
8564,2023,Satu Mare,Liceul Tehnologic Spiru Haret,Urban,F,8.55,8.35,8.9,10.0,6.95,8.57,1,0,2023
8565,2023,Sibiu,Liceul Tehnologic Emil Racovita,Urban,F,7.87,7.55,7.48,6.97,8.73,7.65,1,0,2023
8566,2023,Bucuresti,Colegiul National Bogdan Voda,Urban,M,9.32,7.13,10.0,7.81,9.48,8.66,1,0,2023
8567,2023,Gorj,Liceul Teoretic Stefan cel Mare,Rural,F,7.5,9.32,9.76,9.55,6.48,8.88,1,0,2023
8568,2023,Brasov,Liceul Pedagogic Onisifor Ghibu,Urban,M,10.0,8.71,7.19,9.07,7.36,8.23,1,0,2023
8569,2023,Sibiu,Liceul Teoretic Mircea cel Batran,Rural,M,7.83,8.55,7.42,6.94,7.92,7.8,1,0,2023
8570,2023,Dolj,Liceul Pedagogic George Cosbuc,Rural,M,10.0,7.78,8.16,8.05,8.33,8.24,1,0,2023
8571,2023,Iasi,Colegiul Tehnic Stefan cel Mare,Urban,F,6.97,7.57,6.51,10.0,6.44,7.39,1,0,2023
8572,2023,Suceava,Liceul Tehnologic Elena Cuza,Urban,F,7.89,10.0,6.92,8.07,9.03,8.43,1,0,2023
8573,2023,Calarasi,Liceul Sportiv Nicolae Balcescu,Rural,M,7.95,6.99,8.62,6.77,7.61,7.63,1,0,2023
8574,2023,Olt,Liceul Pedagogic Ion Barbu,Rural,F,8.7,6.45,5.48,8.91,8.2,7.02,1,0,2023
8575,2023,Covasna,Liceul Pedagogic Unirea,Rural,F,8.9,5.28,7.3,6.32,7.64,6.76,1,0,2023
8576,2023,Ialomita,Liceul Teoretic Onisifor Ghibu,Urban,F,9.23,8.94,7.43,8.51,5.46,7.93,1,0,2023
8577,2023,Calarasi,Liceul Teoretic Marin Preda,Rural,M,7.42,6.44,5.42,8.77,7.33,6.72,1,0,2023
8578,2023,Teleorman,Scoala Nationala Ion Luca Caragiale,Urban,F,8.97,7.84,5.11,8.97,6.67,7.13,1,0,2023
8579,2023,Arges,Liceul Tehnologic Alexandru Ioan Cuza,Urban,M,8.64,2.86,3.36,10.0,7.68,5.38,0,0,2023
8580,2023,Vaslui,Liceul Pedagogic Unirea,Urban,F,7.39,6.56,5.42,2.73,10.0,6.24,0,0,2023
8581,2023,Arad,Liceul Teoretic Nicolae Balcescu,Urban,F,7.98,6.84,5.0,8.1,8.16,6.79,1,0,2023
8582,2023,Bistrita-Nasaud,Liceul Pedagogic Mihai Viteazul,Rural,M,6.24,8.19,8.67,7.33,6.57,7.77,1,0,2023
8583,2023,Satu Mare,Liceul Pedagogic Avram Iancu,Urban,F,6.79,5.61,5.46,7.01,8.24,6.29,1,0,2023
8584,2023,Olt,Liceul de Arte Grigore Moisil,Rural,M,5.99,4.29,4.42,10.0,6.71,5.72,0,0,2023
8585,2023,Olt,Colegiul National George Cosbuc,Rural,F,7.99,6.62,9.41,8.89,5.14,7.71,1,0,2023
8586,2023,Galati,Scoala Nationala George Cosbuc,Rural,F,7.67,4.79,8.72,8.34,2.42,6.43,0,0,2023
8587,2023,Tulcea,Liceul de Arte Lucian Blaga,Urban,F,7.51,6.78,7.01,10.0,8.42,7.65,1,0,2023
8588,2023,Bistrita-Nasaud,Liceul Pedagogic Ioan Slavici,Rural,F,6.4,6.31,5.97,6.99,6.87,6.4,1,0,2023
8589,2023,Covasna,Liceul Teoretic Octavian Goga,Urban,M,7.39,5.55,5.66,7.19,8.73,6.49,1,0,2023
8590,2023,Calarasi,Liceul Pedagogic Lucian Blaga,Rural,F,6.22,7.44,6.69,8.22,6.86,7.12,1,0,2023
8591,2023,Botosani,Colegiul Economic Octavian Goga,Urban,M,6.84,8.8,3.64,4.86,4.77,5.86,0,0,2023
8592,2023,Botosani,Colegiul National Mihai Eminescu,Urban,F,8.08,8.44,5.97,9.56,6.93,7.6,1,0,2023
8593,2023,Dambovita,Liceul Pedagogic Onisifor Ghibu,Urban,M,7.33,5.44,7.38,5.88,5.52,6.29,0,1,2023
8594,2023,Prahova,Colegiul National Grigore Moisil,Rural,F,4.12,1.49,6.12,3.99,6.09,4.21,0,0,2023
8595,2023,Teleorman,Liceul Teoretic Alexandru Ioan Cuza,Rural,F,10.0,7.33,9.15,7.86,10.0,8.62,1,0,2023
8596,2023,Timis,Scoala Nationala Constantin Brancusi,Rural,F,8.87,9.12,9.8,7.91,8.05,8.96,1,0,2023
8597,2023,Bihor,Liceul Teoretic Dimitrie Cantemir,Urban,M,6.7,8.89,1.0,9.08,8.43,6.26,0,0,2023
8598,2023,Neamt,Colegiul Economic Dimitrie Cantemir,Urban,M,8.73,7.42,9.0,10.0,7.2,8.38,1,0,2023
8599,2023,Teleorman,Liceul Tehnologic Mihai Eminescu,Urban,F,8.9,6.96,6.35,8.18,5.25,6.9,1,0,2023
8600,2023,Timis,Scoala Nationala Marin Preda,Rural,M,9.46,8.64,6.32,10.0,8.39,8.19,1,0,2023
8601,2023,Harghita,Liceul Pedagogic Regina Maria,Rural,F,7.76,5.14,8.51,5.49,4.36,6.35,0,0,2023
8602,2023,Arad,Liceul Teoretic Vasile Alecsandri,Urban,M,8.51,6.95,8.0,7.49,6.77,7.48,1,0,2023
8603,2023,Bistrita-Nasaud,Liceul Sportiv Grigore Moisil,Urban,M,7.96,8.97,7.04,8.89,7.35,8.04,1,0,2023
8604,2023,Constanta,Liceul de Arte Vasile Alecsandri,Urban,M,8.07,6.56,9.51,10.0,7.07,8.19,1,0,2023
8605,2023,Vrancea,Liceul Sportiv Bogdan Voda,Rural,M,6.77,7.85,5.43,7.64,6.79,6.83,1,0,2023
8606,2023,Maramures,Liceul Teoretic Emil Racovita,Urban,F,8.02,7.3,6.4,5.94,8.0,7.0,1,0,2023
8607,2023,Gorj,Colegiul Economic Unirea,Rural,M,7.56,7.67,5.54,6.16,4.37,6.3,0,0,2023
8608,2023,Dambovita,Liceul de Arte Constantin Brancusi,Rural,M,7.72,6.05,7.72,6.74,6.09,6.83,1,0,2023
8609,2023,Botosani,Liceul Tehnologic Avram Iancu,Urban,M,6.53,5.32,5.42,4.71,8.09,5.8,0,0,2023
8610,2023,Bacau,Scoala Nationala Decebal,Urban,F,6.51,10.0,5.75,8.96,7.07,7.78,1,0,2023
8611,2023,Constanta,Liceul Sportiv Tudor Vladimirescu,Urban,M,4.9,4.39,6.49,4.34,6.87,5.44,0,0,2023
8612,2023,Tulcea,Colegiul Economic Ioan Slavici,Urban,M,6.82,8.6,2.69,6.14,4.8,5.71,0,0,2023
8613,2023,Buzau,Liceul de Arte Stefan cel Mare,Urban,M,10.0,6.27,8.93,9.03,7.63,8.06,1,0,2023
8614,2023,Calarasi,Liceul de Arte Stefan cel Mare,Urban,F,8.55,7.39,5.69,8.13,9.87,7.48,1,0,2023
8615,2023,Olt,Colegiul National Dimitrie Cantemir,Urban,M,9.89,7.7,6.87,9.1,6.08,7.64,1,0,2023
8616,2023,Ilfov,Liceul de Arte Unirea,Rural,M,6.5,6.83,5.0,7.4,10.0,6.81,1,0,2023
8617,2023,Arad,Liceul Pedagogic Marin Preda,Urban,F,9.94,6.11,5.81,5.78,6.73,6.45,1,0,2023
8618,2023,Bacau,Colegiul National Elena Cuza,Rural,M,8.28,5.84,9.05,8.24,8.14,7.75,1,0,2023
8619,2023,Braila,Colegiul National Gheorghe Sincai,Urban,F,7.71,4.91,4.93,8.4,6.78,6.0,0,0,2023
8620,2023,Salaj,Liceul Teoretic Regina Maria,Urban,F,7.72,9.1,7.65,9.11,7.27,8.25,1,0,2023
8621,2023,Bihor,Liceul Sportiv Elena Cuza,Urban,M,7.41,8.1,6.23,7.03,7.9,7.28,1,0,2023
8622,2023,Arad,Colegiul National Avram Iancu,Urban,M,8.19,9.81,9.25,8.62,6.47,8.8,1,0,2023
8623,2023,Suceava,Colegiul Tehnic Unirea,Rural,M,7.31,10.0,5.96,6.64,7.44,7.63,1,0,2023
8624,2023,Salaj,Liceul Sportiv Nicolae Balcescu,Urban,M,7.21,7.16,6.51,7.56,5.33,6.76,1,0,2023
8625,2023,Calarasi,Liceul Pedagogic Octavian Goga,Rural,F,8.38,7.25,5.57,9.09,8.03,7.25,1,0,2023
8626,2023,Arges,Liceul Tehnologic Vasile Alecsandri,Rural,F,7.37,10.0,5.0,7.95,9.31,7.83,1,0,2023
8627,2023,Covasna,Colegiul National Nicolae Balcescu,Rural,F,7.16,3.22,2.58,6.87,4.35,4.14,0,0,2023
8628,2023,Ialomita,Liceul Sportiv Mihai Eminescu,Rural,M,9.03,5.95,6.16,6.42,6.26,6.44,1,0,2023
8629,2023,Botosani,Scoala Nationala Nicolae Balcescu,Rural,F,9.53,8.57,7.5,9.27,8.75,8.48,1,0,2023
8630,2023,Giurgiu,Scoala Nationala Emil Racovita,Urban,M,7.42,8.25,5.0,6.95,9.34,7.16,1,0,2023
8631,2023,Covasna,Liceul Pedagogic Marin Preda,Rural,M,7.87,9.11,5.98,7.26,6.7,7.41,1,0,2023
8632,2023,Timis,Scoala Nationala Emil Racovita,Urban,F,9.31,8.4,6.98,10.0,8.0,8.24,1,0,2023
8633,2023,Suceava,Liceul Sportiv Gheorghe Sincai,Urban,M,8.67,9.32,8.67,6.36,6.66,8.22,1,0,2023
8634,2023,Harghita,Liceul Tehnologic Avram Iancu,Urban,F,6.73,6.66,9.61,10.0,7.1,8.12,1,0,2023
8635,2023,Teleorman,Liceul de Arte Mihai Eminescu,Urban,M,8.63,9.93,6.6,8.27,7.87,8.24,1,0,2023
8636,2023,Giurgiu,Liceul Sportiv Octavian Goga,Rural,F,7.38,5.48,6.13,6.45,7.99,6.39,1,0,2023
8637,2023,Ilfov,Liceul Pedagogic Regina Maria,Rural,M,7.64,8.09,7.15,6.72,6.72,7.35,1,0,2023
8638,2023,Mures,Liceul de Arte Mihai Eminescu,Urban,F,7.76,8.32,8.34,7.23,6.94,7.9,1,0,2023
8639,2023,Neamt,Liceul Pedagogic Elena Cuza,Rural,M,7.04,6.37,7.8,10.0,4.35,7.11,0,0,2023
8640,2023,Botosani,Liceul Tehnologic Spiru Haret,Urban,F,7.34,7.52,7.88,9.48,8.27,8.02,1,0,2023
8641,2023,Vaslui,Liceul Tehnologic Dimitrie Cantemir,Rural,F,7.25,9.04,3.17,2.85,2.83,5.24,0,0,2023
8642,2023,Giurgiu,Colegiul Economic Stefan cel Mare,Urban,M,9.47,10.0,10.0,6.46,8.44,9.18,1,0,2023
8643,2023,Harghita,Liceul Pedagogic Gheorghe Sincai,Urban,F,9.5,7.81,6.95,9.37,7.84,7.96,1,0,2023
8644,2023,Vaslui,Liceul de Arte Emil Racovita,Urban,M,8.08,5.8,5.58,5.74,10.0,6.58,1,0,2023
8645,2023,Suceava,Colegiul Economic Spiru Haret,Rural,F,9.45,5.23,5.9,7.3,9.31,6.78,1,0,2023
8646,2023,Salaj,Liceul Sportiv Regina Maria,Urban,F,7.07,9.35,6.85,5.78,6.25,7.37,1,0,2023
8647,2023,Covasna,Colegiul National Dimitrie Cantemir,Urban,M,8.49,8.51,8.16,7.56,7.8,8.15,1,0,2023
8648,2023,Maramures,Liceul Pedagogic Spiru Haret,Urban,F,10.0,10.0,6.72,5.83,7.7,8.05,1,0,2023
8649,2023,Bihor,Liceul Sportiv Stefan cel Mare,Urban,F,9.35,7.95,8.28,8.0,8.42,8.27,1,0,2023
8650,2023,Buzau,Liceul Teoretic Vasile Alecsandri,Rural,F,8.82,8.07,7.2,5.62,9.83,7.78,1,0,2023
8651,2023,Prahova,Colegiul Economic Bogdan Voda,Rural,M,8.71,8.71,5.31,8.98,5.0,7.17,1,0,2023
8652,2023,Harghita,Colegiul National Stefan cel Mare,Urban,M,3.62,5.16,5.4,5.63,4.9,5.11,0,1,2023
8653,2023,Gorj,Liceul Pedagogic Ioan Slavici,Urban,F,8.45,5.92,7.3,7.65,10.0,7.46,1,0,2023
8654,2023,Bacau,Liceul Tehnologic Ioan Slavici,Urban,M,4.96,5.75,7.21,8.52,10.0,7.16,0,0,2023
8655,2023,Olt,Liceul Pedagogic Nicolae Balcescu,Rural,M,9.31,5.02,9.5,7.6,4.2,7.06,0,0,2023
8656,2023,Tulcea,Colegiul Tehnic Mircea cel Batran,Urban,F,9.61,8.95,8.49,8.27,6.21,8.36,1,0,2023
8657,2023,Ilfov,Liceul Sportiv George Cosbuc,Urban,F,8.96,6.15,9.43,10.0,7.99,8.27,1,0,2023
8658,2023,Arges,Colegiul Economic Stefan cel Mare,Rural,F,8.51,9.13,8.26,5.52,8.43,8.16,1,0,2023
8659,2023,Salaj,Liceul Pedagogic Decebal,Urban,M,7.66,7.15,7.37,9.8,8.57,7.88,1,0,2023
8660,2023,Mehedinti,Colegiul Economic Mihai Viteazul,Urban,F,7.11,8.4,9.18,7.51,6.45,8.08,1,0,2023
8661,2023,Olt,Colegiul Tehnic Octavian Goga,Rural,M,7.91,7.56,3.13,7.77,3.21,5.64,0,0,2023
8662,2023,Giurgiu,Liceul Tehnologic Avram Iancu,Rural,F,8.05,6.34,8.08,7.2,6.34,7.16,1,0,2023
8663,2023,Galati,Liceul Pedagogic Spiru Haret,Rural,F,7.63,5.59,3.88,5.86,2.32,4.83,0,0,2023
8664,2023,Braila,Liceul Pedagogic Unirea,Urban,F,4.84,5.34,3.69,8.31,9.27,5.83,0,1,2023
8665,2023,Vrancea,Liceul Teoretic Onisifor Ghibu,Urban,F,8.05,5.91,5.0,9.59,8.23,6.75,1,0,2023
8666,2023,Timis,Colegiul Economic Unirea,Urban,F,9.49,9.49,7.1,7.33,10.0,8.53,1,0,2023
8667,2023,Valcea,Colegiul Economic Marin Preda,Rural,M,7.68,8.43,7.7,7.03,5.81,7.53,1,0,2023
8668,2023,Prahova,Scoala Nationala Stefan cel Mare,Urban,F,7.21,7.24,6.43,6.26,6.43,6.73,1,0,2023
8669,2023,Bistrita-Nasaud,Liceul de Arte Nicolae Balcescu,Urban,F,8.05,7.14,9.41,8.36,9.32,8.42,1,0,2023
8670,2023,Covasna,Liceul Teoretic Stefan cel Mare,Rural,F,4.51,7.97,3.44,7.34,5.91,5.86,0,0,2023
8671,2023,Arges,Liceul Tehnologic Spiru Haret,Urban,M,8.0,9.11,5.83,10.0,8.14,8.0,1,0,2023
8672,2023,Arges,Colegiul National Stefan cel Mare,Rural,M,4.9,6.57,3.96,4.76,3.25,4.85,0,0,2023
8673,2023,Ilfov,Liceul de Arte Unirea,Urban,M,10.0,9.02,8.54,8.51,9.94,9.04,1,0,2023
8674,2023,Giurgiu,Colegiul Economic Lucian Blaga,Urban,M,8.68,5.82,10.0,8.8,8.05,8.14,1,0,2023
8675,2023,Covasna,Liceul Teoretic Mircea cel Batran,Urban,F,6.63,9.0,7.85,7.69,7.82,8.04,1,0,2023
8676,2023,Alba,Liceul Tehnologic Elena Cuza,Urban,M,7.97,9.08,5.78,8.08,7.96,7.66,1,0,2023
8677,2023,Teleorman,Liceul Teoretic Mihai Viteazul,Urban,F,9.32,9.65,8.34,7.22,10.0,8.91,1,0,2023
8678,2023,Bihor,Scoala Nationala Vasile Alecsandri,Rural,F,5.75,6.04,2.12,7.43,5.81,5.01,0,0,2023
8679,2023,Mures,Liceul Teoretic Mihai Viteazul,Urban,M,6.47,6.76,8.24,9.29,7.94,7.73,1,0,2023
8680,2023,Alba,Liceul Pedagogic Marin Preda,Urban,F,7.78,8.23,8.09,6.73,6.95,7.73,1,0,2023
8681,2023,Covasna,Liceul Sportiv Alexandru Ioan Cuza,Urban,M,8.8,8.74,7.44,9.02,7.51,8.21,1,0,2023
8682,2023,Botosani,Liceul Teoretic Spiru Haret,Urban,F,6.91,2.49,7.88,8.53,8.63,6.38,0,0,2023
8683,2023,Galati,Liceul Tehnologic Ion Barbu,Rural,F,7.46,5.92,6.07,5.54,9.57,6.61,1,0,2023
8684,2023,Maramures,Liceul Pedagogic Grigore Moisil,Rural,F,7.43,8.54,9.63,9.53,6.49,8.6,1,0,2023
8685,2023,Maramures,Liceul Teoretic Elena Cuza,Urban,M,8.68,6.87,8.87,10.0,6.38,8.05,1,0,2023
8686,2023,Ialomita,Liceul Pedagogic Gheorghe Sincai,Rural,M,6.64,5.7,1.15,6.74,8.51,5.01,0,0,2023
8687,2023,Vrancea,Liceul Pedagogic Ion Luca Caragiale,Urban,M,6.82,2.41,6.4,9.0,7.28,5.77,0,1,2023
8688,2023,Ilfov,Colegiul Economic Regina Maria,Urban,M,8.06,8.27,6.6,6.32,5.91,7.1,1,0,2023
8689,2023,Bihor,Colegiul National Constantin Brancusi,Rural,F,6.06,6.98,6.81,9.29,4.73,6.85,0,0,2023
8690,2023,Teleorman,Colegiul Tehnic Ion Luca Caragiale,Urban,M,8.7,7.43,6.94,5.31,7.69,7.13,1,0,2023
8691,2023,Maramures,Liceul de Arte Onisifor Ghibu,Urban,F,8.15,8.3,5.0,8.25,6.02,6.95,1,0,2023
8692,2023,Vrancea,Colegiul Tehnic Nicolae Balcescu,Urban,F,10.0,6.81,7.04,10.0,8.0,7.86,1,0,2023
8693,2023,Valcea,Scoala Nationala Lucian Blaga,Urban,M,7.42,8.08,8.25,7.06,7.9,7.88,1,0,2023
8694,2023,Dolj,Colegiul Tehnic Onisifor Ghibu,Urban,F,10.0,7.38,8.73,8.62,5.68,7.98,1,0,2023
8695,2023,Mehedinti,Colegiul Tehnic Traian,Rural,M,7.67,6.86,3.71,3.27,5.64,5.27,0,0,2023
8696,2023,Salaj,Liceul Pedagogic Stefan cel Mare,Urban,M,4.38,3.78,3.36,5.07,8.58,4.63,0,0,2023
8697,2023,Constanta,Liceul Sportiv Avram Iancu,Rural,F,7.53,7.1,7.36,8.79,7.69,7.56,1,0,2023
8698,2023,Buzau,Liceul de Arte Ana Ipatescu,Rural,M,9.92,7.28,5.0,8.94,6.64,7.01,1,0,2023
8699,2023,Vrancea,Liceul Tehnologic Traian,Rural,F,4.15,6.77,3.33,4.15,6.15,4.99,0,0,2023
8700,2023,Prahova,Colegiul Tehnic Alexandru Ioan Cuza,Rural,F,7.27,8.51,5.84,10.0,7.18,7.61,1,0,2023
8701,2024,Suceava,Liceul Tehnologic Gheorghe Sincai,Rural,F,8.82,3.94,4.55,3.65,4.26,4.62,0,0,2024
8702,2024,Dambovita,Scoala Nationala Octavian Goga,Rural,M,7.79,6.45,6.16,7.99,8.22,6.99,1,0,2024
8703,2024,Vaslui,Colegiul Economic Mihai Eminescu,Urban,M,7.3,7.9,5.71,7.0,10.0,7.36,1,0,2024
8704,2024,Buzau,Colegiul Tehnic Decebal,Rural,F,7.72,7.54,7.94,7.62,6.98,7.61,1,0,2024
8705,2024,Braila,Scoala Nationala Bogdan Voda,Urban,F,7.64,8.67,10.0,8.23,7.0,8.65,1,0,2024
8706,2024,Giurgiu,Colegiul National Grigore Moisil,Urban,F,10.0,9.24,7.12,6.74,7.24,8.0,1,0,2024
8707,2024,Brasov,Scoala Nationala Ana Ipatescu,Rural,M,7.7,10.0,5.41,7.48,5.69,7.37,1,0,2024
8708,2024,Cluj,Scoala Nationala Vasile Alecsandri,Urban,M,8.4,7.62,5.77,7.6,9.19,7.38,1,0,2024
8709,2024,Cluj,Liceul Pedagogic Ion Luca Caragiale,Rural,F,6.93,7.26,6.53,7.6,4.19,6.6,0,0,2024
8710,2024,Prahova,Liceul Teoretic Mircea cel Batran,Urban,M,7.65,5.65,7.47,7.72,7.38,6.97,1,0,2024
8711,2024,Vaslui,Liceul Pedagogic Octavian Goga,Urban,M,7.85,4.2,6.17,3.65,4.65,5.14,0,0,2024
8712,2024,Vaslui,Liceul Pedagogic Nicolae Balcescu,Urban,M,6.24,3.68,2.7,7.67,9.1,5.05,0,0,2024
8713,2024,Olt,Colegiul Tehnic George Cosbuc,Rural,F,6.05,6.16,5.01,4.58,7.48,5.76,0,0,2024
8714,2024,Brasov,Scoala Nationala Ioan Slavici,Urban,F,7.39,5.81,5.01,10.0,8.39,6.74,1,0,2024
8715,2024,Suceava,Liceul Sportiv Vasile Alecsandri,Urban,F,6.58,6.76,5.0,6.79,6.69,6.21,1,0,2024
8716,2024,Sibiu,Liceul Teoretic Avram Iancu,Rural,F,10.0,8.27,7.18,4.82,4.7,7.06,0,0,2024
8717,2024,Valcea,Liceul Sportiv Ana Ipatescu,Urban,F,7.33,10.0,9.38,8.36,6.78,8.82,1,0,2024
8718,2024,Bucuresti,Colegiul Economic Onisifor Ghibu,Rural,M,5.87,7.34,3.03,5.61,9.42,5.95,0,0,2024
8719,2024,Brasov,Colegiul National Octavian Goga,Rural,F,5.25,10.0,7.99,7.55,9.7,8.51,1,0,2024
8720,2024,Calarasi,Liceul Tehnologic Marin Preda,Urban,F,8.22,10.0,6.45,7.69,9.24,8.3,1,0,2024
8721,2024,Sibiu,Colegiul Tehnic Grigore Moisil,Urban,M,7.95,5.97,10.0,7.36,6.64,7.69,1,0,2024
8722,2024,Dolj,Liceul Sportiv Decebal,Rural,M,6.55,7.08,5.07,1.88,5.89,5.47,0,0,2024
8723,2024,Bucuresti,Colegiul National Marin Preda,Urban,F,7.97,6.95,5.81,8.8,6.87,6.98,1,0,2024
8724,2024,Tulcea,Liceul Teoretic Emil Racovita,Urban,F,7.7,6.09,4.85,8.0,5.32,6.05,0,0,2024
8725,2024,Vrancea,Liceul de Arte Avram Iancu,Urban,F,8.33,7.56,8.99,4.21,8.83,7.75,0,0,2024
8726,2024,Vrancea,Scoala Nationala Octavian Goga,Urban,M,9.42,6.69,6.44,8.07,6.85,7.12,1,0,2024
8727,2024,Hunedoara,Colegiul National Lucian Blaga,Rural,M,7.92,8.85,5.79,6.61,9.37,7.58,1,0,2024
8728,2024,Sibiu,Liceul Teoretic Avram Iancu,Rural,F,9.55,9.64,10.0,8.4,10.0,9.61,1,0,2024
8729,2024,Tulcea,Colegiul Tehnic Constantin Brancusi,Urban,F,7.87,9.41,8.71,6.95,8.08,8.48,1,0,2024
8730,2024,Bucuresti,Colegiul National Mircea cel Batran,Urban,F,7.34,6.34,7.43,10.0,5.9,7.25,1,0,2024
8731,2024,Bistrita-Nasaud,Liceul de Arte Ana Ipatescu,Rural,M,7.41,8.62,6.05,6.79,6.71,7.17,1,0,2024
8732,2024,Constanta,Liceul Teoretic Tudor Vladimirescu,Urban,M,6.56,7.81,3.52,9.5,7.77,6.65,0,0,2024
8733,2024,Neamt,Scoala Nationala Spiru Haret,Rural,M,10.0,10.0,5.14,9.69,6.77,8.01,1,0,2024
8734,2024,Salaj,Colegiul National Stefan cel Mare,Urban,F,9.06,8.65,6.49,6.86,7.24,7.56,1,0,2024
8735,2024,Dolj,Colegiul National Ioan Slavici,Rural,F,9.36,6.72,5.03,6.93,9.27,6.89,1,0,2024
8736,2024,Sibiu,Scoala Nationala Gheorghe Sincai,Urban,F,8.62,1.88,1.46,8.44,8.23,4.36,0,0,2024
8737,2024,Bihor,Liceul de Arte Avram Iancu,Urban,M,8.28,5.0,7.04,10.0,8.25,7.18,1,0,2024
8738,2024,Sibiu,Liceul Tehnologic Constantin Brancusi,Rural,F,7.38,6.74,6.28,6.32,8.47,6.86,1,0,2024
8739,2024,Mures,Colegiul National Onisifor Ghibu,Urban,F,7.86,6.94,7.13,7.8,6.11,7.09,1,0,2024
8740,2024,Timis,Liceul Sportiv Mihai Eminescu,Rural,M,9.13,5.1,7.58,6.43,6.74,6.69,1,0,2024
8741,2024,Satu Mare,Liceul Sportiv Gheorghe Sincai,Urban,M,6.28,9.1,10.0,7.97,9.35,8.96,1,0,2024
8742,2024,Arad,Liceul Pedagogic Nicolae Balcescu,Rural,F,7.02,9.02,8.34,6.17,8.61,8.13,1,0,2024
8743,2024,Bihor,Liceul Pedagogic Dimitrie Cantemir,Rural,M,10.0,8.62,6.35,8.15,7.53,7.84,1,0,2024
8744,2024,Hunedoara,Liceul Pedagogic Mircea cel Batran,Rural,F,10.0,8.48,7.28,6.27,9.64,8.11,1,0,2024
8745,2024,Braila,Liceul Tehnologic Nicolae Balcescu,Rural,M,8.53,6.32,7.52,8.55,6.57,7.27,1,0,2024
8746,2024,Timis,Scoala Nationala Mircea cel Batran,Urban,F,5.48,9.73,4.79,3.44,6.3,6.36,0,1,2024
8747,2024,Constanta,Liceul de Arte Mircea cel Batran,Urban,M,8.42,8.88,8.31,7.62,7.55,8.27,1,0,2024
8748,2024,Brasov,Colegiul Tehnic Gheorghe Sincai,Urban,F,6.92,6.72,10.0,9.14,8.85,8.41,1,0,2024
8749,2024,Bacau,Liceul Sportiv Emil Racovita,Rural,M,8.89,9.7,6.97,6.21,8.12,8.04,1,0,2024
8750,2024,Covasna,Liceul Sportiv Mihai Eminescu,Urban,M,8.55,9.61,6.87,8.72,5.16,7.88,1,0,2024
8751,2024,Timis,Colegiul National Regina Maria,Rural,F,6.76,4.1,4.94,2.33,7.48,4.86,0,1,2024
8752,2024,Mures,Colegiul Tehnic Avram Iancu,Urban,F,8.96,10.0,6.71,6.35,8.79,8.18,1,0,2024
8753,2024,Giurgiu,Liceul Pedagogic Spiru Haret,Urban,M,9.74,8.45,8.57,7.73,7.73,8.4,1,0,2024
8754,2024,Prahova,Colegiul Tehnic Lucian Blaga,Rural,F,6.06,8.13,7.1,9.48,6.58,7.58,1,0,2024
8755,2024,Prahova,Liceul Teoretic Marin Preda,Urban,F,7.87,6.32,3.87,6.86,8.59,6.16,0,0,2024
8756,2024,Buzau,Liceul Pedagogic George Cosbuc,Urban,M,7.27,8.34,8.72,8.72,6.81,8.17,1,0,2024
8757,2024,Timis,Scoala Nationala Unirea,Rural,F,10.0,7.93,7.11,7.83,9.69,8.14,1,0,2024
8758,2024,Maramures,Liceul Tehnologic Mihai Viteazul,Urban,M,9.28,8.11,10.0,10.0,8.31,9.11,1,0,2024
8759,2024,Covasna,Colegiul Economic Emil Racovita,Rural,M,5.05,3.7,4.18,6.54,5.89,4.73,0,0,2024
8760,2024,Arad,Liceul Pedagogic Lucian Blaga,Rural,F,6.44,6.01,1.0,7.31,6.06,4.75,0,0,2024
8761,2024,Giurgiu,Liceul Teoretic Decebal,Urban,M,9.18,7.14,7.27,7.47,8.23,7.6,1,0,2024
8762,2024,Tulcea,Liceul Tehnologic Mircea cel Batran,Rural,F,7.12,6.81,7.46,8.15,8.01,7.42,1,0,2024
8763,2024,Galati,Liceul Pedagogic Decebal,Rural,M,8.65,10.0,5.89,8.0,7.4,7.94,1,0,2024
8764,2024,Prahova,Scoala Nationala Gheorghe Sincai,Rural,M,8.07,7.55,10.0,8.59,7.38,8.47,1,0,2024
8765,2024,Bacau,Colegiul National Mihai Viteazul,Rural,F,9.39,6.42,7.97,7.15,6.48,7.3,1,0,2024
8766,2024,Harghita,Colegiul National Mircea cel Batran,Rural,M,7.09,7.75,3.18,7.21,9.02,6.42,0,0,2024
8767,2024,Timis,Scoala Nationala Alexandru Ioan Cuza,Urban,M,8.87,6.49,7.49,10.0,7.14,7.65,1,0,2024
8768,2024,Vrancea,Scoala Nationala Elena Cuza,Rural,F,5.48,1.72,6.22,6.98,9.14,5.35,0,0,2024
8769,2024,Satu Mare,Liceul Sportiv Mihai Eminescu,Urban,F,9.0,5.91,9.1,3.59,10.0,7.44,0,1,2024
8770,2024,Giurgiu,Colegiul Tehnic Onisifor Ghibu,Rural,F,6.67,3.98,7.6,7.47,7.31,6.36,0,0,2024
8771,2024,Iasi,Liceul Teoretic Unirea,Urban,F,8.9,7.19,6.7,10.0,6.8,7.58,1,0,2024
8772,2024,Ialomita,Liceul Pedagogic Marin Preda,Urban,M,7.4,6.22,3.25,10.0,5.31,5.88,0,1,2024
8773,2024,Braila,Liceul Tehnologic George Cosbuc,Urban,M,8.12,10.0,6.01,9.58,7.31,8.15,1,0,2024
8774,2024,Iasi,Colegiul National Grigore Moisil,Urban,M,8.33,8.94,7.23,5.48,6.44,7.47,1,0,2024
8775,2024,Teleorman,Liceul Sportiv Mircea cel Batran,Rural,M,7.05,10.0,5.62,7.36,4.42,7.16,0,0,2024
8776,2024,Botosani,Liceul Tehnologic Avram Iancu,Urban,F,8.61,9.48,5.88,8.25,8.04,7.91,1,0,2024
8777,2024,Hunedoara,Colegiul Tehnic George Cosbuc,Rural,F,6.5,4.57,3.99,2.45,5.76,4.45,0,0,2024
8778,2024,Iasi,Liceul Sportiv Stefan cel Mare,Urban,M,7.68,7.24,5.87,7.56,10.0,7.34,1,0,2024
8779,2024,Mures,Colegiul National Alexandru Ioan Cuza,Rural,M,9.85,10.0,7.7,10.0,8.27,9.04,1,0,2024
8780,2024,Satu Mare,Liceul Tehnologic Ion Barbu,Urban,F,5.98,8.41,3.37,9.22,10.0,7.02,0,1,2024
8781,2024,Constanta,Colegiul Tehnic Stefan cel Mare,Rural,M,8.55,9.72,6.99,9.13,8.02,8.44,1,0,2024
8782,2024,Teleorman,Liceul Teoretic Mircea cel Batran,Urban,M,7.19,9.12,5.0,8.17,7.52,7.31,1,0,2024
8783,2024,Giurgiu,Colegiul Economic Grigore Moisil,Urban,F,7.45,8.23,1.0,3.57,3.17,4.53,0,0,2024
8784,2024,Prahova,Scoala Nationala Traian,Rural,M,4.82,10.0,3.05,5.49,2.49,5.59,0,0,2024
8785,2024,Buzau,Liceul Sportiv Tudor Vladimirescu,Urban,M,6.39,7.7,4.64,7.87,7.92,6.71,0,0,2024
8786,2024,Arges,Liceul de Arte Ana Ipatescu,Urban,M,8.13,9.12,5.91,7.97,6.85,7.54,1,0,2024
8787,2024,Bucuresti,Liceul Pedagogic Ioan Slavici,Rural,F,9.25,5.98,7.44,7.37,7.33,7.16,1,0,2024
8788,2024,Olt,Colegiul Economic Mihai Viteazul,Rural,F,6.64,5.6,4.9,9.89,10.0,6.8,0,0,2024
8789,2024,Giurgiu,Liceul Sportiv Emil Racovita,Urban,F,8.23,8.89,8.38,7.03,8.67,8.36,1,0,2024
8790,2024,Timis,Liceul Sportiv Ion Barbu,Rural,F,7.23,9.47,6.24,5.25,9.47,7.64,1,0,2024
8791,2024,Timis,Liceul Teoretic Tudor Vladimirescu,Urban,F,8.06,6.38,7.22,8.8,8.54,7.49,1,0,2024
8792,2024,Neamt,Scoala Nationala Mircea cel Batran,Urban,F,7.35,4.75,4.03,7.87,4.51,5.23,0,0,2024
8793,2024,Galati,Liceul Pedagogic Avram Iancu,Urban,M,8.19,8.95,7.38,8.97,7.73,8.22,1,0,2024
8794,2024,Hunedoara,Colegiul National Mircea cel Batran,Rural,F,7.01,7.43,6.36,5.81,3.58,6.25,0,0,2024
8795,2024,Mehedinti,Scoala Nationala Decebal,Rural,F,6.26,5.34,6.82,6.38,4.77,5.95,0,0,2024
8796,2024,Buzau,Colegiul Tehnic Stefan cel Mare,Urban,F,7.37,6.42,4.27,9.69,6.66,6.4,0,0,2024
8797,2024,Harghita,Colegiul Tehnic Octavian Goga,Urban,F,6.49,4.01,6.38,8.08,5.83,5.85,0,0,2024
8798,2024,Iasi,Liceul Pedagogic Octavian Goga,Urban,M,7.8,9.21,6.86,9.04,6.58,7.94,1,0,2024
8799,2024,Galati,Liceul Pedagogic Ana Ipatescu,Urban,M,8.51,7.77,7.81,7.43,7.76,7.8,1,0,2024
8800,2024,Covasna,Colegiul Economic Onisifor Ghibu,Urban,M,8.27,6.27,10.0,5.36,6.14,7.43,1,0,2024
8801,2024,Salaj,Colegiul National Gheorghe Sincai,Urban,F,8.8,5.86,6.43,6.29,6.3,6.46,1,0,2024
8802,2024,Giurgiu,Colegiul National Dimitrie Cantemir,Rural,F,5.03,7.92,7.32,7.98,5.54,7.1,1,0,2024
8803,2024,Arad,Scoala Nationala Onisifor Ghibu,Urban,M,8.07,10.0,7.21,5.23,9.18,8.13,1,0,2024
8804,2024,Vaslui,Liceul Teoretic Mircea cel Batran,Rural,M,8.01,6.75,8.94,6.06,9.12,7.78,1,0,2024
8805,2024,Sibiu,Liceul Tehnologic Nicolae Balcescu,Urban,F,7.3,7.45,7.86,10.0,9.63,8.27,1,0,2024
8806,2024,Dolj,Liceul Sportiv Grigore Moisil,Urban,M,7.59,6.77,7.05,7.99,9.13,7.47,1,0,2024
8807,2024,Buzau,Colegiul Economic Regina Maria,Urban,M,8.64,8.92,5.0,7.67,6.59,7.18,1,0,2024
8808,2024,Giurgiu,Colegiul Economic Nicolae Balcescu,Rural,M,7.12,8.45,5.0,6.04,6.26,6.59,1,0,2024
8809,2024,Hunedoara,Scoala Nationala Lucian Blaga,Rural,F,5.56,5.97,7.86,5.95,6.92,6.64,1,0,2024
8810,2024,Gorj,Liceul Sportiv Emil Racovita,Rural,F,3.93,6.56,8.85,6.69,6.66,7.02,0,0,2024
8811,2024,Buzau,Liceul de Arte Ioan Slavici,Urban,M,9.8,9.44,7.45,9.24,9.48,8.86,1,0,2024
8812,2024,Satu Mare,Colegiul Economic Ion Luca Caragiale,Urban,F,7.91,10.0,8.39,7.37,7.76,8.58,1,0,2024
8813,2024,Satu Mare,Colegiul Economic Gheorghe Sincai,Urban,F,8.57,6.44,5.15,8.87,9.97,7.16,1,0,2024
8814,2024,Hunedoara,Liceul Tehnologic Bogdan Voda,Rural,F,10.0,7.94,7.88,8.31,6.76,8.01,1,0,2024
8815,2024,Bistrita-Nasaud,Scoala Nationala Ana Ipatescu,Rural,M,9.84,8.43,6.45,10.0,9.8,8.42,1,0,2024
8816,2024,Arad,Colegiul Tehnic Ana Ipatescu,Rural,F,7.84,9.62,5.08,7.84,5.59,7.21,1,0,2024
8817,2024,Buzau,Liceul Teoretic Bogdan Voda,Rural,M,8.26,9.11,7.7,8.61,7.63,8.3,1,0,2024
8818,2024,Valcea,Liceul Teoretic Regina Maria,Rural,F,8.07,5.45,3.14,9.08,8.16,5.97,0,0,2024
8819,2024,Calarasi,Colegiul Economic George Cosbuc,Rural,F,7.0,6.58,10.0,5.0,7.72,7.58,1,0,2024
8820,2024,Bihor,Liceul Teoretic Unirea,Urban,M,8.52,6.31,10.0,7.68,7.3,7.99,1,0,2024
8821,2024,Sibiu,Colegiul Tehnic Elena Cuza,Rural,M,8.0,5.64,6.96,5.84,7.83,6.63,1,0,2024
8822,2024,Teleorman,Colegiul Economic Onisifor Ghibu,Urban,F,8.63,6.4,6.11,7.83,7.58,6.93,1,0,2024
8823,2024,Iasi,Liceul Sportiv Traian,Urban,F,8.15,8.29,5.92,9.01,5.42,7.24,1,0,2024
8824,2024,Bacau,Colegiul Tehnic Tudor Vladimirescu,Rural,M,4.11,9.35,5.2,4.43,1.38,5.65,0,0,2024
8825,2024,Gorj,Colegiul Economic Ana Ipatescu,Urban,M,8.03,8.68,6.44,8.81,6.64,7.66,1,0,2024
8826,2024,Suceava,Liceul Teoretic Lucian Blaga,Rural,M,6.83,3.08,5.22,6.93,3.13,4.68,0,0,2024
8827,2024,Bistrita-Nasaud,Colegiul Tehnic Traian,Rural,M,9.63,7.86,8.93,7.25,7.26,8.18,1,0,2024
8828,2024,Arad,Liceul Tehnologic Ion Barbu,Urban,F,7.0,5.54,6.07,6.65,7.47,6.3,1,0,2024
8829,2024,Olt,Liceul Sportiv Alexandru Ioan Cuza,Rural,M,6.03,6.83,6.41,6.57,3.47,6.08,0,0,2024
8830,2024,Ilfov,Liceul Pedagogic Mircea cel Batran,Urban,M,8.85,8.12,6.36,9.58,7.54,7.8,1,0,2024
8831,2024,Timis,Liceul Sportiv Ioan Slavici,Urban,F,7.45,6.06,6.27,7.2,8.09,6.74,1,0,2024
8832,2024,Giurgiu,Liceul Pedagogic Elena Cuza,Rural,F,7.79,5.71,6.35,8.43,9.14,7.03,1,0,2024
8833,2024,Dolj,Liceul Pedagogic Spiru Haret,Rural,M,8.84,7.16,5.25,8.86,8.65,7.23,1,0,2024
8834,2024,Buzau,Liceul Pedagogic Grigore Moisil,Rural,F,6.58,4.17,8.95,6.22,5.71,6.38,0,0,2024
8835,2024,Calarasi,Liceul Pedagogic George Cosbuc,Urban,M,10.0,7.87,6.57,7.32,9.98,7.93,1,0,2024
8836,2024,Constanta,Colegiul Economic Grigore Moisil,Urban,M,8.34,8.55,6.84,8.14,6.5,7.65,1,0,2024
8837,2024,Covasna,Liceul de Arte Dimitrie Cantemir,Rural,M,7.31,8.11,5.0,9.43,8.01,7.28,1,0,2024
8838,2024,Bucuresti,Colegiul Tehnic Mihai Viteazul,Rural,F,9.25,8.11,5.83,7.65,7.84,7.43,1,0,2024
8839,2024,Covasna,Colegiul National Ion Luca Caragiale,Rural,M,6.82,8.18,5.0,7.35,6.63,6.73,1,0,2024
8840,2024,Brasov,Liceul Tehnologic Spiru Haret,Rural,M,3.2,6.86,5.98,4.63,2.98,5.31,0,0,2024
8841,2024,Bihor,Scoala Nationala Stefan cel Mare,Urban,M,9.14,6.88,6.9,10.0,8.35,7.8,1,0,2024
8842,2024,Bacau,Colegiul Tehnic Stefan cel Mare,Urban,M,7.63,8.51,6.35,9.7,7.48,7.8,1,0,2024
8843,2024,Bihor,Scoala Nationala Emil Racovita,Urban,M,9.47,8.74,8.6,8.96,5.0,8.24,1,0,2024
8844,2024,Arad,Scoala Nationala Ioan Slavici,Urban,M,6.64,7.69,9.53,8.06,7.25,8.13,1,0,2024
8845,2024,Mures,Liceul Teoretic Traian,Rural,M,8.47,5.92,8.65,6.56,6.96,7.25,1,0,2024
8846,2024,Dolj,Scoala Nationala Dimitrie Cantemir,Urban,F,8.92,9.03,8.88,8.34,5.79,8.38,1,0,2024
8847,2024,Teleorman,Scoala Nationala Mihai Eminescu,Urban,M,9.1,6.5,5.0,6.68,6.9,6.4,1,0,2024
8848,2024,Teleorman,Colegiul Economic Ion Luca Caragiale,Urban,M,8.54,8.03,7.62,8.42,7.22,7.9,1,0,2024
8849,2024,Mures,Liceul Pedagogic Dimitrie Cantemir,Urban,M,8.16,7.83,6.33,7.26,6.29,7.1,1,0,2024
8850,2024,Calarasi,Scoala Nationala Spiru Haret,Rural,M,7.25,5.9,6.1,5.28,5.13,5.89,1,0,2024
8851,2024,Giurgiu,Liceul Tehnologic Bogdan Voda,Urban,F,7.05,2.99,5.32,9.09,8.76,5.88,0,0,2024
8852,2024,Tulcea,Liceul Tehnologic Emil Racovita,Urban,F,6.88,6.14,2.53,6.25,8.32,5.47,0,0,2024
8853,2024,Timis,Colegiul Economic Traian,Urban,F,8.81,5.92,8.27,6.3,6.03,6.99,1,0,2024
8854,2024,Covasna,Liceul Teoretic Lucian Blaga,Rural,F,8.0,9.07,6.59,5.23,6.74,7.29,1,0,2024
8855,2024,Sibiu,Liceul Teoretic Gheorghe Sincai,Urban,M,9.81,7.26,8.23,10.0,6.63,8.12,1,0,2024
8856,2024,Dolj,Liceul de Arte Gheorghe Sincai,Rural,M,9.24,8.03,8.94,9.8,10.0,8.98,1,0,2024
8857,2024,Mures,Liceul Tehnologic Regina Maria,Urban,M,8.65,9.79,8.05,8.53,7.24,8.58,1,0,2024
8858,2024,Covasna,Liceul Teoretic George Cosbuc,Urban,M,6.4,4.97,5.44,8.39,10.0,6.52,0,0,2024
8859,2024,Vaslui,Liceul Pedagogic Octavian Goga,Urban,M,7.57,7.52,8.56,7.09,7.66,7.79,1,0,2024
8860,2024,Suceava,Liceul de Arte Mihai Viteazul,Rural,M,8.42,8.6,8.06,9.95,8.58,8.62,1,0,2024
8861,2024,Satu Mare,Colegiul National Avram Iancu,Urban,F,9.53,9.51,9.28,6.27,10.0,9.03,1,0,2024
8862,2024,Covasna,Colegiul Economic Mihai Eminescu,Rural,F,8.5,6.69,8.74,8.21,8.82,8.03,1,0,2024
8863,2024,Iasi,Liceul de Arte Mihai Eminescu,Urban,M,9.88,10.0,7.74,8.06,8.58,8.81,1,0,2024
8864,2024,Harghita,Liceul Pedagogic Traian,Urban,F,7.3,9.51,7.26,5.86,8.19,7.87,1,0,2024
8865,2024,Gorj,Liceul Teoretic Traian,Urban,M,8.58,6.98,6.66,7.89,6.37,7.09,1,0,2024
8866,2024,Gorj,Scoala Nationala Ioan Slavici,Urban,M,10.0,10.0,6.04,7.92,9.54,8.43,1,0,2024
8867,2024,Covasna,Colegiul National Regina Maria,Rural,M,10.0,7.24,6.62,4.58,3.89,6.43,0,0,2024
8868,2024,Dambovita,Colegiul National Constantin Brancusi,Rural,F,9.27,8.15,6.75,8.54,8.57,7.96,1,0,2024
8869,2024,Neamt,Liceul Pedagogic Regina Maria,Urban,M,7.53,6.03,7.58,9.42,8.3,7.49,1,0,2024
8870,2024,Prahova,Liceul Teoretic Elena Cuza,Urban,F,5.56,7.5,2.14,7.13,3.38,5.02,0,0,2024
8871,2024,Covasna,Colegiul Tehnic Spiru Haret,Urban,M,7.0,8.55,7.74,9.31,8.24,8.22,1,0,2024
8872,2024,Satu Mare,Liceul Pedagogic Decebal,Rural,M,7.85,4.41,7.39,6.22,8.01,6.46,0,0,2024
8873,2024,Botosani,Liceul Pedagogic Mihai Eminescu,Urban,F,10.0,9.17,6.8,7.32,6.25,7.83,1,0,2024
8874,2024,Brasov,Scoala Nationala Grigore Moisil,Rural,F,8.07,9.07,6.78,7.11,5.77,7.49,1,0,2024
8875,2024,Buzau,Liceul Teoretic Nicolae Balcescu,Urban,M,9.86,8.36,6.14,7.15,8.63,7.7,1,0,2024
8876,2024,Suceava,Liceul Sportiv Ion Luca Caragiale,Rural,M,9.32,4.9,6.7,3.8,9.59,6.42,0,0,2024
8877,2024,Arges,Liceul Teoretic George Cosbuc,Urban,F,7.19,6.81,8.68,10.0,3.97,7.46,0,1,2024
8878,2024,Sibiu,Liceul Pedagogic Nicolae Balcescu,Urban,F,6.88,8.72,8.39,7.8,6.08,7.9,1,0,2024
8879,2024,Sibiu,Liceul Sportiv Spiru Haret,Urban,F,8.2,6.58,7.18,7.64,10.0,7.59,1,0,2024
8880,2024,Timis,Liceul Tehnologic Constantin Brancusi,Rural,M,10.0,10.0,7.3,7.44,6.2,8.24,1,0,2024
8881,2024,Iasi,Colegiul Tehnic Onisifor Ghibu,Rural,M,8.03,8.65,8.35,8.24,6.37,8.09,1,0,2024
8882,2024,Giurgiu,Liceul Tehnologic Constantin Brancusi,Urban,M,7.9,6.93,6.8,8.73,7.26,7.31,1,0,2024
8883,2024,Dambovita,Colegiul Tehnic Marin Preda,Urban,M,8.08,9.3,9.94,7.62,9.58,9.16,1,0,2024
8884,2024,Botosani,Scoala Nationala Onisifor Ghibu,Urban,M,9.8,6.09,7.01,8.66,9.44,7.62,1,0,2024
8885,2024,Giurgiu,Liceul de Arte Constantin Brancusi,Urban,F,6.9,9.14,7.86,9.97,10.0,8.79,1,0,2024
8886,2024,Olt,Liceul Sportiv Decebal,Urban,F,7.84,6.68,9.37,8.21,3.86,7.41,0,0,2024
8887,2024,Teleorman,Colegiul Economic Constantin Brancusi,Urban,F,8.32,6.63,6.58,7.34,6.36,6.85,1,0,2024
8888,2024,Buzau,Liceul Tehnologic Ion Barbu,Rural,F,7.44,5.0,6.5,6.92,7.8,6.4,1,0,2024
8889,2024,Dolj,Colegiul National Gheorghe Sincai,Urban,M,5.15,2.84,3.15,8.22,5.42,4.36,0,0,2024
8890,2024,Teleorman,Liceul Pedagogic Stefan cel Mare,Urban,F,9.98,7.99,6.64,7.08,7.88,7.63,1,0,2024
8891,2024,Ilfov,Colegiul Economic Alexandru Ioan Cuza,Urban,M,8.02,7.71,8.69,9.29,7.31,8.21,1,0,2024
8892,2024,Sibiu,Liceul Pedagogic Spiru Haret,Urban,F,4.9,5.41,4.75,7.61,6.45,5.65,0,0,2024
8893,2024,Gorj,Liceul Sportiv Unirea,Urban,M,8.14,9.83,9.32,7.92,6.93,8.79,1,0,2024
8894,2024,Prahova,Colegiul Economic Elena Cuza,Urban,F,7.55,7.69,7.96,7.66,7.01,7.65,1,0,2024
8895,2024,Maramures,Liceul Tehnologic Mihai Viteazul,Rural,M,3.24,6.44,3.27,7.19,6.67,5.32,0,0,2024
8896,2024,Constanta,Liceul Sportiv Unirea,Urban,M,8.65,8.36,9.81,6.69,7.53,8.45,1,0,2024
8897,2024,Arges,Scoala Nationala Decebal,Rural,M,5.42,10.0,5.06,6.65,6.14,6.98,1,0,2024
8898,2024,Salaj,Colegiul Tehnic Elena Cuza,Rural,M,8.86,6.8,7.6,8.35,6.54,7.44,1,0,2024
8899,2024,Bihor,Colegiul Economic Ana Ipatescu,Rural,F,8.33,7.68,5.56,7.4,5.99,6.81,1,0,2024
8900,2024,Alba,Liceul Tehnologic Elena Cuza,Urban,F,6.98,5.28,8.17,9.0,5.58,6.92,1,0,2024
8901,2024,Mehedinti,Colegiul Economic Elena Cuza,Urban,M,5.98,6.98,8.99,10.0,5.79,7.76,1,0,2024
8902,2024,Cluj,Colegiul National Marin Preda,Urban,M,8.06,8.89,9.43,8.66,8.28,8.84,1,0,2024
8903,2024,Maramures,Liceul Pedagogic Ion Luca Caragiale,Urban,F,5.54,6.08,9.11,6.27,8.99,7.4,1,0,2024
8904,2024,Alba,Liceul Pedagogic Mihai Viteazul,Rural,M,8.08,7.97,8.65,8.65,5.12,7.86,1,0,2024
8905,2024,Alba,Liceul Tehnologic Alexandru Ioan Cuza,Urban,M,6.47,8.29,7.65,8.98,5.04,7.53,1,0,2024
8906,2024,Dambovita,Liceul Pedagogic Grigore Moisil,Rural,M,6.38,6.59,6.69,8.1,6.13,6.76,1,0,2024
8907,2024,Gorj,Liceul Teoretic Alexandru Ioan Cuza,Urban,F,6.93,3.3,5.13,6.47,8.13,5.41,0,0,2024
8908,2024,Cluj,Liceul Pedagogic Ion Barbu,Rural,M,8.73,7.4,6.25,7.74,5.0,6.88,1,0,2024
8909,2024,Tulcea,Colegiul Tehnic Ion Luca Caragiale,Urban,M,7.8,5.48,6.26,6.51,7.52,6.41,1,0,2024
8910,2024,Bucuresti,Liceul Tehnologic Mihai Eminescu,Urban,M,9.27,7.23,8.3,6.73,9.58,8.03,1,0,2024
8911,2024,Bistrita-Nasaud,Scoala Nationala Mircea cel Batran,Rural,F,5.3,1.0,2.63,5.25,9.38,3.81,0,0,2024
8912,2024,Alba,Colegiul National Alexandru Ioan Cuza,Urban,F,10.0,7.58,10.0,8.63,6.88,8.6,1,0,2024
8913,2024,Bistrita-Nasaud,Liceul Sportiv Traian,Urban,M,9.36,8.5,5.8,3.7,6.58,6.77,0,0,2024
8914,2024,Teleorman,Liceul Tehnologic Unirea,Urban,M,8.42,6.3,9.37,7.32,7.52,7.77,1,0,2024
8915,2024,Ilfov,Colegiul Tehnic Avram Iancu,Urban,F,6.53,5.96,6.54,8.68,9.54,7.14,1,0,2024
8916,2024,Alba,Liceul Tehnologic Emil Racovita,Urban,M,7.38,7.11,6.48,6.4,4.9,6.51,0,0,2024
8917,2024,Brasov,Colegiul National Ion Luca Caragiale,Urban,M,8.59,6.01,10.0,8.06,9.31,8.27,1,0,2024
8918,2024,Salaj,Liceul Pedagogic Mihai Eminescu,Urban,F,6.2,6.47,6.05,8.67,7.78,6.84,1,0,2024
8919,2024,Giurgiu,Liceul Teoretic Ion Luca Caragiale,Rural,F,8.87,8.84,7.57,9.28,6.22,8.14,1,0,2024
8920,2024,Calarasi,Liceul Tehnologic Spiru Haret,Urban,F,8.92,7.32,10.0,6.75,7.53,8.23,1,0,2024
8921,2024,Bihor,Liceul Tehnologic Spiru Haret,Urban,F,7.38,8.19,1.62,4.8,8.2,5.63,0,0,2024
8922,2024,Covasna,Scoala Nationala Lucian Blaga,Urban,M,7.64,3.39,4.87,6.53,6.13,5.14,0,0,2024
8923,2024,Brasov,Colegiul National Avram Iancu,Urban,F,8.9,9.26,7.17,8.68,7.2,8.2,1,0,2024
8924,2024,Giurgiu,Liceul Teoretic Nicolae Balcescu,Rural,M,5.85,5.26,5.36,5.69,4.9,5.36,0,0,2024
8925,2024,Ialomita,Liceul de Arte Decebal,Urban,F,8.42,6.81,6.53,8.18,6.27,7.01,1,0,2024
8926,2024,Harghita,Scoala Nationala George Cosbuc,Rural,M,7.72,4.6,6.21,3.95,6.86,5.64,0,0,2024
8927,2024,Dolj,Liceul Pedagogic Elena Cuza,Rural,M,9.3,5.21,4.24,7.32,6.82,5.89,0,0,2024
8928,2024,Tulcea,Liceul Teoretic Mihai Viteazul,Urban,M,10.0,8.99,9.24,9.38,7.98,9.07,1,0,2024
8929,2024,Arad,Liceul Teoretic Vasile Alecsandri,Rural,M,10.0,7.42,7.36,9.53,6.95,7.91,1,0,2024
8930,2024,Covasna,Colegiul National George Cosbuc,Rural,M,1.63,1.57,2.57,4.24,4.65,2.74,0,0,2024
8931,2024,Harghita,Liceul Tehnologic Ion Barbu,Rural,M,9.25,9.2,10.0,8.09,7.86,9.08,1,0,2024
8932,2024,Galati,Colegiul National Mircea cel Batran,Rural,F,8.95,9.35,6.77,5.62,6.48,7.55,1,0,2024
8933,2024,Timis,Colegiul Economic Onisifor Ghibu,Urban,F,10.0,7.22,7.05,8.73,8.78,7.91,1,0,2024
8934,2024,Tulcea,Liceul Tehnologic Nicolae Balcescu,Rural,M,7.18,6.81,3.63,8.56,7.69,6.29,0,0,2024
8935,2024,Maramures,Liceul Teoretic Ana Ipatescu,Urban,M,6.84,6.97,4.33,5.55,5.89,5.79,0,0,2024
8936,2024,Bihor,Liceul Pedagogic Emil Racovita,Rural,F,9.11,8.57,7.77,5.0,7.92,7.75,1,0,2024
8937,2024,Arad,Liceul Sportiv Ioan Slavici,Urban,F,8.37,6.66,8.61,10.0,7.01,7.97,1,0,2024
8938,2024,Constanta,Liceul Sportiv Emil Racovita,Urban,M,9.94,7.43,6.61,8.38,10.0,7.96,1,0,2024
8939,2024,Constanta,Scoala Nationala Mihai Viteazul,Urban,M,9.17,5.87,6.02,7.55,8.07,6.83,1,0,2024
8940,2024,Brasov,Liceul Tehnologic Ion Barbu,Urban,M,9.92,7.03,7.61,7.87,6.37,7.52,1,0,2024
8941,2024,Teleorman,Liceul Tehnologic Tudor Vladimirescu,Rural,F,8.15,5.61,9.32,6.93,5.06,7.09,1,0,2024
8942,2024,Maramures,Colegiul National Vasile Alecsandri,Rural,F,7.76,8.38,7.12,8.91,7.08,7.82,1,0,2024
8943,2024,Neamt,Scoala Nationala Gheorghe Sincai,Rural,F,7.01,7.23,7.66,8.62,5.0,7.21,1,0,2024
8944,2024,Vrancea,Scoala Nationala Avram Iancu,Rural,F,7.18,7.95,3.68,9.92,5.41,6.51,0,0,2024
8945,2024,Gorj,Colegiul Economic Octavian Goga,Rural,M,8.73,7.78,4.09,6.53,9.13,6.78,0,0,2024
8946,2024,Botosani,Colegiul Economic Unirea,Rural,F,6.24,6.75,2.29,7.18,5.59,5.25,0,0,2024
8947,2024,Dolj,Colegiul Tehnic Traian,Urban,M,8.33,9.09,6.87,6.6,9.22,7.99,1,0,2024
8948,2024,Covasna,Liceul Sportiv Ion Luca Caragiale,Urban,M,8.86,9.76,6.82,6.14,10.0,8.28,1,0,2024
8949,2024,Constanta,Colegiul National Ion Luca Caragiale,Urban,F,9.36,9.33,8.9,7.73,5.26,8.35,1,0,2024
8950,2024,Buzau,Scoala Nationala Mihai Eminescu,Urban,F,4.45,5.47,5.59,7.35,5.79,5.73,0,0,2024
8951,2024,Ialomita,Liceul de Arte George Cosbuc,Urban,F,8.65,9.8,9.41,9.41,6.16,8.96,1,0,2024
8952,2024,Satu Mare,Liceul de Arte Nicolae Balcescu,Rural,M,9.8,9.26,6.52,8.07,8.92,8.26,1,0,2024
8953,2024,Gorj,Liceul Pedagogic Grigore Moisil,Rural,M,5.26,1.0,7.89,6.06,7.89,5.29,0,0,2024
8954,2024,Tulcea,Colegiul National Unirea,Rural,M,9.64,8.5,7.68,8.54,5.11,7.87,1,0,2024
8955,2024,Hunedoara,Scoala Nationala Stefan cel Mare,Urban,M,8.48,6.68,6.71,9.65,7.4,7.42,1,0,2024
8956,2024,Botosani,Liceul Pedagogic Regina Maria,Rural,M,8.04,9.53,2.17,6.26,7.09,6.32,0,0,2024
8957,2024,Braila,Liceul de Arte Bogdan Voda,Urban,F,9.03,5.99,10.0,8.61,6.39,7.95,1,0,2024
8958,2024,Prahova,Colegiul Economic Spiru Haret,Rural,F,7.23,8.82,8.49,9.7,8.01,8.57,1,0,2024
8959,2024,Giurgiu,Colegiul National Unirea,Rural,F,7.65,9.26,6.7,3.09,4.37,6.67,0,0,2024
8960,2024,Olt,Liceul Teoretic Ana Ipatescu,Urban,M,7.53,8.01,8.98,7.14,7.06,7.98,1,0,2024
8961,2024,Teleorman,Liceul Teoretic Mihai Eminescu,Urban,F,7.5,5.98,3.4,8.79,6.79,5.9,0,0,2024
8962,2024,Tulcea,Liceul Teoretic Grigore Moisil,Rural,F,8.91,7.36,6.73,8.65,10.0,7.92,1,0,2024
8963,2024,Gorj,Liceul Teoretic Dimitrie Cantemir,Urban,F,9.43,8.6,6.81,9.34,5.66,7.82,1,0,2024
8964,2024,Ilfov,Colegiul Tehnic Mihai Eminescu,Urban,M,8.42,9.3,9.11,7.07,7.82,8.6,1,0,2024
8965,2024,Gorj,Colegiul National George Cosbuc,Rural,M,7.57,7.88,5.0,7.67,9.15,7.14,1,0,2024
8966,2024,Gorj,Liceul de Arte Elena Cuza,Urban,M,8.94,7.9,9.62,8.08,5.99,8.26,1,0,2024
8967,2024,Gorj,Liceul Sportiv Stefan cel Mare,Rural,F,9.66,7.64,9.06,6.94,7.99,8.22,1,0,2024
8968,2024,Buzau,Colegiul Economic Emil Racovita,Rural,F,10.0,9.9,9.59,9.26,5.96,9.13,1,0,2024
8969,2024,Satu Mare,Colegiul Economic Vasile Alecsandri,Rural,F,7.27,6.97,7.49,6.19,8.24,7.23,1,0,2024
8970,2024,Ilfov,Liceul Sportiv Tudor Vladimirescu,Urban,F,7.11,8.8,7.72,9.48,8.93,8.43,1,0,2024
8971,2024,Mehedinti,Colegiul Economic Vasile Alecsandri,Urban,F,10.0,8.81,6.94,7.01,10.0,8.28,1,0,2024
8972,2024,Bistrita-Nasaud,Colegiul Economic Decebal,Urban,M,10.0,8.96,7.66,10.0,9.67,8.94,1,0,2024
8973,2024,Cluj,Liceul Tehnologic Alexandru Ioan Cuza,Urban,M,10.0,8.68,8.82,7.37,9.71,8.81,1,0,2024
8974,2024,Constanta,Liceul de Arte George Cosbuc,Urban,M,7.62,5.41,5.0,8.9,10.0,6.72,1,0,2024
8975,2024,Cluj,Liceul Pedagogic Constantin Brancusi,Rural,F,9.44,7.62,6.52,6.5,7.03,7.22,1,0,2024
8976,2024,Gorj,Colegiul Tehnic Dimitrie Cantemir,Urban,M,3.93,8.15,8.51,7.01,9.59,7.88,0,0,2024
8977,2024,Satu Mare,Colegiul National Marin Preda,Rural,M,8.42,6.75,6.81,10.0,10.0,7.91,1,0,2024
8978,2024,Ialomita,Liceul Teoretic Dimitrie Cantemir,Urban,F,7.35,7.46,3.42,4.86,9.03,6.08,0,0,2024
8979,2024,Ilfov,Colegiul National Mircea cel Batran,Rural,M,7.22,4.28,3.79,5.44,6.42,4.92,0,0,2024
8980,2024,Maramures,Colegiul National Ion Luca Caragiale,Urban,M,6.56,9.4,6.36,8.52,9.01,8.01,1,0,2024
8981,2024,Ilfov,Colegiul National Stefan cel Mare,Rural,M,7.71,6.02,2.79,5.63,6.86,5.29,0,0,2024
8982,2024,Constanta,Colegiul Economic Tudor Vladimirescu,Rural,M,8.13,7.27,6.67,6.86,6.15,6.95,1,0,2024
8983,2024,Salaj,Liceul Teoretic Constantin Brancusi,Urban,M,7.18,6.83,6.52,10.0,6.66,7.22,1,0,2024
8984,2024,Maramures,Liceul Sportiv Alexandru Ioan Cuza,Rural,F,1.15,7.74,7.59,8.62,5.67,6.86,0,0,2024
8985,2024,Salaj,Liceul Tehnologic Regina Maria,Rural,F,10.0,1.88,2.06,3.79,7.21,3.83,0,0,2024
8986,2024,Olt,Colegiul Economic Dimitrie Cantemir,Urban,M,9.18,8.68,9.37,7.76,9.09,8.86,1,0,2024
8987,2024,Satu Mare,Liceul Tehnologic Avram Iancu,Rural,F,7.72,4.82,4.52,4.49,7.83,5.42,0,1,2024
8988,2024,Braila,Liceul Pedagogic Ion Barbu,Rural,F,6.55,5.5,6.05,6.05,8.74,6.34,1,0,2024
8989,2024,Cluj,Liceul Sportiv Dimitrie Cantemir,Urban,F,8.7,8.3,6.19,9.64,7.91,7.85,1,0,2024
8990,2024,Cluj,Liceul Teoretic Mihai Eminescu,Urban,F,8.28,9.34,6.99,7.95,10.0,8.42,1,0,2024
8991,2024,Ialomita,Scoala Nationala Alexandru Ioan Cuza,Rural,F,10.0,8.92,8.37,6.36,7.59,8.28,1,0,2024
8992,2024,Bucuresti,Colegiul Tehnic Spiru Haret,Rural,F,5.16,6.43,8.74,4.05,9.87,7.16,0,1,2024
8993,2024,Mures,Colegiul Tehnic Mircea cel Batran,Rural,F,7.09,8.19,7.86,10.0,7.56,8.16,1,0,2024
8994,2024,Teleorman,Scoala Nationala Bogdan Voda,Rural,F,5.71,9.73,8.89,8.08,8.67,8.67,1,0,2024
8995,2024,Mehedinti,Scoala Nationala Decebal,Urban,M,9.16,8.56,8.85,6.24,8.65,8.37,1,0,2024
8996,2024,Tulcea,Scoala Nationala Ion Barbu,Urban,F,8.15,7.35,4.59,9.53,5.95,6.72,0,0,2024
8997,2024,Iasi,Colegiul National Regina Maria,Urban,F,8.37,8.55,5.28,8.98,9.26,7.72,1,0,2024
8998,2024,Gorj,Colegiul Economic Tudor Vladimirescu,Rural,F,7.07,8.87,8.2,4.03,5.97,7.33,0,0,2024
8999,2024,Botosani,Liceul Pedagogic Ion Luca Caragiale,Urban,F,6.76,9.12,6.04,7.45,7.87,7.52,1,0,2024
9000,2024,Tulcea,Colegiul National Octavian Goga,Rural,F,7.87,4.81,4.56,7.12,9.17,6.04,0,0,2024
9001,2024,Sibiu,Liceul Sportiv Ana Ipatescu,Urban,F,8.21,10.0,6.81,9.64,6.12,8.23,1,0,2024
9002,2024,Vaslui,Liceul Pedagogic Emil Racovita,Urban,M,5.66,7.03,1.62,8.34,10.0,5.91,0,0,2024
9003,2024,Vaslui,Scoala Nationala Decebal,Urban,F,8.43,4.24,7.11,5.21,4.9,5.76,0,0,2024
9004,2024,Dambovita,Liceul Pedagogic Bogdan Voda,Urban,F,10.0,8.62,10.0,7.13,5.27,8.45,1,0,2024
9005,2024,Teleorman,Liceul de Arte Grigore Moisil,Rural,M,8.6,4.1,7.84,5.81,3.11,5.78,0,0,2024
9006,2024,Constanta,Liceul de Arte Ioan Slavici,Rural,M,7.56,9.9,6.7,9.47,7.86,8.34,1,0,2024
9007,2024,Giurgiu,Scoala Nationala Avram Iancu,Rural,M,5.67,7.29,5.61,8.66,5.56,6.57,1,0,2024
9008,2024,Bucuresti,Liceul de Arte Vasile Alecsandri,Urban,F,6.99,10.0,7.99,9.05,9.02,8.81,1,0,2024
9009,2024,Bistrita-Nasaud,Colegiul Economic Alexandru Ioan Cuza,Urban,M,7.56,8.69,7.93,9.92,8.44,8.5,1,0,2024
9010,2024,Dolj,Scoala Nationala Ion Barbu,Urban,M,8.06,5.0,10.0,9.01,7.76,7.82,1,0,2024
9011,2024,Timis,Liceul de Arte Constantin Brancusi,Rural,F,7.44,8.06,6.42,6.73,7.4,7.21,1,0,2024
9012,2024,Bucuresti,Colegiul National Ion Barbu,Rural,M,3.17,2.39,6.28,3.18,7.06,4.45,0,0,2024
9013,2024,Neamt,Colegiul Economic Avram Iancu,Urban,F,7.28,8.76,5.5,7.76,10.0,7.67,1,0,2024
9014,2024,Dolj,Liceul Sportiv George Cosbuc,Urban,F,7.37,6.65,1.0,9.54,4.96,5.21,0,0,2024
9015,2024,Salaj,Scoala Nationala Dimitrie Cantemir,Urban,F,7.25,9.52,7.26,9.82,9.56,8.67,1,0,2024
9016,2024,Sibiu,Scoala Nationala Constantin Brancusi,Urban,M,7.46,6.89,6.2,8.78,6.28,6.93,1,0,2024
9017,2024,Galati,Colegiul Tehnic Ana Ipatescu,Urban,F,7.96,6.56,5.1,5.39,9.91,6.59,1,0,2024
9018,2024,Bacau,Liceul Sportiv Mihai Eminescu,Urban,M,8.15,7.37,6.2,10.0,9.44,7.8,1,0,2024
9019,2024,Tulcea,Liceul Pedagogic Gheorghe Sincai,Urban,M,7.88,8.4,5.54,10.0,6.18,7.4,1,0,2024
9020,2024,Hunedoara,Liceul de Arte Mircea cel Batran,Rural,M,7.32,9.16,8.79,7.39,6.94,8.27,1,0,2024
9021,2024,Mures,Colegiul Economic Stefan cel Mare,Rural,F,8.35,9.11,7.71,8.57,9.67,8.62,1,0,2024
9022,2024,Arad,Liceul Teoretic Grigore Moisil,Urban,M,4.9,7.99,7.54,6.02,7.57,7.19,0,1,2024
9023,2024,Cluj,Liceul Tehnologic Dimitrie Cantemir,Urban,F,8.57,9.46,5.0,7.81,9.93,7.86,1,0,2024
9024,2024,Olt,Colegiul Economic Decebal,Urban,M,3.06,7.2,7.31,8.92,9.74,7.46,0,0,2024
9025,2024,Covasna,Colegiul Economic Ioan Slavici,Rural,F,8.12,7.35,5.83,8.83,9.61,7.53,1,0,2024
9026,2024,Vrancea,Liceul Tehnologic Octavian Goga,Urban,F,7.39,7.73,10.0,9.5,6.59,8.47,0,1,2024
9027,2024,Botosani,Scoala Nationala Spiru Haret,Rural,M,8.27,5.62,7.3,5.0,6.77,6.47,1,0,2024
9028,2024,Calarasi,Colegiul Tehnic Mircea cel Batran,Urban,F,9.16,10.0,9.33,6.57,9.42,9.11,1,0,2024
9029,2024,Timis,Liceul Pedagogic Tudor Vladimirescu,Urban,F,8.71,6.73,6.0,10.0,8.76,7.5,1,0,2024
9030,2024,Satu Mare,Colegiul Tehnic Nicolae Balcescu,Urban,M,6.01,5.95,2.08,4.43,6.05,4.58,0,0,2024
9031,2024,Covasna,Liceul Sportiv Emil Racovita,Urban,F,10.0,7.35,7.82,8.69,6.62,7.85,1,0,2024
9032,2024,Neamt,Liceul de Arte Mihai Eminescu,Rural,F,10.0,8.12,6.19,5.55,8.42,7.39,1,0,2024
9033,2024,Calarasi,Liceul de Arte Onisifor Ghibu,Urban,F,8.58,8.16,5.74,8.73,9.68,7.79,1,0,2024
9034,2024,Calarasi,Liceul Sportiv Mircea cel Batran,Urban,F,8.15,8.91,6.38,9.5,6.11,7.74,1,0,2024
9035,2024,Botosani,Colegiul National Marin Preda,Urban,F,6.99,10.0,5.19,7.41,8.86,7.7,1,0,2024
9036,2024,Prahova,Scoala Nationala Unirea,Rural,M,7.87,8.07,5.15,7.08,5.42,6.63,1,0,2024
9037,2024,Alba,Colegiul National Regina Maria,Rural,F,8.26,5.0,5.43,8.45,10.0,6.72,1,0,2024
9038,2024,Prahova,Colegiul Tehnic Bogdan Voda,Urban,M,7.46,5.92,7.55,8.82,10.0,7.61,1,0,2024
9039,2024,Vaslui,Colegiul Economic Emil Racovita,Urban,F,8.26,8.68,10.0,8.6,9.18,9.1,1,0,2024
9040,2024,Arad,Colegiul National Unirea,Rural,M,7.72,5.05,6.59,8.58,9.19,6.93,1,0,2024
9041,2024,Valcea,Scoala Nationala Ana Ipatescu,Rural,M,7.83,5.38,7.23,9.29,7.97,7.15,1,0,2024
9042,2024,Harghita,Scoala Nationala Mircea cel Batran,Rural,M,10.0,4.63,7.74,3.73,10.0,6.77,0,0,2024
9043,2024,Ilfov,Liceul Sportiv Emil Racovita,Urban,M,8.62,6.33,3.77,3.82,6.53,5.44,0,0,2024
9044,2024,Salaj,Liceul Sportiv Mircea cel Batran,Urban,F,8.02,7.19,8.63,6.4,8.03,7.71,1,0,2024
9045,2024,Timis,Liceul Pedagogic Gheorghe Sincai,Urban,M,7.84,7.55,5.91,8.76,8.0,7.34,1,0,2024
9046,2024,Braila,Liceul Pedagogic Unirea,Urban,F,9.84,8.24,8.95,8.33,8.02,8.59,1,0,2024
9047,2024,Teleorman,Liceul Tehnologic Vasile Alecsandri,Urban,F,7.99,8.74,8.25,4.85,8.66,7.92,0,0,2024
9048,2024,Botosani,Liceul Sportiv Tudor Vladimirescu,Rural,F,6.63,5.22,6.41,8.0,3.93,5.94,0,0,2024
9049,2024,Valcea,Liceul Pedagogic Grigore Moisil,Rural,M,7.45,6.34,7.34,5.3,6.98,6.69,1,0,2024
9050,2024,Hunedoara,Liceul Sportiv Ana Ipatescu,Rural,F,7.23,6.8,6.55,5.97,7.18,6.7,1,0,2024
9051,2024,Olt,Liceul Teoretic Mihai Eminescu,Rural,M,7.54,6.33,9.18,7.89,7.5,7.72,1,0,2024
9052,2024,Mures,Liceul Pedagogic Dimitrie Cantemir,Urban,F,6.36,9.99,5.47,8.96,7.13,7.69,1,0,2024
9053,2024,Arges,Liceul Sportiv Traian,Urban,M,8.25,5.38,7.66,6.36,10.0,7.19,1,0,2024
9054,2024,Dambovita,Liceul Sportiv Ana Ipatescu,Urban,M,8.07,10.0,7.65,8.29,10.0,8.85,1,0,2024
9055,2024,Arad,Liceul Tehnologic Gheorghe Sincai,Urban,F,7.25,6.97,5.97,6.42,7.62,6.71,1,0,2024
9056,2024,Neamt,Scoala Nationala Grigore Moisil,Urban,M,6.26,8.83,7.72,7.96,6.17,7.71,1,0,2024
9057,2024,Botosani,Colegiul Economic Ion Luca Caragiale,Urban,F,8.19,9.37,6.26,5.62,8.67,7.65,1,0,2024
9058,2024,Calarasi,Scoala Nationala Unirea,Urban,F,7.61,9.62,8.68,8.23,5.9,8.37,1,0,2024
9059,2024,Sibiu,Liceul de Arte Unirea,Urban,F,9.09,7.94,9.48,8.57,8.16,8.64,1,0,2024
9060,2024,Calarasi,Liceul Pedagogic Constantin Brancusi,Urban,M,8.68,9.18,5.78,3.6,7.82,7.07,0,0,2024
9061,2024,Cluj,Liceul Sportiv Regina Maria,Urban,F,9.49,7.12,7.31,8.72,5.33,7.39,1,0,2024
9062,2024,Teleorman,Liceul Tehnologic Marin Preda,Rural,M,7.28,4.43,2.67,7.12,6.6,4.92,0,0,2024
9063,2024,Vrancea,Liceul Teoretic Ion Luca Caragiale,Rural,M,7.89,7.8,6.89,8.58,5.77,7.35,1,0,2024
9064,2024,Brasov,Liceul Sportiv Ion Barbu,Urban,M,8.13,9.25,6.93,9.14,6.61,8.03,1,0,2024
9065,2024,Constanta,Scoala Nationala Nicolae Balcescu,Urban,F,7.34,6.34,8.07,8.21,6.49,7.26,1,0,2024
9066,2024,Mehedinti,Colegiul Economic Ana Ipatescu,Urban,M,8.27,5.03,3.55,7.04,3.29,4.95,0,0,2024
9067,2024,Bihor,Liceul Pedagogic Onisifor Ghibu,Urban,M,9.5,8.24,8.37,6.26,7.6,8.01,1,0,2024
9068,2024,Giurgiu,Colegiul National Bogdan Voda,Urban,F,8.32,6.05,8.23,7.08,6.82,7.2,1,0,2024
9069,2024,Dambovita,Liceul Sportiv Octavian Goga,Urban,M,7.95,6.76,7.38,10.0,6.15,7.46,1,0,2024
9070,2024,Covasna,Scoala Nationala Emil Racovita,Urban,F,6.68,7.61,6.67,7.63,8.03,7.3,1,0,2024
9071,2024,Timis,Liceul de Arte Mircea cel Batran,Urban,M,8.62,8.0,5.35,7.58,7.02,7.06,1,0,2024
9072,2024,Vrancea,Liceul de Arte Dimitrie Cantemir,Urban,F,8.93,10.0,5.0,8.02,6.66,7.6,1,0,2024
9073,2024,Dambovita,Liceul Teoretic Octavian Goga,Rural,F,5.74,5.38,4.56,5.84,5.55,5.26,0,0,2024
9074,2024,Covasna,Liceul Teoretic Grigore Moisil,Rural,M,7.3,1.8,6.56,4.9,3.86,4.55,0,0,2024
9075,2024,Salaj,Liceul Pedagogic Ion Barbu,Urban,M,7.02,8.75,6.14,6.42,10.0,7.63,1,0,2024
9076,2024,Botosani,Colegiul National Onisifor Ghibu,Rural,F,10.0,10.0,4.9,9.83,4.97,7.69,0,0,2024
9077,2024,Braila,Liceul Teoretic Unirea,Rural,F,7.8,4.42,9.24,3.99,4.28,6.12,0,0,2024
9078,2024,Sibiu,Scoala Nationala Ion Barbu,Urban,M,6.2,6.86,7.86,6.5,9.9,7.5,1,0,2024
9079,2024,Tulcea,Liceul de Arte Ioan Slavici,Rural,F,8.88,9.09,4.65,8.13,9.51,7.66,0,0,2024
9080,2024,Arad,Liceul Pedagogic Dimitrie Cantemir,Urban,M,7.03,8.42,5.31,4.9,7.01,6.61,0,0,2024
9081,2024,Bihor,Liceul de Arte Tudor Vladimirescu,Rural,M,9.05,8.76,6.34,6.58,9.24,7.81,1,0,2024
9082,2024,Gorj,Liceul Tehnologic Spiru Haret,Urban,F,7.46,5.93,6.56,2.69,6.15,5.82,0,0,2024
9083,2024,Iasi,Colegiul Economic Emil Racovita,Urban,M,7.46,7.68,8.46,10.0,6.48,8.06,1,0,2024
9084,2024,Constanta,Colegiul National Unirea,Urban,F,8.01,5.88,5.3,8.89,6.9,6.52,0,1,2024
9085,2024,Ilfov,Liceul de Arte Alexandru Ioan Cuza,Rural,M,9.01,9.67,6.77,5.95,9.56,8.16,1,0,2024
9086,2024,Braila,Liceul Pedagogic Elena Cuza,Rural,M,8.02,6.5,7.5,10.0,8.3,7.75,1,0,2024
9087,2024,Bistrita-Nasaud,Scoala Nationala Marin Preda,Rural,F,7.2,8.47,6.27,7.47,8.34,7.51,1,0,2024
9088,2024,Mehedinti,Liceul Sportiv Ion Barbu,Rural,M,5.61,6.36,5.85,4.22,2.56,5.24,0,0,2024
9089,2024,Salaj,Liceul Teoretic Marin Preda,Rural,M,8.77,6.01,5.89,7.09,7.66,6.66,1,0,2024
9090,2024,Suceava,Colegiul Tehnic Constantin Brancusi,Rural,F,9.43,6.53,5.99,8.58,10.0,7.49,1,0,2024
9091,2024,Bacau,Liceul Sportiv George Cosbuc,Urban,F,6.36,8.56,7.27,6.43,7.65,7.5,1,0,2024
9092,2024,Mehedinti,Colegiul National Nicolae Balcescu,Rural,M,6.04,5.49,7.97,4.22,6.33,6.22,0,0,2024
9093,2024,Bihor,Liceul de Arte Ana Ipatescu,Rural,M,7.51,5.22,6.4,4.54,5.43,5.73,0,1,2024
9094,2024,Vaslui,Colegiul National Ana Ipatescu,Urban,F,9.83,8.15,6.21,7.96,6.14,7.41,1,0,2024
9095,2024,Mures,Liceul Pedagogic Dimitrie Cantemir,Rural,M,7.33,7.23,5.0,1.08,4.66,5.26,0,0,2024
9096,2024,Bacau,Liceul Tehnologic Stefan cel Mare,Urban,M,6.86,7.67,5.39,6.69,8.51,6.88,1,0,2024
9097,2024,Sibiu,Colegiul Tehnic Vasile Alecsandri,Urban,M,8.11,7.91,5.37,8.96,10.0,7.64,1,0,2024
9098,2024,Giurgiu,Colegiul Economic Bogdan Voda,Urban,M,6.88,9.19,9.01,8.31,8.55,8.68,1,0,2024
9099,2024,Ilfov,Liceul Tehnologic Decebal,Rural,M,9.62,7.16,8.44,8.45,6.83,7.93,1,0,2024
9100,2024,Maramures,Colegiul National Vasile Alecsandri,Urban,M,6.87,4.9,1.9,9.1,5.94,4.98,0,0,2024
9101,2024,Botosani,Colegiul Tehnic Mihai Eminescu,Urban,F,8.21,9.36,8.26,9.64,8.09,8.77,1,0,2024
9102,2024,Vaslui,Liceul Teoretic George Cosbuc,Urban,M,7.76,6.0,3.32,9.42,4.9,5.72,0,0,2024
9103,2024,Mehedinti,Liceul Teoretic Stefan cel Mare,Rural,M,4.65,8.51,3.89,2.79,5.49,5.43,0,0,2024
9104,2024,Cluj,Liceul Pedagogic Constantin Brancusi,Rural,F,8.0,8.95,8.03,7.81,9.39,8.47,1,0,2024
9105,2024,Suceava,Liceul de Arte Bogdan Voda,Rural,F,8.53,6.07,7.17,7.02,4.9,6.61,0,0,2024
9106,2024,Salaj,Liceul Teoretic Emil Racovita,Urban,M,7.12,7.46,7.36,8.54,6.19,7.37,1,0,2024
9107,2024,Constanta,Colegiul Tehnic Decebal,Rural,M,7.41,9.23,9.0,8.49,9.99,8.98,1,0,2024
9108,2024,Prahova,Scoala Nationala Mihai Viteazul,Urban,F,8.44,8.08,5.6,9.49,9.21,7.75,1,0,2024
9109,2024,Hunedoara,Liceul de Arte Elena Cuza,Urban,F,6.39,8.6,8.34,9.15,7.2,8.17,1,0,2024
9110,2024,Hunedoara,Colegiul Tehnic Dimitrie Cantemir,Urban,F,6.65,7.74,2.22,9.19,6.87,6.06,0,0,2024
9111,2024,Satu Mare,Liceul Pedagogic Unirea,Urban,M,7.17,9.68,7.75,6.48,10.0,8.42,1,0,2024
9112,2024,Brasov,Liceul Teoretic Mihai Viteazul,Urban,F,7.25,5.8,5.74,7.41,6.6,6.29,1,0,2024
9113,2024,Prahova,Colegiul Tehnic Elena Cuza,Urban,F,9.4,10.0,10.0,8.9,5.39,9.08,1,0,2024
9114,2024,Alba,Liceul Pedagogic Lucian Blaga,Urban,M,7.39,8.71,9.06,9.71,9.46,8.95,1,0,2024
9115,2024,Gorj,Colegiul Tehnic Constantin Brancusi,Urban,M,9.39,9.03,6.8,9.61,10.0,8.63,1,0,2024
9116,2024,Mehedinti,Colegiul Tehnic Constantin Brancusi,Rural,M,5.16,8.31,8.9,8.05,6.37,7.84,1,0,2024
9117,2024,Harghita,Liceul Teoretic Avram Iancu,Urban,M,7.89,4.81,8.43,8.05,6.04,6.87,0,0,2024
9118,2024,Vaslui,Colegiul Tehnic Dimitrie Cantemir,Urban,F,7.71,8.86,8.65,7.07,10.0,8.58,1,0,2024
9119,2024,Arges,Liceul de Arte Elena Cuza,Urban,F,9.52,7.95,5.37,6.58,7.36,7.04,1,0,2024
9120,2024,Harghita,Colegiul National Ion Luca Caragiale,Rural,F,6.92,9.8,3.54,7.46,2.4,6.17,0,0,2024
9121,2024,Sibiu,Colegiul Economic Bogdan Voda,Rural,M,9.03,8.99,8.77,5.38,5.41,7.85,1,0,2024
9122,2024,Bihor,Colegiul Economic Ion Barbu,Urban,M,9.11,7.75,10.0,9.5,6.87,8.69,1,0,2024
9123,2024,Braila,Liceul Tehnologic Gheorghe Sincai,Urban,F,8.43,7.28,8.69,8.09,7.5,7.97,1,0,2024
9124,2024,Alba,Colegiul Tehnic Vasile Alecsandri,Urban,M,9.42,6.82,8.21,7.87,8.06,7.84,1,0,2024
9125,2024,Arad,Liceul Pedagogic Mihai Eminescu,Urban,F,7.01,6.69,8.26,10.0,6.81,7.71,1,0,2024
9126,2024,Hunedoara,Colegiul National Dimitrie Cantemir,Rural,F,8.57,7.18,4.74,3.98,7.51,6.16,0,0,2024
9127,2024,Mures,Colegiul National Ana Ipatescu,Rural,M,7.74,7.13,7.53,6.33,6.03,7.03,1,0,2024
9128,2024,Arad,Liceul Teoretic Mihai Viteazul,Rural,F,7.91,5.49,5.13,6.3,4.85,5.65,0,0,2024
9129,2024,Vrancea,Liceul Teoretic Constantin Brancusi,Rural,F,9.26,6.36,8.14,7.5,8.15,7.62,1,0,2024
9130,2024,Galati,Liceul Sportiv Unirea,Urban,M,10.0,5.96,9.39,8.49,7.76,8.04,1,0,2024
9131,2024,Covasna,Liceul Pedagogic Lucian Blaga,Urban,M,6.67,8.79,5.16,8.68,5.87,7.03,1,0,2024
9132,2024,Mures,Scoala Nationala Ioan Slavici,Urban,M,10.0,5.0,8.32,7.63,5.0,6.89,1,0,2024
9133,2024,Dolj,Colegiul National Nicolae Balcescu,Urban,M,7.83,8.86,10.0,8.61,7.1,8.8,1,0,2024
9134,2024,Galati,Colegiul Economic Traian,Rural,M,6.26,9.58,6.0,6.56,4.57,6.97,0,0,2024
9135,2024,Salaj,Scoala Nationala Traian,Rural,F,7.87,6.74,8.65,7.38,6.87,7.54,1,0,2024
9136,2024,Cluj,Liceul Sportiv Lucian Blaga,Rural,M,8.91,6.1,4.72,4.28,6.52,5.76,0,0,2024
9137,2024,Satu Mare,Colegiul Economic Lucian Blaga,Rural,F,8.59,4.38,2.68,8.42,8.5,5.52,0,0,2024
9138,2024,Alba,Liceul Tehnologic Avram Iancu,Urban,M,8.21,8.55,9.26,6.21,8.22,8.33,1,0,2024
9139,2024,Gorj,Liceul Sportiv Avram Iancu,Urban,F,7.52,7.27,10.0,5.93,7.18,7.9,1,0,2024
9140,2024,Sibiu,Liceul Pedagogic Elena Cuza,Urban,M,8.25,8.72,7.42,5.96,10.0,8.06,1,0,2024
9141,2024,Arad,Liceul Tehnologic Decebal,Urban,F,10.0,5.98,7.06,7.01,9.74,7.42,1,0,2024
9142,2024,Sibiu,Liceul Tehnologic Ion Barbu,Rural,F,5.35,8.36,2.65,8.3,4.7,5.79,0,0,2024
9143,2024,Dambovita,Liceul Tehnologic Spiru Haret,Urban,F,7.16,9.17,10.0,8.89,6.26,8.74,1,0,2024
9144,2024,Suceava,Liceul Tehnologic Marin Preda,Urban,M,10.0,10.0,6.92,8.34,7.31,8.42,1,0,2024
9145,2024,Constanta,Liceul Tehnologic Alexandru Ioan Cuza,Urban,M,8.01,7.5,7.11,7.31,8.39,7.54,1,0,2024
9146,2024,Dambovita,Colegiul National George Cosbuc,Urban,F,9.41,8.4,5.84,9.94,8.85,8.03,1,0,2024
9147,2024,Teleorman,Colegiul Tehnic Regina Maria,Rural,M,7.56,10.0,5.86,7.52,8.11,7.86,1,0,2024
9148,2024,Covasna,Colegiul National Regina Maria,Urban,M,9.58,5.3,5.9,9.76,6.5,6.76,1,0,2024
9149,2024,Calarasi,Colegiul Economic Marin Preda,Urban,F,10.0,6.58,4.74,7.13,7.47,6.59,0,0,2024
9150,2024,Botosani,Liceul Pedagogic Lucian Blaga,Urban,F,7.81,7.72,7.95,9.36,7.91,8.07,1,0,2024
9151,2024,Bacau,Liceul Teoretic George Cosbuc,Rural,M,5.94,7.8,4.56,5.93,7.51,6.32,0,1,2024
9152,2024,Brasov,Liceul Teoretic George Cosbuc,Urban,F,9.1,8.07,4.09,8.41,7.01,6.87,0,0,2024
9153,2024,Arad,Liceul Tehnologic Spiru Haret,Rural,F,4.9,6.01,3.2,1.7,10.0,5.01,0,0,2024
9154,2024,Brasov,Liceul de Arte Nicolae Balcescu,Rural,M,5.51,8.97,7.87,2.38,7.41,7.07,0,0,2024
9155,2024,Arges,Scoala Nationala Mihai Eminescu,Urban,F,9.02,8.51,8.18,7.74,9.34,8.47,1,0,2024
9156,2024,Vaslui,Liceul Teoretic Decebal,Urban,M,8.91,9.36,7.69,8.12,7.67,8.37,1,0,2024
9157,2024,Giurgiu,Scoala Nationala Ion Luca Caragiale,Urban,F,9.1,8.3,4.16,4.9,4.3,6.03,0,0,2024
9158,2024,Hunedoara,Scoala Nationala Alexandru Ioan Cuza,Rural,F,6.24,2.77,4.84,7.61,6.97,5.09,0,0,2024
9159,2024,Ialomita,Liceul de Arte Ana Ipatescu,Rural,F,8.5,7.18,10.0,6.51,7.03,8.04,1,0,2024
9160,2024,Mures,Colegiul National Marin Preda,Rural,F,8.62,7.28,5.04,6.89,9.8,7.06,1,0,2024
9161,2024,Dambovita,Liceul Pedagogic Mihai Viteazul,Rural,M,8.38,5.98,7.09,10.0,8.12,7.48,1,0,2024
9162,2024,Tulcea,Liceul de Arte Spiru Haret,Rural,M,7.63,7.35,5.52,8.6,6.43,6.88,1,0,2024
9163,2024,Maramures,Liceul de Arte Ion Luca Caragiale,Rural,F,8.55,10.0,2.4,6.69,5.56,6.41,0,1,2024
9164,2024,Bihor,Liceul Teoretic Mihai Viteazul,Urban,F,8.15,3.21,5.45,5.81,9.93,5.77,0,0,2024
9165,2024,Olt,Liceul Tehnologic Regina Maria,Urban,F,10.0,7.98,6.15,7.93,7.73,7.59,1,0,2024
9166,2024,Bacau,Colegiul National Octavian Goga,Rural,M,9.31,8.12,6.28,9.9,5.0,7.49,1,0,2024
9167,2024,Arges,Liceul de Arte Alexandru Ioan Cuza,Urban,F,7.37,8.72,7.86,6.36,6.5,7.64,1,0,2024
9168,2024,Suceava,Liceul Sportiv Traian,Urban,F,9.98,7.76,7.62,8.29,8.19,8.08,1,0,2024
9169,2024,Prahova,Liceul Teoretic Regina Maria,Rural,M,7.69,7.02,4.22,1.72,4.3,5.04,0,0,2024
9170,2024,Bacau,Liceul Sportiv Lucian Blaga,Rural,F,9.06,7.4,5.0,10.0,9.66,7.58,1,0,2024
9171,2024,Olt,Liceul Pedagogic Alexandru Ioan Cuza,Urban,F,8.7,8.08,5.28,1.15,7.34,6.15,0,0,2024
9172,2024,Valcea,Colegiul Tehnic Decebal,Urban,F,7.99,7.85,4.82,4.64,2.7,5.7,0,0,2024
9173,2024,Botosani,Colegiul Tehnic Stefan cel Mare,Rural,F,6.92,9.03,6.78,7.6,10.0,8.07,1,0,2024
9174,2024,Vrancea,Liceul de Arte Ana Ipatescu,Rural,M,8.26,9.97,7.88,7.28,5.74,8.13,1,0,2024
9175,2024,Vrancea,Liceul Sportiv George Cosbuc,Urban,F,6.47,6.32,9.63,5.0,7.66,7.33,1,0,2024
9176,2024,Teleorman,Liceul Teoretic Regina Maria,Rural,M,3.05,5.57,10.0,2.23,2.97,5.76,0,0,2024
9177,2024,Covasna,Liceul Sportiv Ion Luca Caragiale,Urban,F,7.2,8.75,8.15,7.3,6.29,7.83,1,0,2024
9178,2024,Teleorman,Scoala Nationala Mircea cel Batran,Urban,M,7.39,3.11,6.41,4.81,4.34,4.97,0,0,2024
9179,2024,Bacau,Liceul Sportiv Ioan Slavici,Urban,M,8.61,5.09,7.06,4.16,7.13,6.2,0,0,2024
9180,2024,Bacau,Colegiul Economic Avram Iancu,Rural,F,5.85,2.22,4.12,4.1,5.85,3.98,0,0,2024
9181,2024,Mures,Colegiul National Dimitrie Cantemir,Rural,M,7.83,1.6,6.87,7.28,5.55,5.25,0,1,2024
9182,2024,Ilfov,Scoala Nationala Onisifor Ghibu,Rural,M,6.45,9.62,6.91,8.35,4.42,7.52,0,0,2024
9183,2024,Prahova,Colegiul National Gheorghe Sincai,Rural,F,6.25,3.81,4.14,9.08,5.5,5.2,0,0,2024
9184,2024,Cluj,Liceul Teoretic Mihai Viteazul,Rural,M,8.03,6.88,5.0,8.98,10.0,7.21,1,0,2024
9185,2024,Braila,Colegiul Tehnic Nicolae Balcescu,Urban,F,8.3,5.09,5.72,7.91,7.02,6.31,1,0,2024
9186,2024,Alba,Colegiul National Vasile Alecsandri,Urban,F,6.91,9.48,5.44,8.7,6.27,7.41,1,0,2024
9187,2024,Calarasi,Colegiul Economic Octavian Goga,Urban,M,9.38,7.72,6.85,7.06,9.22,7.75,1,0,2024
9188,2024,Galati,Liceul Tehnologic Stefan cel Mare,Urban,M,7.54,8.01,8.43,8.2,8.99,8.26,1,0,2024
9189,2024,Olt,Liceul Pedagogic Ion Barbu,Rural,M,5.58,4.15,2.53,10.0,8.78,5.38,0,0,2024
9190,2024,Maramures,Liceul de Arte Spiru Haret,Urban,F,8.54,5.17,8.4,10.0,7.8,7.6,1,0,2024
9191,2024,Arad,Scoala Nationala Ioan Slavici,Urban,F,10.0,9.74,6.55,9.97,6.98,8.43,1,0,2024
9192,2024,Buzau,Liceul Teoretic Regina Maria,Rural,F,7.72,2.33,3.4,5.78,7.12,4.43,0,1,2024
9193,2024,Bacau,Liceul Sportiv Unirea,Urban,M,9.1,7.61,9.79,8.67,7.62,8.57,1,0,2024
9194,2024,Salaj,Scoala Nationala Dimitrie Cantemir,Urban,F,8.0,5.22,4.98,7.66,8.71,6.32,0,0,2024
9195,2024,Olt,Liceul Sportiv Alexandru Ioan Cuza,Urban,F,5.68,9.97,8.3,7.27,5.08,7.9,0,1,2024
9196,2024,Sibiu,Liceul Pedagogic Unirea,Urban,M,9.74,9.02,8.73,7.17,7.35,8.48,1,0,2024
9197,2024,Covasna,Scoala Nationala George Cosbuc,Urban,F,8.71,8.17,3.75,6.7,10.0,6.95,0,0,2024
9198,2024,Bistrita-Nasaud,Colegiul National Unirea,Rural,F,7.09,6.87,6.8,5.44,7.93,6.82,1,0,2024
9199,2024,Mures,Liceul de Arte Ion Luca Caragiale,Urban,F,8.13,9.03,2.66,7.8,1.37,5.7,0,0,2024
9200,2024,Dolj,Colegiul Economic George Cosbuc,Rural,M,6.67,7.19,5.71,6.45,6.37,6.46,1,0,2024
9201,2024,Braila,Liceul Sportiv Marin Preda,Rural,F,6.36,10.0,6.32,7.09,3.75,7.16,0,0,2024
9202,2024,Vrancea,Liceul Tehnologic Ion Barbu,Urban,M,7.16,6.05,6.14,6.65,5.89,6.25,1,0,2024
9203,2024,Bacau,Liceul Pedagogic Octavian Goga,Rural,M,8.83,8.38,6.91,9.64,8.49,8.19,1,0,2024
9204,2024,Bacau,Liceul de Arte Unirea,Urban,F,7.83,9.8,9.1,7.94,7.83,8.82,1,0,2024
9205,2024,Bistrita-Nasaud,Liceul de Arte Ion Barbu,Urban,F,10.0,6.56,8.23,6.91,8.79,7.79,1,0,2024
9206,2024,Dolj,Scoala Nationala George Cosbuc,Urban,M,8.98,9.27,7.97,7.83,8.76,8.56,1,0,2024
9207,2024,Suceava,Colegiul Tehnic Traian,Urban,F,8.29,10.0,7.1,7.56,5.46,7.91,1,0,2024
9208,2024,Mehedinti,Liceul Teoretic Vasile Alecsandri,Urban,F,10.0,10.0,10.0,7.15,7.92,9.26,1,0,2024
9209,2024,Mehedinti,Liceul Sportiv Mircea cel Batran,Rural,M,9.41,7.44,5.0,5.9,7.95,6.75,1,0,2024
9210,2024,Galati,Colegiul Tehnic Octavian Goga,Urban,F,8.24,6.07,6.57,7.47,8.38,6.99,1,0,2024
9211,2024,Maramures,Scoala Nationala Regina Maria,Urban,F,6.45,2.32,2.51,6.65,6.24,4.03,0,1,2024
9212,2024,Bistrita-Nasaud,Liceul Teoretic Traian,Rural,M,3.57,8.83,7.42,7.45,4.95,7.09,0,0,2024
9213,2024,Ialomita,Colegiul National Tudor Vladimirescu,Urban,M,6.89,7.42,6.58,8.55,9.32,7.57,1,0,2024
9214,2024,Mures,Colegiul Economic Marin Preda,Urban,M,7.03,10.0,6.83,8.94,9.22,8.48,1,0,2024
9215,2024,Arges,Liceul Teoretic Mircea cel Batran,Urban,M,9.66,9.37,8.5,9.65,6.66,8.77,1,0,2024
9216,2024,Olt,Liceul Pedagogic Marin Preda,Urban,M,7.59,7.52,7.99,9.84,6.69,7.89,1,0,2024
9217,2024,Bihor,Scoala Nationala Spiru Haret,Urban,F,5.89,5.91,3.61,7.22,6.3,5.47,0,0,2024
9218,2024,Harghita,Liceul Tehnologic Vasile Alecsandri,Urban,F,8.97,8.11,8.79,6.66,8.77,8.28,1,0,2024
9219,2024,Bihor,Colegiul Economic Ion Luca Caragiale,Rural,M,7.58,5.33,5.84,10.0,6.69,6.61,1,0,2024
9220,2024,Bacau,Liceul Sportiv Dimitrie Cantemir,Urban,M,7.71,8.55,6.38,6.15,9.53,7.6,1,0,2024
9221,2024,Cluj,Liceul Teoretic Onisifor Ghibu,Urban,F,7.42,7.66,4.9,5.89,5.59,6.23,0,0,2024
9222,2024,Arad,Colegiul Economic Ion Luca Caragiale,Rural,M,6.35,5.73,8.28,3.37,4.0,5.94,0,0,2024
9223,2024,Valcea,Colegiul Economic Mihai Viteazul,Urban,F,9.55,7.41,8.75,6.44,6.42,7.73,1,0,2024
9224,2024,Gorj,Liceul Sportiv Vasile Alecsandri,Urban,F,7.64,9.83,5.58,5.67,3.37,6.74,0,0,2024
9225,2024,Ialomita,Colegiul Economic Traian,Rural,F,9.51,7.52,8.32,7.14,5.87,7.65,1,0,2024
9226,2024,Calarasi,Liceul Teoretic Regina Maria,Rural,M,8.09,4.14,8.15,5.08,7.88,6.44,0,1,2024
9227,2024,Bistrita-Nasaud,Liceul Pedagogic Gheorghe Sincai,Urban,F,8.13,7.3,8.74,10.0,6.53,8.1,1,0,2024
9228,2024,Timis,Liceul Tehnologic Gheorghe Sincai,Urban,F,8.84,7.35,9.25,8.64,6.46,8.13,1,0,2024
9229,2024,Alba,Liceul de Arte Lucian Blaga,Urban,M,6.0,10.0,2.63,6.62,6.41,6.34,0,0,2024
9230,2024,Giurgiu,Colegiul National Nicolae Balcescu,Rural,F,8.17,6.41,5.55,5.84,7.37,6.39,1,0,2024
9231,2024,Bistrita-Nasaud,Scoala Nationala Avram Iancu,Urban,F,7.67,7.68,5.06,5.65,4.28,6.08,0,1,2024
9232,2024,Satu Mare,Liceul de Arte Stefan cel Mare,Rural,F,6.79,8.4,6.55,9.3,9.14,7.93,1,0,2024
9233,2024,Vrancea,Scoala Nationala Mihai Viteazul,Urban,M,7.62,3.39,7.04,9.15,8.14,6.48,0,0,2024
9234,2024,Tulcea,Liceul Teoretic Unirea,Urban,F,8.09,6.55,3.73,8.26,6.65,6.13,0,0,2024
9235,2024,Harghita,Liceul Teoretic George Cosbuc,Urban,F,8.04,5.94,10.0,7.61,6.32,7.68,1,0,2024
9236,2024,Dambovita,Colegiul National Dimitrie Cantemir,Rural,F,5.28,3.6,6.97,5.39,5.5,5.33,0,1,2024
9237,2024,Covasna,Liceul Teoretic Mihai Eminescu,Urban,F,6.84,5.03,5.59,7.3,5.19,5.74,1,0,2024
9238,2024,Salaj,Liceul Teoretic Traian,Rural,M,7.63,5.0,7.52,8.44,7.8,6.96,1,0,2024
9239,2024,Timis,Liceul Pedagogic Nicolae Balcescu,Urban,F,8.25,9.17,5.98,8.19,6.76,7.61,1,0,2024
9240,2024,Maramures,Colegiul National Onisifor Ghibu,Urban,F,8.33,6.82,6.11,7.47,8.55,7.11,1,0,2024
9241,2024,Iasi,Colegiul National George Cosbuc,Rural,M,7.63,7.39,6.08,6.77,7.53,6.95,1,0,2024
9242,2024,Ilfov,Liceul Sportiv Traian,Urban,M,7.22,6.25,10.0,8.06,6.92,7.84,1,0,2024
9243,2024,Bistrita-Nasaud,Liceul Teoretic Ion Barbu,Urban,F,6.92,8.66,5.54,7.51,6.21,7.01,1,0,2024
9244,2024,Constanta,Liceul Tehnologic Bogdan Voda,Rural,F,10.0,9.23,7.03,7.84,6.08,7.97,1,0,2024
9245,2024,Vaslui,Colegiul Tehnic Ion Luca Caragiale,Urban,F,8.83,9.61,5.59,7.96,7.91,7.82,1,0,2024
9246,2024,Bistrita-Nasaud,Colegiul National Nicolae Balcescu,Rural,M,8.52,4.18,6.58,10.0,6.59,6.57,0,0,2024
9247,2024,Maramures,Colegiul Tehnic Avram Iancu,Urban,M,8.13,8.0,3.77,10.0,7.18,6.92,0,0,2024
9248,2024,Maramures,Liceul de Arte Tudor Vladimirescu,Urban,M,8.36,7.92,8.18,6.39,7.66,7.77,1,0,2024
9249,2024,Braila,Liceul Sportiv Avram Iancu,Urban,F,6.3,8.76,5.54,4.9,4.91,6.39,0,0,2024
9250,2024,Gorj,Colegiul Tehnic Alexandru Ioan Cuza,Rural,F,7.85,7.63,7.86,6.49,7.7,7.56,1,0,2024
9251,2024,Dolj,Colegiul Tehnic Avram Iancu,Urban,F,7.16,8.08,8.55,8.21,10.0,8.44,1,0,2024
9252,2024,Olt,Liceul de Arte Ion Luca Caragiale,Urban,F,8.08,7.39,5.1,8.7,8.56,7.14,1,0,2024
9253,2024,Giurgiu,Colegiul National Decebal,Rural,F,6.2,6.26,6.67,9.42,7.1,6.98,1,0,2024
9254,2024,Bistrita-Nasaud,Liceul Tehnologic Octavian Goga,Rural,F,10.0,7.86,4.95,8.19,7.67,7.22,0,0,2024
9255,2024,Buzau,Colegiul Economic Alexandru Ioan Cuza,Urban,M,9.23,8.33,6.44,8.09,8.43,7.83,1,0,2024
9256,2024,Valcea,Scoala Nationala Alexandru Ioan Cuza,Urban,F,8.04,7.58,7.09,9.24,8.78,7.91,1,0,2024
9257,2024,Vrancea,Scoala Nationala Nicolae Balcescu,Urban,F,4.72,7.31,2.64,6.31,8.23,5.64,0,0,2024
9258,2024,Valcea,Scoala Nationala Marin Preda,Urban,F,8.18,5.93,4.9,8.09,6.12,6.2,0,0,2024
9259,2024,Ialomita,Liceul Pedagogic Spiru Haret,Urban,M,8.28,6.84,5.0,7.58,6.09,6.43,1,0,2024
9260,2024,Valcea,Liceul Tehnologic Dimitrie Cantemir,Rural,F,6.29,1.0,5.74,7.07,7.32,4.81,0,0,2024
9261,2024,Covasna,Liceul Sportiv Bogdan Voda,Rural,F,9.37,9.52,5.85,8.15,6.99,7.82,1,0,2024
9262,2024,Olt,Liceul Sportiv Traian,Rural,M,9.76,9.54,5.77,9.09,8.4,8.19,1,0,2024
9263,2024,Dambovita,Liceul Teoretic Grigore Moisil,Rural,F,7.15,9.0,7.15,4.8,7.86,7.46,0,0,2024
9264,2024,Covasna,Liceul de Arte Tudor Vladimirescu,Urban,M,7.55,6.95,6.9,8.76,5.27,7.01,1,0,2024
9265,2024,Olt,Liceul Sportiv Vasile Alecsandri,Rural,M,9.19,8.89,4.21,9.84,6.05,7.23,0,1,2024
9266,2024,Ilfov,Colegiul Tehnic Emil Racovita,Rural,F,8.01,5.48,7.4,1.0,6.72,5.82,0,0,2024
9267,2024,Calarasi,Colegiul National Vasile Alecsandri,Rural,M,6.35,8.1,8.46,7.96,5.63,7.64,1,0,2024
9268,2024,Timis,Colegiul Tehnic Spiru Haret,Urban,M,6.27,6.28,8.43,10.0,7.17,7.62,1,0,2024
9269,2024,Bihor,Liceul Tehnologic Mihai Eminescu,Rural,F,6.83,6.41,5.94,6.13,6.6,6.3,1,0,2024
9270,2024,Braila,Colegiul Tehnic Ion Barbu,Urban,F,8.31,8.44,7.11,7.76,7.25,7.75,1,0,2024
9271,2024,Cluj,Colegiul National Emil Racovita,Rural,M,7.35,6.8,8.88,8.72,6.81,7.77,1,0,2024
9272,2024,Mehedinti,Colegiul Economic Dimitrie Cantemir,Rural,M,7.58,6.66,7.88,9.18,7.5,7.62,1,0,2024
9273,2024,Satu Mare,Liceul Pedagogic Traian,Urban,M,10.0,7.8,7.53,8.91,5.79,7.8,1,0,2024
9274,2024,Dambovita,Liceul Sportiv Lucian Blaga,Rural,M,7.75,4.47,2.7,8.58,4.7,4.92,0,0,2024
9275,2024,Botosani,Liceul Teoretic George Cosbuc,Urban,M,7.86,9.94,2.4,8.31,3.39,6.24,0,0,2024
9276,2024,Harghita,Liceul de Arte Mihai Eminescu,Urban,F,7.68,7.03,7.3,1.81,7.9,6.52,0,0,2024
9277,2024,Ilfov,Liceul Pedagogic Grigore Moisil,Urban,M,10.0,6.81,6.58,10.0,8.38,7.77,1,0,2024
9278,2024,Mehedinti,Liceul Teoretic Grigore Moisil,Urban,M,8.4,8.81,6.25,8.85,7.21,7.77,1,0,2024
9279,2024,Alba,Colegiul Tehnic Avram Iancu,Rural,M,10.0,8.41,5.45,9.75,8.64,7.92,1,0,2024
9280,2024,Mehedinti,Liceul Teoretic Bogdan Voda,Rural,M,7.31,5.01,9.84,7.89,5.42,7.18,1,0,2024
9281,2024,Brasov,Colegiul Economic Octavian Goga,Rural,F,9.34,6.84,8.92,4.9,6.0,7.3,0,0,2024
9282,2024,Galati,Liceul Tehnologic Stefan cel Mare,Rural,M,9.31,5.06,5.04,1.3,7.22,5.24,0,0,2024
9283,2024,Valcea,Colegiul National Ion Luca Caragiale,Urban,F,9.22,6.34,7.14,6.94,9.24,7.39,1,0,2024
9284,2024,Gorj,Colegiul National Spiru Haret,Urban,F,7.86,7.99,8.12,7.11,7.91,7.87,1,0,2024
9285,2024,Suceava,Colegiul Tehnic Regina Maria,Urban,M,6.66,9.11,8.6,8.77,9.3,8.69,1,0,2024
9286,2024,Constanta,Liceul Teoretic Ana Ipatescu,Rural,F,7.67,6.66,2.8,8.43,5.48,5.69,0,0,2024
9287,2024,Covasna,Colegiul Tehnic Vasile Alecsandri,Urban,F,4.61,5.66,4.12,3.67,9.81,5.42,0,0,2024
9288,2024,Alba,Scoala Nationala Ana Ipatescu,Urban,M,7.43,4.43,4.18,4.7,5.93,4.92,0,0,2024
9289,2024,Brasov,Liceul Sportiv Ioan Slavici,Urban,M,7.22,7.18,5.64,9.18,9.48,7.37,0,1,2024
9290,2024,Vrancea,Liceul Teoretic Ioan Slavici,Rural,F,6.89,4.51,5.36,1.0,7.03,4.85,0,0,2024
9291,2024,Botosani,Colegiul National Regina Maria,Urban,M,8.11,6.6,8.16,8.56,8.01,7.72,1,0,2024
9292,2024,Bacau,Liceul Pedagogic Unirea,Rural,M,9.19,9.79,6.9,6.33,6.75,7.89,1,0,2024
9293,2024,Arad,Colegiul National Unirea,Urban,M,8.0,7.03,10.0,6.78,8.27,8.17,1,0,2024
9294,2024,Prahova,Colegiul Tehnic Vasile Alecsandri,Rural,F,5.72,4.39,4.28,3.72,7.71,4.89,0,0,2024
9295,2024,Ialomita,Liceul Pedagogic Ioan Slavici,Urban,M,8.98,8.28,7.11,8.2,10.0,8.24,1,0,2024
9296,2024,Covasna,Liceul Sportiv George Cosbuc,Urban,M,8.92,7.41,6.37,7.43,10.0,7.64,1,0,2024
9297,2024,Satu Mare,Colegiul National Mihai Viteazul,Rural,F,5.67,4.16,10.0,5.93,7.08,6.77,0,0,2024
9298,2024,Constanta,Liceul de Arte Nicolae Balcescu,Urban,F,7.15,7.84,5.51,9.46,9.37,7.54,1,0,2024
9299,2024,Giurgiu,Scoala Nationala Alexandru Ioan Cuza,Rural,M,9.06,7.6,8.46,7.31,6.15,7.74,1,0,2024
9300,2024,Gorj,Colegiul Economic Mihai Eminescu,Rural,M,4.9,6.51,5.19,5.51,6.57,5.81,0,0,2024
9301,2024,Neamt,Colegiul Economic Alexandru Ioan Cuza,Rural,F,3.89,6.1,5.36,4.43,6.09,5.4,0,0,2024
9302,2024,Constanta,Liceul de Arte Mihai Viteazul,Urban,F,6.82,5.95,8.29,7.19,10.0,7.53,1,0,2024
9303,2024,Galati,Liceul Sportiv Ion Barbu,Urban,F,8.54,8.19,6.0,6.59,10.0,7.6,1,0,2024
9304,2024,Covasna,Colegiul National Ioan Slavici,Rural,M,7.82,6.4,9.16,3.42,2.33,6.31,0,0,2024
9305,2024,Timis,Colegiul Tehnic Bogdan Voda,Urban,F,7.83,8.51,2.61,4.99,8.43,6.13,0,0,2024
9306,2024,Ialomita,Liceul Tehnologic Bogdan Voda,Urban,F,8.39,6.54,7.56,8.82,6.45,7.36,1,0,2024
9307,2024,Gorj,Liceul Teoretic Mihai Eminescu,Rural,F,10.0,10.0,5.93,9.44,6.61,8.19,1,0,2024
9308,2024,Bucuresti,Colegiul National Marin Preda,Urban,M,9.42,7.5,7.91,8.78,5.48,7.7,1,0,2024
9309,2024,Maramures,Colegiul National Spiru Haret,Rural,M,6.05,3.32,7.14,6.97,2.05,5.1,0,0,2024
9310,2024,Iasi,Liceul Tehnologic Vasile Alecsandri,Rural,F,8.95,6.24,9.33,5.68,9.76,7.88,1,0,2024
9311,2024,Harghita,Colegiul Tehnic Elena Cuza,Urban,M,1.55,6.28,9.33,6.92,8.98,7.22,0,0,2024
9312,2024,Neamt,Scoala Nationala Mihai Eminescu,Rural,F,7.15,7.35,8.23,4.21,6.49,6.99,0,0,2024
9313,2024,Timis,Liceul Teoretic Constantin Brancusi,Urban,M,6.58,8.09,7.2,5.88,7.22,7.21,1,0,2024
9314,2024,Neamt,Colegiul Economic Regina Maria,Urban,F,8.68,10.0,8.69,8.53,7.51,8.88,1,0,2024
9315,2024,Timis,Colegiul Economic Octavian Goga,Urban,M,8.21,6.61,5.92,7.86,8.1,6.97,1,0,2024
9316,2024,Tulcea,Colegiul National Avram Iancu,Urban,F,9.09,10.0,8.86,7.59,8.39,8.96,1,0,2024
9317,2024,Calarasi,Colegiul Economic Decebal,Urban,M,6.29,5.36,6.77,7.71,2.41,5.79,0,0,2024
9318,2024,Cluj,Colegiul Economic Alexandru Ioan Cuza,Urban,F,7.46,7.84,5.48,7.86,7.95,7.11,1,0,2024
9319,2024,Olt,Liceul Teoretic Stefan cel Mare,Rural,M,7.17,5.12,4.54,8.48,7.02,5.94,0,1,2024
9320,2024,Dolj,Scoala Nationala George Cosbuc,Urban,M,9.2,8.56,7.12,9.5,8.59,8.34,1,0,2024
9321,2024,Braila,Liceul Pedagogic Dimitrie Cantemir,Rural,F,6.93,4.31,4.06,7.24,3.68,4.84,0,0,2024
9322,2024,Calarasi,Liceul de Arte Emil Racovita,Urban,F,9.21,4.64,7.31,9.43,9.47,7.34,0,0,2024
9323,2024,Maramures,Colegiul National Emil Racovita,Rural,F,3.83,8.58,4.91,5.68,10.0,6.78,0,0,2024
9324,2024,Constanta,Liceul Sportiv Constantin Brancusi,Urban,F,3.64,8.44,9.74,7.49,6.04,7.85,0,1,2024
9325,2024,Bucuresti,Colegiul Tehnic Avram Iancu,Urban,M,9.62,7.7,8.49,7.85,7.16,8.07,1,0,2024
9326,2024,Teleorman,Liceul de Arte Lucian Blaga,Urban,M,8.63,6.72,10.0,8.67,10.0,8.68,1,0,2024
9327,2024,Neamt,Colegiul National Tudor Vladimirescu,Rural,F,8.64,8.97,5.0,7.98,6.71,7.26,1,0,2024
9328,2024,Valcea,Colegiul National Dimitrie Cantemir,Urban,F,8.85,7.7,6.1,6.84,7.87,7.23,1,0,2024
9329,2024,Maramures,Colegiul National Bogdan Voda,Urban,M,7.95,7.35,7.96,6.14,7.21,7.39,1,0,2024
9330,2024,Mures,Colegiul Economic Lucian Blaga,Urban,F,5.76,6.39,5.02,1.74,10.0,5.76,0,0,2024
9331,2024,Constanta,Liceul Teoretic Emil Racovita,Urban,F,8.87,8.23,6.22,6.64,8.39,7.48,1,0,2024
9332,2024,Ilfov,Scoala Nationala Mihai Viteazul,Urban,M,8.31,6.69,5.07,6.24,7.79,6.46,1,0,2024
9333,2024,Alba,Colegiul National Dimitrie Cantemir,Urban,F,7.68,7.36,9.76,7.11,9.47,8.39,1,0,2024
9334,2024,Covasna,Colegiul Tehnic Ion Luca Caragiale,Rural,M,9.1,4.24,7.61,7.67,8.37,6.87,0,0,2024
9335,2024,Hunedoara,Colegiul Tehnic Dimitrie Cantemir,Rural,M,8.27,6.57,6.75,9.73,6.65,7.28,1,0,2024
9336,2024,Mehedinti,Colegiul National Ioan Slavici,Urban,F,10.0,9.48,6.29,8.34,8.58,8.27,1,0,2024
9337,2024,Arges,Colegiul Tehnic Ana Ipatescu,Rural,F,10.0,10.0,9.57,9.67,6.66,9.32,1,0,2024
9338,2024,Teleorman,Liceul Sportiv Dimitrie Cantemir,Urban,F,8.2,7.7,9.12,10.0,9.04,8.72,1,0,2024
9339,2024,Valcea,Colegiul National Nicolae Balcescu,Urban,M,8.37,7.82,8.76,9.98,6.5,8.28,1,0,2024
9340,2024,Vaslui,Liceul Pedagogic Unirea,Rural,M,10.0,2.74,2.97,7.65,6.07,4.77,0,0,2024
9341,2024,Giurgiu,Colegiul Economic George Cosbuc,Rural,M,8.78,8.4,7.39,8.87,8.65,8.24,1,0,2024
9342,2024,Arges,Scoala Nationala Ana Ipatescu,Urban,M,9.48,6.84,8.54,9.8,7.29,8.13,1,0,2024
9343,2024,Cluj,Liceul Sportiv Ana Ipatescu,Urban,F,8.59,6.93,8.51,8.06,6.6,7.69,1,0,2024
9344,2024,Botosani,Colegiul National Ion Luca Caragiale,Rural,F,5.73,4.08,3.18,4.0,4.23,3.99,0,0,2024
9345,2024,Neamt,Colegiul National Unirea,Urban,F,7.61,8.33,6.57,7.94,8.45,7.69,1,0,2024
9346,2024,Maramures,Colegiul Tehnic Vasile Alecsandri,Rural,F,10.0,6.19,8.02,6.45,8.17,7.46,1,0,2024
9347,2024,Constanta,Liceul Tehnologic Traian,Urban,F,6.85,10.0,5.21,9.6,9.18,8.07,1,0,2024
9348,2024,Dambovita,Liceul Pedagogic Gheorghe Sincai,Urban,M,10.0,3.0,3.32,8.23,5.62,4.97,0,0,2024
9349,2024,Botosani,Liceul Teoretic Emil Racovita,Urban,M,8.57,6.2,6.62,5.83,5.96,6.47,1,0,2024
9350,2024,Calarasi,Liceul Teoretic Marin Preda,Rural,F,8.24,9.86,7.49,9.99,8.63,8.82,1,0,2024
9351,2024,Harghita,Liceul Pedagogic Unirea,Rural,F,9.07,6.26,6.75,7.36,5.41,6.73,1,0,2024
9352,2024,Vrancea,Scoala Nationala Vasile Alecsandri,Rural,F,8.44,3.73,3.96,6.34,9.38,5.51,0,1,2024
9353,2024,Bacau,Liceul Tehnologic Ioan Slavici,Urban,F,8.4,7.56,9.04,8.86,10.0,8.65,1,0,2024
9354,2024,Timis,Liceul Sportiv Nicolae Balcescu,Urban,M,7.29,6.09,10.0,5.85,7.63,7.58,1,0,2024
9355,2024,Valcea,Colegiul National Onisifor Ghibu,Urban,F,7.65,8.24,7.52,8.34,9.88,8.23,1,0,2024
9356,2024,Arad,Liceul Sportiv Decebal,Urban,F,8.64,7.41,9.9,9.15,9.68,8.88,1,0,2024
9357,2024,Mures,Liceul Pedagogic Elena Cuza,Urban,M,7.72,8.51,3.93,6.41,5.99,6.36,0,1,2024
9358,2024,Bistrita-Nasaud,Colegiul Economic Dimitrie Cantemir,Urban,F,9.05,10.0,10.0,8.66,9.02,9.56,1,0,2024
9359,2024,Mures,Liceul de Arte George Cosbuc,Rural,F,9.88,6.91,7.2,7.08,5.0,7.03,1,0,2024
9360,2024,Braila,Liceul Teoretic Emil Racovita,Urban,M,6.4,7.94,3.54,10.0,8.53,6.86,0,0,2024
9361,2024,Cluj,Liceul Pedagogic Mihai Viteazul,Rural,M,9.0,8.11,9.96,7.52,8.88,8.78,1,0,2024
9362,2024,Vaslui,Colegiul Economic Ion Luca Caragiale,Urban,F,7.9,5.7,8.72,7.14,7.86,7.37,1,0,2024
9363,2024,Giurgiu,Liceul Pedagogic Spiru Haret,Rural,M,6.18,8.17,7.39,6.57,7.21,7.35,1,0,2024
9364,2024,Ialomita,Liceul Tehnologic Regina Maria,Rural,M,5.84,2.16,3.57,5.73,5.29,3.96,0,0,2024
9365,2024,Braila,Liceul Teoretic Ioan Slavici,Rural,F,9.68,9.68,6.29,8.7,9.25,8.45,1,0,2024
9366,2024,Cluj,Scoala Nationala Regina Maria,Rural,M,6.68,7.11,6.21,7.43,4.16,6.4,0,0,2024
9367,2024,Constanta,Liceul Tehnologic Tudor Vladimirescu,Rural,M,5.69,5.2,7.64,5.54,5.12,6.02,1,0,2024
9368,2024,Covasna,Liceul Pedagogic Dimitrie Cantemir,Urban,F,7.89,10.0,10.0,9.14,9.03,9.51,1,0,2024
9369,2024,Sibiu,Liceul Tehnologic Vasile Alecsandri,Urban,F,7.97,4.64,4.74,7.85,5.58,5.63,0,0,2024
9370,2024,Teleorman,Colegiul Tehnic Vasile Alecsandri,Rural,F,8.14,6.47,7.66,6.26,7.36,7.1,1,0,2024
9371,2024,Cluj,Liceul Pedagogic Mihai Viteazul,Rural,F,4.2,3.18,3.83,7.09,4.84,4.31,0,0,2024
9372,2024,Olt,Scoala Nationala Bogdan Voda,Rural,M,8.26,7.17,4.59,6.93,5.51,6.22,0,1,2024
9373,2024,Dambovita,Colegiul National Tudor Vladimirescu,Urban,M,8.04,6.08,7.03,9.51,4.78,6.88,0,0,2024
9374,2024,Dambovita,Liceul Tehnologic Ana Ipatescu,Urban,M,7.58,7.24,8.09,8.62,8.27,7.89,1,0,2024
9375,2024,Iasi,Colegiul Tehnic Traian,Rural,F,8.39,9.95,10.0,8.03,7.95,9.22,1,0,2024
9376,2024,Suceava,Liceul Sportiv Octavian Goga,Rural,F,8.78,10.0,1.62,8.97,2.32,6.06,0,0,2024
9377,2024,Olt,Colegiul National Ana Ipatescu,Urban,F,9.04,9.53,6.73,7.59,8.1,8.14,1,0,2024
9378,2024,Calarasi,Liceul Sportiv Nicolae Balcescu,Urban,M,9.23,7.33,6.94,6.52,6.72,7.19,1,0,2024
9379,2024,Valcea,Liceul Tehnologic Ion Barbu,Rural,M,8.16,7.87,5.74,6.14,10.0,7.32,1,0,2024
9380,2024,Bistrita-Nasaud,Colegiul National George Cosbuc,Urban,F,6.98,5.93,2.9,8.08,10.0,6.06,0,0,2024
9381,2024,Arges,Scoala Nationala Vasile Alecsandri,Rural,F,6.8,5.71,6.21,7.08,1.41,5.53,0,0,2024
9382,2024,Ilfov,Liceul Sportiv Ioan Slavici,Rural,M,8.14,10.0,5.72,6.29,7.99,7.67,0,1,2024
9383,2024,Timis,Liceul de Arte Mircea cel Batran,Rural,F,8.18,6.75,7.3,8.62,8.4,7.59,1,0,2024
9384,2024,Ialomita,Colegiul National Nicolae Balcescu,Urban,M,8.23,9.99,5.55,6.03,7.22,7.47,1,0,2024
9385,2024,Salaj,Liceul Sportiv Constantin Brancusi,Urban,F,9.2,6.6,10.0,7.08,7.92,8.15,1,0,2024
9386,2024,Vrancea,Colegiul Tehnic Bogdan Voda,Rural,M,8.37,5.67,6.37,8.61,7.71,6.9,1,0,2024
9387,2024,Bucuresti,Scoala Nationala Dimitrie Cantemir,Rural,F,9.11,6.0,8.37,7.21,9.02,7.66,1,0,2024
9388,2024,Brasov,Liceul Teoretic Ion Luca Caragiale,Rural,M,7.75,6.49,7.67,6.51,10.0,7.5,1,0,2024
9389,2024,Cluj,Liceul Pedagogic Bogdan Voda,Urban,F,7.77,4.77,5.78,6.38,5.57,5.73,0,0,2024
9390,2024,Calarasi,Scoala Nationala Decebal,Rural,F,8.14,10.0,9.71,8.52,7.81,9.18,1,0,2024
9391,2024,Bucuresti,Liceul Teoretic Traian,Urban,M,9.2,10.0,5.93,10.0,8.66,8.5,1,0,2024
9392,2024,Arges,Liceul Tehnologic Nicolae Balcescu,Rural,F,8.96,5.06,7.19,4.98,6.7,6.32,0,1,2024
9393,2024,Dambovita,Liceul de Arte Marin Preda,Urban,M,8.07,6.57,8.62,6.32,3.38,6.82,0,0,2024
9394,2024,Brasov,Liceul Tehnologic Unirea,Rural,M,7.35,10.0,10.0,9.0,8.53,9.36,1,0,2024
9395,2024,Galati,Liceul de Arte George Cosbuc,Urban,F,7.04,8.89,5.85,8.61,7.95,7.61,1,0,2024
9396,2024,Salaj,Colegiul Tehnic Mircea cel Batran,Rural,M,7.07,6.87,7.87,5.1,4.75,6.61,0,0,2024
9397,2024,Calarasi,Colegiul Economic Stefan cel Mare,Urban,M,7.84,6.89,7.55,10.0,7.16,7.69,1,0,2024
9398,2024,Dambovita,Liceul Teoretic Bogdan Voda,Urban,M,9.35,9.05,8.03,4.72,2.1,7.08,0,0,2024
9399,2024,Valcea,Liceul Tehnologic Spiru Haret,Urban,M,4.96,7.4,9.05,8.41,5.41,7.5,0,0,2024
9400,2024,Neamt,Colegiul Tehnic Ana Ipatescu,Urban,M,10.0,8.47,5.0,6.27,6.63,6.98,1,0,2024
9401,2024,Suceava,Colegiul National Ana Ipatescu,Urban,F,7.55,10.0,8.93,9.46,8.02,9.06,1,0,2024
9402,2024,Calarasi,Colegiul Tehnic Ion Luca Caragiale,Urban,M,6.94,7.99,5.0,8.79,8.97,7.26,1,0,2024
9403,2024,Ilfov,Liceul Pedagogic Lucian Blaga,Rural,M,7.27,10.0,10.0,7.18,7.14,8.88,1,0,2024
9404,2024,Giurgiu,Colegiul Economic Tudor Vladimirescu,Rural,M,8.79,6.82,10.0,6.13,7.45,7.96,1,0,2024
9405,2024,Constanta,Colegiul Tehnic Grigore Moisil,Rural,M,9.19,8.42,10.0,7.12,4.61,8.2,0,1,2024
9406,2024,Prahova,Liceul Sportiv Regina Maria,Rural,M,3.34,4.72,5.87,8.84,7.79,6.01,0,0,2024
9407,2024,Ialomita,Colegiul National Spiru Haret,Urban,M,6.64,7.59,7.31,5.07,5.17,6.67,1,0,2024
9408,2024,Teleorman,Colegiul Economic George Cosbuc,Urban,M,7.92,6.53,5.0,7.95,7.69,6.6,1,0,2024
9409,2024,Harghita,Liceul de Arte Constantin Brancusi,Urban,M,9.34,5.86,5.8,8.79,7.85,6.93,1,0,2024
9410,2024,Dambovita,Colegiul Economic Grigore Moisil,Urban,M,9.14,9.55,6.72,5.98,5.63,7.54,1,0,2024
9411,2024,Timis,Liceul Tehnologic Mihai Viteazul,Rural,F,8.28,7.0,5.28,10.0,10.0,7.51,1,0,2024
9412,2024,Bihor,Liceul de Arte Marin Preda,Urban,M,8.18,5.76,5.79,7.51,8.22,6.64,1,0,2024
9413,2024,Botosani,Liceul Sportiv Unirea,Rural,F,7.74,7.94,5.0,9.99,8.61,7.45,1,0,2024
9414,2024,Olt,Liceul de Arte Traian,Urban,F,7.91,9.6,9.38,6.35,7.56,8.57,1,0,2024
9415,2024,Mures,Liceul Tehnologic Constantin Brancusi,Urban,M,9.8,3.96,5.58,9.14,7.72,6.37,0,0,2024
9416,2024,Ialomita,Liceul Tehnologic Gheorghe Sincai,Rural,F,8.52,7.87,8.26,7.57,6.93,7.87,1,0,2024
9417,2024,Braila,Liceul Teoretic Ioan Slavici,Urban,M,8.97,8.37,8.31,10.0,10.0,8.9,1,0,2024
9418,2024,Vaslui,Liceul de Arte Nicolae Balcescu,Urban,M,8.44,10.0,7.43,6.81,7.98,8.29,1,0,2024
9419,2024,Buzau,Liceul Teoretic Octavian Goga,Rural,M,6.45,5.75,4.53,10.0,6.72,6.24,0,0,2024
9420,2024,Vaslui,Liceul Teoretic Constantin Brancusi,Urban,M,6.45,2.37,2.75,6.7,10.0,4.69,0,0,2024
9421,2024,Galati,Scoala Nationala Stefan cel Mare,Rural,M,10.0,6.36,6.4,8.47,9.18,7.48,1,0,2024
9422,2024,Tulcea,Colegiul Economic Ana Ipatescu,Urban,F,6.97,8.31,6.53,6.55,8.22,7.36,0,1,2024
9423,2024,Arad,Liceul Teoretic George Cosbuc,Rural,F,9.26,4.75,4.89,9.29,6.31,6.16,0,0,2024
9424,2024,Valcea,Scoala Nationala Onisifor Ghibu,Urban,F,7.79,7.31,6.8,9.67,8.26,7.7,1,0,2024
9425,2024,Mures,Colegiul Economic Constantin Brancusi,Urban,M,7.98,7.51,6.93,9.21,6.65,7.51,1,0,2024
9426,2024,Alba,Liceul Sportiv Ion Barbu,Rural,F,6.67,8.16,8.84,7.47,8.65,8.18,1,0,2024
9427,2024,Bihor,Liceul Sportiv Decebal,Rural,M,6.84,7.24,1.76,8.14,6.34,5.56,0,0,2024
9428,2024,Bacau,Colegiul Economic Octavian Goga,Urban,F,9.8,8.13,8.29,6.77,7.82,8.09,1,0,2024
9429,2024,Salaj,Colegiul Economic Stefan cel Mare,Rural,F,6.97,6.14,4.83,5.7,3.84,5.42,0,0,2024
9430,2024,Prahova,Liceul de Arte Octavian Goga,Urban,F,9.12,7.66,8.78,8.13,9.49,8.49,1,0,2024
9431,2024,Cluj,Colegiul Economic Emil Racovita,Urban,F,4.58,4.9,7.67,6.26,10.0,6.67,0,0,2024
9432,2024,Brasov,Liceul de Arte Regina Maria,Urban,M,7.5,6.65,6.67,8.54,8.3,7.27,1,0,2024
9433,2024,Constanta,Liceul Tehnologic Decebal,Urban,F,8.46,9.47,7.83,8.65,6.72,8.34,1,0,2024
9434,2024,Gorj,Liceul Pedagogic Tudor Vladimirescu,Rural,F,8.6,5.58,4.21,5.88,3.88,5.26,0,0,2024
9435,2024,Harghita,Scoala Nationala Regina Maria,Urban,F,4.37,10.0,2.95,8.25,8.75,6.87,0,0,2024
9436,2024,Sibiu,Liceul Sportiv Regina Maria,Urban,M,9.75,8.77,7.61,8.96,10.0,8.73,1,0,2024
9437,2024,Arad,Liceul Tehnologic Mihai Viteazul,Urban,F,8.28,8.97,7.32,5.68,8.39,7.83,1,0,2024
9438,2024,Botosani,Liceul de Arte Elena Cuza,Urban,M,7.34,7.63,8.58,5.38,7.29,7.5,1,0,2024
9439,2024,Bucuresti,Liceul Teoretic Grigore Moisil,Rural,F,3.69,2.5,6.86,9.59,7.74,5.78,0,0,2024
9440,2024,Harghita,Colegiul Tehnic Onisifor Ghibu,Urban,M,8.84,5.93,5.0,8.07,7.41,6.48,1,0,2024
9441,2024,Calarasi,Liceul Teoretic Mircea cel Batran,Urban,F,4.74,7.86,3.49,4.91,6.53,5.6,0,0,2024
9442,2024,Vaslui,Liceul Teoretic Emil Racovita,Rural,F,5.98,9.38,5.22,8.19,6.93,7.25,1,0,2024
9443,2024,Bistrita-Nasaud,Colegiul Economic George Cosbuc,Urban,F,7.74,7.04,3.3,10.0,5.63,6.22,0,0,2024
9444,2024,Mehedinti,Colegiul Economic Emil Racovita,Urban,F,8.76,5.58,3.88,9.53,9.8,6.61,0,0,2024
9445,2024,Bihor,Liceul Pedagogic George Cosbuc,Urban,F,8.33,9.67,5.0,8.32,9.47,7.9,1,0,2024
9446,2024,Teleorman,Liceul Sportiv Nicolae Balcescu,Urban,M,10.0,8.17,6.27,7.35,8.82,7.76,1,0,2024
9447,2024,Covasna,Liceul Tehnologic Constantin Brancusi,Rural,M,9.94,6.9,7.11,9.05,6.55,7.54,1,0,2024
9448,2024,Braila,Liceul Sportiv Ana Ipatescu,Urban,F,9.14,10.0,7.08,9.13,10.0,8.91,1,0,2024
9449,2024,Arad,Colegiul Tehnic Vasile Alecsandri,Rural,F,6.57,8.59,4.93,7.37,7.38,6.93,0,0,2024
9450,2024,Galati,Liceul Pedagogic Ioan Slavici,Rural,M,8.51,7.99,6.21,7.73,7.13,7.34,1,0,2024
9451,2024,Suceava,Liceul Pedagogic Mihai Eminescu,Urban,F,8.05,5.88,6.19,7.25,7.62,6.66,1,0,2024
9452,2024,Teleorman,Colegiul National Dimitrie Cantemir,Urban,M,9.66,8.93,6.04,7.09,6.35,7.47,1,0,2024
9453,2024,Maramures,Colegiul National Vasile Alecsandri,Urban,F,9.37,6.56,7.07,8.37,5.0,7.03,1,0,2024
9454,2024,Vrancea,Liceul Sportiv Vasile Alecsandri,Rural,M,5.49,8.28,10.0,7.08,8.56,8.38,1,0,2024
9455,2024,Suceava,Liceul Tehnologic Onisifor Ghibu,Rural,M,7.67,7.8,7.23,7.79,7.11,7.51,1,0,2024
9456,2024,Salaj,Liceul de Arte Decebal,Urban,F,9.23,8.69,7.3,9.17,8.26,8.33,1,0,2024
9457,2024,Covasna,Liceul Sportiv Ana Ipatescu,Rural,M,6.4,2.77,1.53,8.9,6.34,4.22,0,0,2024
9458,2024,Mures,Liceul Teoretic Lucian Blaga,Urban,M,7.91,10.0,9.77,8.75,5.54,8.87,1,0,2024
9459,2024,Braila,Liceul Teoretic Spiru Haret,Rural,F,9.99,8.3,6.33,8.7,6.22,7.63,1,0,2024
9460,2024,Buzau,Liceul de Arte Stefan cel Mare,Urban,F,9.4,7.88,7.65,9.71,6.51,8.03,1,0,2024
9461,2024,Timis,Liceul Sportiv Alexandru Ioan Cuza,Rural,M,7.11,3.82,4.9,5.82,2.16,4.52,0,0,2024
9462,2024,Calarasi,Colegiul Tehnic Mihai Eminescu,Urban,F,7.97,8.11,5.0,7.76,8.32,7.14,1,0,2024
9463,2024,Braila,Liceul Pedagogic Alexandru Ioan Cuza,Rural,F,10.0,7.97,9.88,9.73,5.79,8.68,1,0,2024
9464,2024,Prahova,Liceul Tehnologic Onisifor Ghibu,Urban,M,6.63,7.51,3.82,6.9,5.21,5.88,0,0,2024
9465,2024,Galati,Scoala Nationala Dimitrie Cantemir,Urban,M,8.61,8.47,9.86,6.51,8.08,8.55,1,0,2024
9466,2024,Hunedoara,Liceul Teoretic Elena Cuza,Urban,M,8.82,9.93,6.57,7.75,7.56,8.13,1,0,2024
9467,2024,Mehedinti,Liceul Sportiv Ioan Slavici,Urban,M,9.88,9.28,5.29,7.88,7.0,7.59,1,0,2024
9468,2024,Ialomita,Colegiul Economic Mihai Eminescu,Urban,M,7.8,4.39,2.68,7.11,6.33,4.92,0,0,2024
9469,2024,Suceava,Colegiul Economic Mircea cel Batran,Urban,M,7.98,9.03,8.05,7.62,5.4,7.88,1,0,2024
9470,2024,Vaslui,Colegiul Tehnic Mircea cel Batran,Rural,F,3.59,4.9,6.21,4.57,2.11,4.69,0,1,2024
9471,2024,Neamt,Liceul de Arte Spiru Haret,Urban,F,6.28,3.05,4.69,7.43,8.15,5.29,0,0,2024
9472,2024,Cluj,Scoala Nationala Gheorghe Sincai,Rural,F,5.42,10.0,4.52,6.52,3.4,6.39,0,0,2024
9473,2024,Cluj,Scoala Nationala Stefan cel Mare,Urban,F,8.41,8.96,4.39,4.07,6.31,6.4,0,0,2024
9474,2024,Valcea,Liceul Sportiv Grigore Moisil,Rural,F,10.0,5.12,10.0,5.43,2.75,6.76,0,0,2024
9475,2024,Covasna,Colegiul National Spiru Haret,Rural,F,9.12,6.4,5.0,7.62,6.86,6.5,1,0,2024
9476,2024,Harghita,Liceul Pedagogic Vasile Alecsandri,Urban,F,7.57,5.0,6.76,9.56,7.62,6.86,1,0,2024
9477,2024,Maramures,Colegiul National Mircea cel Batran,Urban,F,9.33,8.0,10.0,5.0,5.0,7.83,1,0,2024
9478,2024,Giurgiu,Liceul de Arte Ana Ipatescu,Rural,F,10.0,6.07,8.49,5.71,5.98,7.12,1,0,2024
9479,2024,Ialomita,Colegiul Economic Mircea cel Batran,Urban,F,8.63,6.32,8.04,6.82,5.24,6.98,1,0,2024
9480,2024,Tulcea,Colegiul Economic Octavian Goga,Urban,F,7.64,9.28,7.26,7.93,10.0,8.42,1,0,2024
9481,2024,Giurgiu,Colegiul Tehnic Tudor Vladimirescu,Rural,F,7.72,8.21,7.44,7.75,7.57,7.76,1,0,2024
9482,2024,Hunedoara,Colegiul Economic Nicolae Balcescu,Urban,M,9.68,9.41,8.03,9.23,5.93,8.47,1,0,2024
9483,2024,Cluj,Liceul de Arte Regina Maria,Rural,F,8.25,6.33,4.59,5.96,5.86,5.87,0,0,2024
9484,2024,Valcea,Colegiul Tehnic Grigore Moisil,Rural,F,6.49,10.0,5.38,5.0,7.94,7.2,1,0,2024
9485,2024,Botosani,Liceul Teoretic Grigore Moisil,Rural,M,6.88,7.68,9.46,6.33,8.57,8.07,1,0,2024
9486,2024,Arges,Scoala Nationala Tudor Vladimirescu,Urban,M,8.54,10.0,6.69,8.4,8.92,8.46,1,0,2024
9487,2024,Mures,Liceul Teoretic Elena Cuza,Rural,M,10.0,7.99,5.06,7.56,7.58,7.19,1,0,2024
9488,2024,Vaslui,Liceul de Arte Mihai Viteazul,Urban,M,6.86,6.72,9.64,8.81,5.87,7.8,1,0,2024
9489,2024,Bistrita-Nasaud,Colegiul Economic Mihai Viteazul,Urban,F,7.67,8.04,5.0,8.8,6.37,6.95,1,0,2024
9490,2024,Galati,Scoala Nationala Tudor Vladimirescu,Urban,M,9.79,9.16,8.02,9.08,9.12,8.86,1,0,2024
9491,2024,Bihor,Scoala Nationala Nicolae Balcescu,Urban,M,7.79,8.14,6.21,8.99,10.0,7.93,1,0,2024
9492,2024,Mures,Colegiul Tehnic Lucian Blaga,Urban,M,6.32,9.66,6.68,5.69,8.49,7.66,1,0,2024
9493,2024,Satu Mare,Colegiul Tehnic Regina Maria,Urban,F,10.0,3.74,3.96,3.4,6.74,4.83,0,1,2024
9494,2024,Bihor,Liceul de Arte Alexandru Ioan Cuza,Urban,M,10.0,3.61,4.81,8.57,4.93,5.55,0,0,2024
9495,2024,Gorj,Liceul Tehnologic Bogdan Voda,Urban,M,7.63,7.07,5.95,8.63,8.97,7.31,1,0,2024
9496,2024,Timis,Colegiul National Ion Barbu,Rural,F,6.96,5.44,3.51,4.84,5.05,4.86,0,0,2024
9497,2024,Buzau,Liceul Teoretic Ion Barbu,Urban,F,7.52,8.91,7.38,7.82,8.39,8.07,1,0,2024
9498,2024,Brasov,Liceul Tehnologic Emil Racovita,Rural,F,7.06,9.19,8.07,9.78,7.33,8.45,1,0,2024
9499,2024,Bistrita-Nasaud,Liceul Pedagogic Spiru Haret,Rural,F,7.52,8.37,7.96,8.45,6.7,7.92,1,0,2024
9500,2024,Olt,Colegiul National Octavian Goga,Rural,F,7.44,8.01,2.3,9.7,1.0,5.44,0,0,2024
9501,2024,Teleorman,Scoala Nationala Mihai Eminescu,Urban,F,9.49,8.78,5.8,9.57,5.85,7.64,1,0,2024
9502,2024,Arad,Liceul de Arte Ioan Slavici,Rural,F,6.89,10.0,6.87,9.18,9.5,8.55,1,0,2024
9503,2024,Ialomita,Scoala Nationala Marin Preda,Rural,F,9.16,5.45,2.44,7.45,6.22,5.33,0,0,2024
9504,2024,Maramures,Liceul Tehnologic Ion Barbu,Urban,F,6.13,3.48,6.08,7.64,6.0,5.53,0,0,2024
9505,2024,Calarasi,Colegiul Economic Alexandru Ioan Cuza,Urban,F,7.5,7.91,5.0,9.18,9.43,7.41,1,0,2024
9506,2024,Sibiu,Scoala Nationala Lucian Blaga,Urban,M,8.02,6.3,7.22,10.0,6.27,7.3,1,0,2024
9507,2024,Tulcea,Liceul Sportiv Lucian Blaga,Rural,M,4.79,9.29,5.42,3.74,4.6,6.14,0,0,2024
9508,2024,Mures,Colegiul National Marin Preda,Urban,M,6.7,7.04,5.11,6.58,5.85,6.18,1,0,2024
9509,2024,Suceava,Liceul Tehnologic Decebal,Rural,F,6.15,8.13,5.27,1.0,8.42,6.05,0,0,2024
9510,2024,Teleorman,Colegiul Economic Avram Iancu,Urban,F,6.63,9.59,1.79,6.68,6.65,6.08,0,1,2024
9511,2024,Bucuresti,Liceul Teoretic Mihai Eminescu,Urban,F,8.51,9.91,4.67,3.63,10.0,7.27,0,0,2024
9512,2024,Galati,Liceul Teoretic Emil Racovita,Rural,M,8.2,5.95,9.35,7.4,7.09,7.58,1,0,2024
9513,2024,Alba,Colegiul Economic Nicolae Balcescu,Rural,M,6.07,6.33,5.65,6.11,7.46,6.24,1,0,2024
9514,2024,Salaj,Liceul Teoretic Marin Preda,Urban,M,8.98,7.92,7.06,8.22,8.63,7.92,1,0,2024
9515,2024,Ialomita,Liceul Pedagogic Mihai Viteazul,Urban,M,8.76,5.0,10.0,9.24,9.25,8.15,1,0,2024
9516,2024,Mures,Liceul Pedagogic Ion Barbu,Rural,M,8.79,5.0,6.33,8.9,6.39,6.57,1,0,2024
9517,2024,Sibiu,Colegiul National Unirea,Rural,M,9.25,5.32,7.89,7.01,6.92,6.98,1,0,2024
9518,2024,Valcea,Liceul de Arte Decebal,Rural,M,8.18,2.69,3.78,7.32,5.9,4.74,0,1,2024
9519,2024,Iasi,Colegiul Economic Ion Barbu,Urban,M,5.56,7.65,7.98,5.5,8.74,7.38,1,0,2024
9520,2024,Braila,Colegiul Tehnic Vasile Alecsandri,Rural,F,8.73,6.47,7.15,8.43,8.7,7.53,1,0,2024
9521,2024,Dolj,Colegiul Tehnic Mihai Eminescu,Urban,F,7.17,9.25,6.09,4.62,10.0,7.51,0,1,2024
9522,2024,Satu Mare,Colegiul Economic Traian,Rural,F,7.41,3.96,3.94,7.99,5.74,5.17,0,0,2024
9523,2024,Olt,Colegiul National Ion Luca Caragiale,Rural,F,9.29,7.87,6.49,6.7,8.27,7.48,1,0,2024
9524,2024,Vrancea,Liceul Tehnologic Ana Ipatescu,Rural,F,7.29,9.9,5.65,3.22,3.87,6.46,0,0,2024
9525,2024,Salaj,Liceul de Arte Marin Preda,Urban,F,6.55,10.0,8.65,8.81,6.66,8.57,1,0,2024
9526,2024,Bucuresti,Liceul Pedagogic Emil Racovita,Urban,M,10.0,8.63,6.93,7.57,8.84,8.13,1,0,2024
9527,2024,Olt,Colegiul Tehnic Mircea cel Batran,Rural,F,4.22,4.85,6.88,5.72,4.42,5.46,0,0,2024
9528,2024,Salaj,Colegiul Tehnic Mircea cel Batran,Rural,F,9.89,9.35,7.95,10.0,6.9,8.71,1,0,2024
9529,2024,Harghita,Liceul Sportiv Octavian Goga,Rural,M,7.72,3.49,6.42,6.0,7.16,5.72,0,0,2024
9530,2024,Mehedinti,Liceul Tehnologic Ion Luca Caragiale,Rural,M,8.25,8.41,6.27,7.74,8.81,7.71,1,0,2024
9531,2024,Covasna,Colegiul Tehnic Gheorghe Sincai,Urban,M,4.9,8.23,6.7,10.0,2.98,6.92,0,0,2024
9532,2024,Ilfov,Colegiul Economic Marin Preda,Urban,F,7.06,6.13,7.43,5.69,6.19,6.56,1,0,2024
9533,2024,Gorj,Liceul de Arte Octavian Goga,Urban,F,8.43,8.33,10.0,7.41,7.8,8.62,1,0,2024
9534,2024,Mehedinti,Liceul Tehnologic Tudor Vladimirescu,Urban,F,7.97,5.32,6.86,7.58,10.0,7.09,1,0,2024
9535,2024,Prahova,Colegiul Tehnic Regina Maria,Urban,F,8.17,9.24,7.1,6.45,9.35,8.09,1,0,2024
9536,2024,Arges,Liceul Tehnologic Gheorghe Sincai,Urban,M,6.98,4.93,6.06,3.36,5.68,5.35,0,0,2024
9537,2024,Satu Mare,Liceul Sportiv Alexandru Ioan Cuza,Urban,F,9.48,7.76,5.0,10.0,9.97,7.77,1,0,2024
9538,2024,Satu Mare,Liceul Teoretic Lucian Blaga,Rural,M,8.44,7.52,5.66,8.57,9.28,7.48,1,0,2024
9539,2024,Vaslui,Colegiul Tehnic Dimitrie Cantemir,Rural,F,6.61,10.0,6.32,7.36,8.76,7.98,1,0,2024
9540,2024,Vaslui,Liceul de Arte Marin Preda,Urban,F,10.0,7.36,6.2,7.61,9.79,7.68,1,0,2024
9541,2024,Bistrita-Nasaud,Scoala Nationala Dimitrie Cantemir,Urban,F,6.79,7.41,5.58,6.94,7.02,6.67,1,0,2024
9542,2024,Neamt,Colegiul Tehnic Mihai Eminescu,Urban,M,9.14,9.62,5.0,8.53,9.26,7.97,1,0,2024
9543,2024,Satu Mare,Liceul de Arte Alexandru Ioan Cuza,Rural,F,6.09,6.43,8.11,5.7,6.16,6.75,1,0,2024
9544,2024,Salaj,Liceul Tehnologic Marin Preda,Urban,F,9.26,7.62,5.07,8.03,8.31,7.18,1,0,2024
9545,2024,Sibiu,Colegiul Tehnic Vasile Alecsandri,Rural,F,7.55,9.89,5.15,4.02,9.75,7.33,0,1,2024
9546,2024,Bistrita-Nasaud,Liceul Teoretic Octavian Goga,Urban,F,6.65,8.8,6.26,9.23,6.75,7.58,1,0,2024
9547,2024,Giurgiu,Liceul Teoretic Lucian Blaga,Urban,F,6.09,7.91,7.7,10.0,8.0,7.99,1,0,2024
9548,2024,Galati,Liceul Tehnologic Mihai Viteazul,Urban,F,8.74,10.0,8.54,9.2,7.49,8.94,1,0,2024
9549,2024,Vrancea,Liceul Pedagogic George Cosbuc,Urban,M,6.0,3.72,7.72,4.98,1.0,4.93,0,0,2024
9550,2024,Maramures,Scoala Nationala Ion Barbu,Urban,M,7.81,6.93,9.72,7.58,8.1,8.13,1,0,2024
9551,2024,Braila,Scoala Nationala Vasile Alecsandri,Rural,M,8.92,9.77,8.91,8.95,5.83,8.71,1,0,2024
9552,2024,Brasov,Liceul Pedagogic Elena Cuza,Rural,F,5.82,7.23,5.92,6.32,9.94,6.97,1,0,2024
9553,2024,Arad,Colegiul Economic Traian,Rural,M,9.16,6.85,6.98,2.95,7.17,6.58,0,0,2024
9554,2024,Buzau,Liceul Pedagogic Mircea cel Batran,Urban,F,7.74,5.07,6.32,7.41,9.37,6.71,1,0,2024
9555,2024,Prahova,Colegiul National Nicolae Balcescu,Rural,F,7.2,6.13,8.1,8.13,8.23,7.44,1,0,2024
9556,2024,Dolj,Liceul Tehnologic Avram Iancu,Rural,M,8.61,5.12,3.69,3.3,6.66,5.0,0,0,2024
9557,2024,Vaslui,Liceul Pedagogic Mircea cel Batran,Rural,F,7.89,7.3,10.0,8.27,7.23,8.3,1,0,2024
9558,2024,Bucuresti,Colegiul Tehnic Ion Luca Caragiale,Rural,M,6.81,4.83,4.76,4.9,4.03,4.9,0,0,2024
9559,2024,Neamt,Liceul Tehnologic Elena Cuza,Rural,M,8.26,8.58,2.46,5.91,5.97,5.92,0,0,2024
9560,2024,Constanta,Liceul Tehnologic Avram Iancu,Rural,F,9.18,9.19,6.81,9.73,10.0,8.68,1,0,2024
9561,2024,Bihor,Liceul de Arte Vasile Alecsandri,Urban,M,10.0,6.85,8.93,8.46,9.55,8.44,1,0,2024
9562,2024,Gorj,Liceul de Arte Lucian Blaga,Rural,F,9.87,8.35,6.23,5.0,8.41,7.37,1,0,2024
9563,2024,Ilfov,Liceul Teoretic Spiru Haret,Rural,F,7.23,8.43,5.07,8.52,8.66,7.35,1,0,2024
9564,2024,Tulcea,Liceul Sportiv Constantin Brancusi,Rural,F,7.86,8.14,4.68,4.33,2.25,5.62,0,0,2024
9565,2024,Tulcea,Colegiul Tehnic Elena Cuza,Urban,M,9.29,8.55,5.0,7.5,5.46,6.94,1,0,2024
9566,2024,Botosani,Colegiul Tehnic Ana Ipatescu,Urban,M,7.81,8.33,8.17,5.34,6.55,7.51,1,0,2024
9567,2024,Teleorman,Liceul Teoretic Ana Ipatescu,Rural,F,7.99,9.25,8.85,5.83,8.81,8.42,1,0,2024
9568,2024,Neamt,Liceul Sportiv Dimitrie Cantemir,Urban,M,7.92,6.28,6.81,7.65,6.46,6.84,1,0,2024
9569,2024,Bistrita-Nasaud,Liceul Teoretic Mircea cel Batran,Rural,M,7.11,8.09,7.46,9.03,6.75,7.74,1,0,2024
9570,2024,Bucuresti,Colegiul Tehnic Vasile Alecsandri,Rural,F,9.07,8.55,7.6,8.4,5.91,7.9,1,0,2024
9571,2024,Hunedoara,Colegiul National Nicolae Balcescu,Rural,F,8.51,6.61,7.35,3.69,2.58,5.98,0,0,2024
9572,2024,Teleorman,Colegiul National Marin Preda,Urban,M,10.0,8.16,5.66,8.88,6.96,7.52,1,0,2024
9573,2024,Gorj,Scoala Nationala Ana Ipatescu,Urban,M,10.0,9.13,5.73,7.33,7.45,7.68,1,0,2024
9574,2024,Teleorman,Liceul Teoretic Lucian Blaga,Rural,F,5.63,6.82,4.49,5.59,6.08,5.71,0,0,2024
9575,2024,Maramures,Colegiul Tehnic Regina Maria,Urban,M,7.85,6.93,6.97,8.4,5.0,6.96,1,0,2024
9576,2024,Covasna,Liceul Pedagogic Unirea,Urban,M,6.74,6.19,6.86,7.59,6.27,6.67,1,0,2024
9577,2024,Ilfov,Liceul Tehnologic Mihai Eminescu,Rural,M,8.09,9.32,5.88,10.0,8.06,8.08,1,0,2024
9578,2024,Suceava,Colegiul Tehnic Ioan Slavici,Urban,F,9.64,7.69,7.36,7.44,5.08,7.36,1,0,2024
9579,2024,Valcea,Colegiul National Grigore Moisil,Urban,F,9.15,6.23,6.12,9.86,8.95,7.44,1,0,2024
9580,2024,Satu Mare,Colegiul Tehnic Regina Maria,Urban,M,8.83,8.28,6.41,10.0,9.03,8.14,1,0,2024
9581,2024,Valcea,Liceul Tehnologic Lucian Blaga,Rural,F,6.36,5.35,4.01,5.21,9.01,5.58,0,0,2024
9582,2024,Bihor,Liceul Pedagogic Nicolae Balcescu,Urban,F,10.0,9.36,5.95,9.03,8.33,8.2,1,0,2024
9583,2024,Suceava,Liceul Pedagogic Ion Luca Caragiale,Urban,F,9.31,8.47,9.23,8.28,7.5,8.61,1,0,2024
9584,2024,Vrancea,Liceul de Arte Ion Luca Caragiale,Urban,F,8.25,6.11,7.58,7.28,6.07,6.93,1,0,2024
9585,2024,Satu Mare,Scoala Nationala Tudor Vladimirescu,Urban,F,6.98,4.12,5.59,7.41,7.13,5.79,0,0,2024
9586,2024,Mehedinti,Liceul Sportiv Ana Ipatescu,Urban,M,8.24,5.98,7.84,7.65,4.9,6.85,0,0,2024
9587,2024,Mehedinti,Colegiul National Stefan cel Mare,Rural,M,8.14,8.99,6.52,10.0,7.59,8.11,1,0,2024
9588,2024,Brasov,Liceul Pedagogic Bogdan Voda,Rural,M,5.11,8.77,6.96,7.92,8.57,7.7,1,0,2024
9589,2024,Ilfov,Liceul de Arte Mihai Viteazul,Rural,F,6.99,7.42,8.0,9.38,6.31,7.68,1,0,2024
9590,2024,Cluj,Liceul Sportiv Regina Maria,Urban,M,8.59,7.45,5.0,8.42,7.05,6.91,1,0,2024
9591,2024,Teleorman,Liceul Tehnologic Decebal,Urban,F,9.0,8.44,6.64,10.0,9.1,8.29,1,0,2024
9592,2024,Dambovita,Liceul Sportiv Emil Racovita,Urban,F,7.78,8.89,6.87,9.07,9.16,8.24,1,0,2024
9593,2024,Bucuresti,Liceul Teoretic Ion Luca Caragiale,Urban,M,10.0,9.96,9.66,7.58,8.09,9.24,1,0,2024
9594,2024,Maramures,Scoala Nationala Regina Maria,Urban,M,6.77,8.57,6.68,4.49,4.88,6.66,0,0,2024
9595,2024,Bacau,Colegiul Economic Octavian Goga,Urban,F,6.53,9.95,4.84,3.33,6.64,6.59,0,1,2024
9596,2024,Bihor,Liceul Tehnologic Ion Barbu,Urban,F,8.75,9.86,9.38,9.06,7.71,9.16,1,0,2024
9597,2024,Dambovita,Liceul de Arte Lucian Blaga,Rural,F,9.09,9.21,7.28,8.01,8.04,8.26,1,0,2024
9598,2024,Hunedoara,Colegiul National Traian,Urban,F,6.42,7.77,7.93,5.37,5.91,7.04,1,0,2024
9599,2024,Prahova,Colegiul Economic Nicolae Balcescu,Rural,M,5.57,3.85,6.48,5.19,6.9,5.47,0,0,2024
9600,2024,Suceava,Colegiul Tehnic Ioan Slavici,Urban,M,6.55,6.39,4.13,5.24,5.99,5.5,0,0,2024
9601,2024,Sibiu,Colegiul Tehnic Elena Cuza,Rural,M,6.59,6.78,3.35,3.64,9.2,5.62,0,0,2024
9602,2024,Suceava,Colegiul Tehnic Mircea cel Batran,Rural,F,9.65,9.88,8.5,8.44,8.86,9.07,1,0,2024
9603,2024,Gorj,Colegiul Tehnic Tudor Vladimirescu,Urban,M,10.0,8.97,6.19,10.0,8.32,8.3,1,0,2024
9604,2024,Timis,Liceul de Arte Mihai Eminescu,Rural,F,9.39,5.78,8.53,5.95,7.4,7.23,1,0,2024
9605,2024,Arges,Liceul Teoretic Traian,Rural,F,6.3,10.0,5.68,4.14,2.66,6.35,0,0,2024
9606,2024,Maramures,Colegiul Tehnic George Cosbuc,Rural,M,8.54,7.0,6.94,5.69,6.71,6.9,1,0,2024
9607,2024,Giurgiu,Colegiul National Constantin Brancusi,Urban,F,9.27,7.24,8.05,8.43,9.18,8.16,1,0,2024
9608,2024,Timis,Colegiul Economic Octavian Goga,Rural,M,8.64,7.87,7.23,7.29,7.6,7.63,1,0,2024
9609,2024,Bihor,Liceul Teoretic Avram Iancu,Urban,M,6.56,10.0,7.72,8.12,10.0,8.69,1,0,2024
9610,2024,Valcea,Liceul de Arte Ion Luca Caragiale,Urban,F,9.69,5.28,6.57,7.11,5.42,6.4,1,0,2024
9611,2024,Braila,Liceul Tehnologic Mihai Viteazul,Urban,M,7.75,8.01,7.43,9.02,6.93,7.8,1,0,2024
9612,2024,Vrancea,Liceul de Arte Dimitrie Cantemir,Urban,M,5.95,4.13,9.95,6.99,9.83,7.34,0,0,2024
9613,2024,Teleorman,Liceul Sportiv Avram Iancu,Rural,M,6.1,6.15,1.97,4.4,3.78,4.27,0,0,2024
9614,2024,Braila,Colegiul National Spiru Haret,Rural,M,6.4,5.79,4.68,8.21,4.62,5.71,0,0,2024
9615,2024,Brasov,Colegiul Tehnic Nicolae Balcescu,Rural,M,6.68,7.09,7.99,7.17,10.0,7.77,1,0,2024
9616,2024,Hunedoara,Colegiul National Stefan cel Mare,Urban,M,8.8,4.25,5.6,8.2,7.46,6.18,0,1,2024
9617,2024,Bucuresti,Colegiul National Grigore Moisil,Urban,F,7.35,8.33,8.29,9.28,9.84,8.59,1,0,2024
9618,2024,Vaslui,Colegiul Tehnic Emil Racovita,Rural,M,8.04,6.84,4.42,4.62,3.63,5.42,0,0,2024
9619,2024,Covasna,Liceul Sportiv George Cosbuc,Urban,F,6.72,8.64,4.1,9.26,5.15,6.66,0,0,2024
9620,2024,Galati,Colegiul Economic Vasile Alecsandri,Urban,M,8.06,7.81,8.36,8.06,7.87,8.05,1,0,2024
9621,2024,Iasi,Liceul Teoretic Grigore Moisil,Rural,F,2.04,6.63,6.86,3.31,5.31,5.54,0,0,2024
9622,2024,Mures,Liceul Tehnologic Bogdan Voda,Rural,M,5.66,4.82,8.02,7.13,4.2,6.12,0,0,2024
9623,2024,Dolj,Colegiul National Grigore Moisil,Rural,F,7.4,10.0,5.0,5.52,7.06,7.13,1,0,2024
9624,2024,Botosani,Colegiul National Emil Racovita,Urban,M,8.66,7.14,6.44,8.09,9.32,7.55,1,0,2024
9625,2024,Calarasi,Liceul Sportiv Traian,Urban,F,8.46,5.45,7.49,8.15,3.15,6.42,0,0,2024
9626,2024,Vaslui,Liceul de Arte Gheorghe Sincai,Urban,F,8.39,9.09,6.84,7.62,7.92,7.95,1,0,2024
9627,2024,Buzau,Liceul Sportiv Bogdan Voda,Rural,F,8.75,6.5,10.0,7.75,9.08,8.35,1,0,2024
9628,2024,Brasov,Liceul Pedagogic Avram Iancu,Rural,F,8.52,9.25,9.79,8.64,9.31,9.26,1,0,2024
9629,2024,Ilfov,Liceul Sportiv Dimitrie Cantemir,Rural,F,7.72,6.87,6.35,8.49,7.56,7.15,1,0,2024
9630,2024,Galati,Colegiul National Bogdan Voda,Rural,F,8.59,8.09,8.08,8.19,7.54,8.07,1,0,2024
9631,2024,Gorj,Liceul Teoretic Vasile Alecsandri,Urban,M,7.39,5.07,6.39,5.5,7.47,6.12,1,0,2024
9632,2024,Arges,Liceul de Arte Ion Luca Caragiale,Rural,F,6.91,7.02,9.62,7.97,8.82,8.2,1,0,2024
9633,2024,Arad,Liceul Tehnologic Emil Racovita,Rural,F,9.35,8.28,5.14,6.7,7.68,7.12,1,0,2024
9634,2024,Iasi,Colegiul Economic Lucian Blaga,Urban,F,8.85,8.87,7.53,10.0,8.18,8.53,1,0,2024
9635,2024,Prahova,Liceul Sportiv Decebal,Urban,F,9.83,7.19,10.0,7.25,8.09,8.44,1,0,2024
9636,2024,Cluj,Colegiul Tehnic Elena Cuza,Rural,F,8.17,8.02,6.71,8.36,10.0,7.99,1,0,2024
9637,2024,Olt,Liceul de Arte Stefan cel Mare,Urban,F,7.62,7.3,2.47,7.92,5.59,5.72,0,0,2024
9638,2024,Iasi,Colegiul Tehnic Emil Racovita,Rural,F,6.78,7.35,2.04,7.38,6.9,5.64,0,0,2024
9639,2024,Bistrita-Nasaud,Liceul de Arte Ioan Slavici,Rural,F,8.23,6.39,8.07,8.07,5.0,7.12,1,0,2024
9640,2024,Tulcea,Scoala Nationala Mihai Viteazul,Rural,M,8.02,6.65,9.8,8.95,8.71,8.39,1,0,2024
9641,2024,Alba,Scoala Nationala Mihai Eminescu,Rural,F,7.74,6.4,7.61,9.91,10.0,7.96,1,0,2024
9642,2024,Bihor,Liceul Teoretic Bogdan Voda,Urban,M,7.43,9.9,8.13,6.53,7.37,8.24,1,0,2024
9643,2024,Brasov,Colegiul Economic Elena Cuza,Urban,M,9.04,7.49,5.0,9.3,8.95,7.39,1,0,2024
9644,2024,Braila,Liceul Pedagogic Dimitrie Cantemir,Rural,M,6.21,8.06,3.63,6.66,6.96,6.17,0,0,2024
9645,2024,Olt,Colegiul Tehnic Vasile Alecsandri,Urban,F,7.9,6.81,7.53,8.37,5.3,7.14,1,0,2024
9646,2024,Dambovita,Liceul Pedagogic Traian,Rural,M,7.08,8.53,6.97,9.48,8.64,8.08,1,0,2024
9647,2024,Ilfov,Liceul Sportiv Octavian Goga,Urban,M,6.46,7.26,2.82,7.47,8.02,5.99,0,0,2024
9648,2024,Salaj,Scoala Nationala Unirea,Urban,F,9.14,7.73,5.9,10.0,7.49,7.63,1,0,2024
9649,2024,Galati,Colegiul Economic Unirea,Urban,F,8.44,7.88,5.0,8.78,6.83,7.05,1,0,2024
9650,2024,Botosani,Scoala Nationala Decebal,Rural,M,5.14,7.15,9.47,6.13,4.88,7.15,0,0,2024
9651,2024,Constanta,Colegiul Tehnic Gheorghe Sincai,Rural,M,10.0,7.12,6.57,7.94,6.69,7.3,1,0,2024
9652,2024,Valcea,Scoala Nationala Ioan Slavici,Urban,F,8.94,6.77,6.15,9.83,9.43,7.66,1,0,2024
9653,2024,Brasov,Colegiul Tehnic Traian,Rural,F,6.45,6.9,7.48,5.67,7.2,6.89,1,0,2024
9654,2024,Bihor,Colegiul Tehnic Spiru Haret,Rural,M,8.43,6.31,5.0,7.28,7.78,6.49,1,0,2024
9655,2024,Bucuresti,Liceul Tehnologic Lucian Blaga,Urban,M,8.18,8.09,7.04,7.5,6.29,7.43,1,0,2024
9656,2024,Vaslui,Colegiul Economic Onisifor Ghibu,Rural,M,8.2,6.07,7.91,5.86,5.29,6.69,1,0,2024
9657,2024,Vrancea,Liceul Sportiv Onisifor Ghibu,Urban,F,9.21,8.52,6.79,6.92,7.51,7.68,1,0,2024
9658,2024,Suceava,Liceul de Arte Mircea cel Batran,Urban,M,5.43,8.82,3.04,3.87,6.19,5.61,0,0,2024
9659,2024,Dolj,Colegiul National Regina Maria,Rural,F,9.69,8.46,2.36,4.82,3.6,5.48,0,0,2024
9660,2024,Iasi,Scoala Nationala Ana Ipatescu,Rural,M,5.02,5.22,8.48,6.03,6.17,6.44,1,0,2024
9661,2024,Ialomita,Liceul Teoretic Lucian Blaga,Rural,M,7.47,4.52,5.44,6.97,10.0,6.28,0,0,2024
9662,2024,Buzau,Liceul Sportiv Nicolae Balcescu,Rural,F,8.58,9.69,5.66,7.5,6.92,7.63,1,0,2024
9663,2024,Ilfov,Liceul Tehnologic Nicolae Balcescu,Urban,F,5.1,2.57,3.84,9.31,6.29,4.77,0,0,2024
9664,2024,Hunedoara,Scoala Nationala Spiru Haret,Rural,F,8.35,9.01,2.78,9.3,3.19,6.25,0,0,2024
9665,2024,Neamt,Colegiul Tehnic Ion Barbu,Urban,F,9.7,8.33,7.97,8.55,8.8,8.46,1,0,2024
9666,2024,Arges,Liceul Teoretic Avram Iancu,Urban,F,8.04,4.77,8.56,6.97,7.35,6.95,0,0,2024
9667,2024,Galati,Colegiul National Decebal,Rural,M,7.4,7.39,7.5,8.4,8.06,7.68,1,0,2024
9668,2024,Salaj,Colegiul Economic Tudor Vladimirescu,Rural,M,8.8,5.0,7.04,7.81,7.78,6.83,1,0,2024
9669,2024,Mures,Liceul Tehnologic Gheorghe Sincai,Rural,M,3.01,7.35,2.83,7.81,7.27,5.62,0,0,2024
9670,2024,Tulcea,Liceul Pedagogic Marin Preda,Urban,M,8.19,6.27,5.5,9.18,9.02,7.08,1,0,2024
9671,2024,Bihor,Liceul de Arte Ioan Slavici,Urban,F,9.41,9.76,9.99,10.0,7.77,9.53,1,0,2024
9672,2024,Iasi,Liceul Sportiv Lucian Blaga,Rural,F,4.56,10.0,1.61,5.83,6.58,5.8,0,0,2024
9673,2024,Sibiu,Colegiul National Nicolae Balcescu,Urban,F,6.02,7.99,8.03,8.6,7.72,7.86,1,0,2024
9674,2024,Mures,Colegiul Tehnic Nicolae Balcescu,Rural,M,6.03,6.22,1.14,3.55,4.44,4.01,0,0,2024
9675,2024,Giurgiu,Liceul Sportiv Avram Iancu,Urban,M,9.94,6.67,6.88,5.57,6.01,6.8,1,0,2024
9676,2024,Alba,Colegiul Tehnic Alexandru Ioan Cuza,Urban,M,8.26,9.3,5.0,7.5,7.58,7.38,1,0,2024
9677,2024,Cluj,Scoala Nationala Ana Ipatescu,Urban,F,9.57,4.9,3.85,8.29,6.89,5.86,0,0,2024
9678,2024,Teleorman,Colegiul National Tudor Vladimirescu,Urban,F,9.14,9.33,6.06,6.93,7.43,7.68,1,0,2024
9679,2024,Suceava,Scoala Nationala Dimitrie Cantemir,Rural,M,6.14,5.83,4.63,8.98,5.55,5.93,0,0,2024
9680,2024,Dolj,Liceul de Arte Onisifor Ghibu,Urban,M,7.31,8.4,5.08,7.25,7.92,7.05,1,0,2024
9681,2024,Giurgiu,Liceul Teoretic Ioan Slavici,Rural,M,3.91,3.46,10.0,6.11,8.68,6.65,0,0,2024
9682,2024,Sibiu,Scoala Nationala Constantin Brancusi,Urban,F,7.14,8.68,8.71,7.45,8.99,8.4,1,0,2024
9683,2024,Galati,Colegiul Tehnic Emil Racovita,Rural,M,8.64,7.82,7.38,8.43,8.85,8.02,1,0,2024
9684,2024,Prahova,Liceul Teoretic Unirea,Urban,F,4.16,6.98,7.97,1.0,6.82,6.07,0,0,2024
9685,2024,Braila,Liceul de Arte Grigore Moisil,Urban,F,9.6,4.81,7.17,8.11,7.23,6.86,0,0,2024
9686,2024,Dolj,Colegiul Tehnic Alexandru Ioan Cuza,Rural,M,3.69,5.67,2.15,7.36,1.0,3.97,0,0,2024
9687,2024,Salaj,Scoala Nationala Nicolae Balcescu,Urban,M,8.79,7.56,6.48,6.74,8.56,7.39,1,0,2024
9688,2024,Timis,Scoala Nationala Decebal,Urban,M,7.67,7.99,10.0,8.17,8.29,8.63,1,0,2024
9689,2024,Tulcea,Scoala Nationala Mihai Eminescu,Rural,F,8.93,8.25,9.29,9.07,6.66,8.51,1,0,2024
9690,2024,Vrancea,Liceul Pedagogic Tudor Vladimirescu,Urban,F,8.09,10.0,8.86,7.5,10.0,9.09,1,0,2024
9691,2024,Cluj,Colegiul Economic Octavian Goga,Urban,F,9.89,7.45,9.14,8.94,7.13,8.38,1,0,2024
9692,2024,Giurgiu,Liceul Tehnologic Ion Luca Caragiale,Rural,F,8.37,4.57,4.25,10.0,8.79,6.3,0,0,2024
9693,2024,Teleorman,Liceul Pedagogic Ana Ipatescu,Rural,M,7.21,6.25,5.54,5.03,7.7,6.17,1,0,2024
9694,2024,Covasna,Colegiul Tehnic Ion Luca Caragiale,Urban,M,9.06,6.86,7.18,8.31,6.88,7.4,1,0,2024
9695,2024,Galati,Colegiul National Stefan cel Mare,Rural,M,7.86,4.49,6.3,10.0,5.66,6.37,0,0,2024
9696,2024,Alba,Liceul Teoretic Spiru Haret,Rural,M,6.95,8.19,7.48,8.96,8.94,8.08,1,0,2024
9697,2024,Tulcea,Liceul Sportiv Stefan cel Mare,Urban,M,7.69,8.24,10.0,7.23,7.49,8.45,1,0,2024
9698,2024,Sibiu,Colegiul Tehnic Dimitrie Cantemir,Urban,F,6.67,10.0,7.94,8.61,8.55,8.62,1,0,2024
9699,2024,Cluj,Liceul Teoretic Unirea,Rural,F,9.38,7.5,7.51,7.2,8.43,7.79,1,0,2024
9700,2024,Buzau,Scoala Nationala Ion Luca Caragiale,Urban,F,8.02,8.85,5.0,7.85,8.02,7.34,1,0,2024
9701,2024,Bihor,Liceul Sportiv Mihai Eminescu,Urban,F,6.32,5.8,8.81,9.61,8.5,7.73,0,1,2024
9702,2024,Vaslui,Liceul Pedagogic George Cosbuc,Urban,M,9.99,9.46,6.01,10.0,9.81,8.61,1,0,2024
9703,2024,Sibiu,Colegiul Tehnic Spiru Haret,Rural,M,7.1,8.39,5.0,6.93,7.99,6.97,1,0,2024
9704,2024,Sibiu,Liceul de Arte Stefan cel Mare,Rural,F,6.64,8.7,8.23,5.33,5.53,7.37,0,1,2024
9705,2024,Ilfov,Liceul Tehnologic Ana Ipatescu,Urban,F,7.66,6.04,9.63,6.5,8.64,7.74,1,0,2024
9706,2024,Covasna,Liceul Sportiv Spiru Haret,Urban,M,8.11,9.76,10.0,7.98,10.0,9.44,1,0,2024
9707,2024,Dambovita,Colegiul Tehnic Unirea,Urban,F,8.24,7.1,8.39,9.35,6.77,7.89,1,0,2024
9708,2024,Satu Mare,Liceul Pedagogic Grigore Moisil,Rural,F,8.94,8.1,3.58,4.37,4.65,5.75,0,0,2024
9709,2024,Dolj,Liceul Teoretic Constantin Brancusi,Rural,M,5.57,4.64,1.14,1.86,1.28,2.76,0,0,2024
9710,2024,Cluj,Liceul Sportiv Alexandru Ioan Cuza,Urban,F,6.87,9.1,10.0,10.0,7.45,9.03,1,0,2024
9711,2024,Calarasi,Scoala Nationala Dimitrie Cantemir,Rural,M,7.1,10.0,7.53,9.07,5.85,8.21,1,0,2024
9712,2024,Prahova,Scoala Nationala Ion Barbu,Urban,M,10.0,10.0,8.39,9.12,9.42,9.3,1,0,2024
9713,2024,Suceava,Liceul de Arte Ioan Slavici,Urban,F,7.87,8.23,6.87,8.06,10.0,8.03,1,0,2024
9714,2024,Hunedoara,Scoala Nationala Stefan cel Mare,Urban,F,8.1,5.98,7.64,7.35,9.01,7.35,1,0,2024
9715,2024,Cluj,Colegiul Tehnic Ana Ipatescu,Urban,F,9.83,5.69,3.35,6.3,7.4,5.75,0,0,2024
9716,2024,Ialomita,Liceul Pedagogic Octavian Goga,Urban,M,9.92,7.46,6.73,8.53,7.0,7.58,1,0,2024
9717,2024,Ialomita,Liceul Pedagogic Alexandru Ioan Cuza,Urban,M,7.72,8.82,9.02,8.52,10.0,8.9,1,0,2024
9718,2024,Ialomita,Liceul Teoretic Vasile Alecsandri,Urban,F,8.35,9.97,6.17,9.04,7.15,8.11,1,0,2024
9719,2024,Prahova,Colegiul Economic Marin Preda,Urban,F,8.3,6.76,7.1,7.24,6.77,7.09,1,0,2024
9720,2024,Dolj,Colegiul National Dimitrie Cantemir,Urban,M,10.0,8.23,6.19,6.18,7.03,7.31,1,0,2024
9721,2024,Mehedinti,Colegiul National Octavian Goga,Rural,M,8.52,7.25,6.95,8.33,8.08,7.57,1,0,2024
9722,2024,Arad,Liceul Sportiv Ana Ipatescu,Rural,F,8.01,6.52,8.04,7.95,4.88,7.09,0,0,2024
9723,2024,Gorj,Colegiul Tehnic Tudor Vladimirescu,Urban,F,6.28,8.63,7.85,6.49,5.98,7.44,1,0,2024
9724,2024,Gorj,Colegiul National Grigore Moisil,Urban,M,7.19,8.05,9.05,8.27,8.76,8.4,1,0,2024
9725,2024,Hunedoara,Liceul Sportiv Lucian Blaga,Rural,M,6.52,7.57,5.27,8.0,7.53,6.83,1,0,2024
9726,2024,Tulcea,Colegiul Economic Octavian Goga,Urban,F,7.7,8.0,8.74,8.54,9.96,8.57,1,0,2024
9727,2024,Arad,Liceul Tehnologic Mihai Eminescu,Urban,F,9.98,10.0,7.04,5.23,8.67,8.2,1,0,2024
9728,2024,Neamt,Liceul de Arte Mihai Viteazul,Rural,M,7.89,8.59,6.95,8.43,7.66,7.86,1,0,2024
9729,2024,Satu Mare,Scoala Nationala Spiru Haret,Rural,M,7.55,4.56,6.38,6.15,7.38,6.07,0,0,2024
9730,2024,Tulcea,Liceul Tehnologic Unirea,Urban,F,8.52,9.52,6.72,8.55,7.01,8.06,1,0,2024
9731,2024,Arad,Colegiul National Vasile Alecsandri,Urban,F,9.01,8.08,7.75,7.98,9.41,8.26,1,0,2024
9732,2024,Bacau,Liceul de Arte Nicolae Balcescu,Urban,F,8.19,7.23,8.47,6.06,9.63,7.88,1,0,2024
9733,2024,Bihor,Scoala Nationala Vasile Alecsandri,Rural,M,8.02,7.0,7.83,9.89,5.51,7.56,1,0,2024
9734,2024,Constanta,Colegiul Economic Traian,Urban,F,4.29,8.05,10.0,9.15,5.81,8.09,0,1,2024
9735,2024,Covasna,Liceul Teoretic Elena Cuza,Urban,M,8.62,8.12,7.2,10.0,5.02,7.71,1,0,2024
9736,2024,Bacau,Liceul de Arte Octavian Goga,Rural,F,4.44,8.17,4.37,6.76,10.0,6.72,0,0,2024
9737,2024,Timis,Colegiul Tehnic Emil Racovita,Urban,F,10.0,8.71,7.14,8.07,7.86,8.14,1,0,2024
9738,2024,Bihor,Liceul Teoretic Traian,Rural,M,4.3,3.58,6.6,6.51,7.0,5.51,0,1,2024
9739,2024,Harghita,Liceul Pedagogic Dimitrie Cantemir,Urban,M,9.85,9.24,5.97,7.62,7.49,7.81,1,0,2024
9740,2024,Timis,Liceul Tehnologic Avram Iancu,Urban,M,6.84,6.51,5.63,8.98,5.84,6.55,1,0,2024
9741,2024,Mehedinti,Liceul Sportiv Dimitrie Cantemir,Urban,M,10.0,8.34,3.03,8.23,8.31,6.89,0,0,2024
9742,2024,Braila,Liceul Pedagogic Mihai Viteazul,Rural,F,8.94,7.23,10.0,6.52,6.98,8.09,1,0,2024
9743,2024,Covasna,Liceul de Arte Lucian Blaga,Rural,M,6.96,9.01,5.68,6.36,5.29,6.85,1,0,2024
9744,2024,Dolj,Colegiul Economic Regina Maria,Rural,F,8.73,9.03,5.46,6.98,5.75,7.13,1,0,2024
9745,2024,Galati,Liceul Sportiv Mircea cel Batran,Urban,M,9.05,5.27,5.48,5.53,10.0,6.46,1,0,2024
9746,2024,Dolj,Colegiul National Avram Iancu,Urban,F,6.86,9.99,6.14,6.36,8.44,7.74,1,0,2024
9747,2024,Cluj,Liceul Sportiv Ana Ipatescu,Urban,F,9.29,9.54,5.75,6.43,7.44,7.6,1,0,2024
9748,2024,Dambovita,Scoala Nationala Ion Luca Caragiale,Urban,M,6.29,3.82,8.49,5.1,3.78,5.65,0,0,2024
9749,2024,Satu Mare,Colegiul Economic Mihai Eminescu,Rural,M,10.0,6.91,5.0,7.85,7.71,6.91,1,0,2024
9750,2024,Iasi,Colegiul National Onisifor Ghibu,Urban,F,4.9,4.01,9.45,5.05,8.59,6.57,0,0,2024
9751,2024,Maramures,Liceul Sportiv Bogdan Voda,Rural,M,6.6,8.16,7.73,4.46,9.34,7.5,0,0,2024
9752,2024,Braila,Liceul Sportiv Mihai Viteazul,Urban,F,8.06,6.25,6.62,7.74,7.93,7.02,1,0,2024
9753,2024,Mehedinti,Liceul de Arte Elena Cuza,Rural,F,7.1,5.81,5.81,8.51,4.32,6.12,0,0,2024
9754,2024,Satu Mare,Colegiul National Ion Barbu,Urban,F,5.76,6.82,7.7,7.42,9.05,7.4,1,0,2024
9755,2024,Dambovita,Liceul Pedagogic Ion Barbu,Urban,F,7.79,6.85,5.38,10.0,10.0,7.45,1,0,2024
9756,2024,Covasna,Scoala Nationala Dimitrie Cantemir,Urban,F,6.73,8.67,10.0,8.77,8.11,8.81,1,0,2024
9757,2024,Bistrita-Nasaud,Scoala Nationala Vasile Alecsandri,Urban,F,7.82,6.19,4.33,4.92,7.4,5.79,0,0,2024
9758,2024,Braila,Liceul Sportiv Grigore Moisil,Rural,M,7.23,10.0,6.66,8.13,7.06,8.0,1,0,2024
9759,2024,Arad,Colegiul Tehnic Alexandru Ioan Cuza,Urban,F,7.69,7.24,5.69,8.21,5.71,6.74,0,1,2024
9760,2024,Timis,Liceul Tehnologic Mihai Viteazul,Urban,M,8.61,9.54,9.85,8.27,8.41,9.18,1,0,2024
9761,2024,Bacau,Liceul Teoretic Bogdan Voda,Urban,M,6.57,8.76,8.58,7.8,7.63,8.17,1,0,2024
9762,2024,Neamt,Colegiul Economic Elena Cuza,Rural,M,9.54,6.94,7.04,9.52,9.56,8.01,1,0,2024
9763,2024,Bihor,Colegiul Tehnic George Cosbuc,Urban,F,8.02,9.31,9.29,8.1,5.53,8.43,1,0,2024
9764,2024,Bihor,Liceul de Arte Gheorghe Sincai,Urban,F,10.0,6.9,5.66,8.16,6.94,7.03,1,0,2024
9765,2024,Salaj,Colegiul National Ana Ipatescu,Rural,F,6.58,8.11,8.11,7.32,7.03,7.68,1,0,2024
9766,2024,Timis,Liceul Pedagogic Mihai Viteazul,Urban,M,9.01,7.4,8.93,9.15,5.32,7.97,1,0,2024
9767,2024,Arad,Colegiul Tehnic Ioan Slavici,Rural,M,8.8,9.72,6.9,5.0,10.0,8.12,1,0,2024
9768,2024,Constanta,Colegiul Tehnic Mihai Eminescu,Urban,F,7.43,9.91,8.19,8.13,8.6,8.68,1,0,2024
9769,2024,Olt,Colegiul National Elena Cuza,Urban,M,6.65,7.0,6.41,1.0,5.4,5.65,0,0,2024
9770,2024,Valcea,Scoala Nationala Onisifor Ghibu,Urban,M,7.5,10.0,6.0,8.83,7.98,8.07,1,0,2024
9771,2024,Botosani,Liceul de Arte Regina Maria,Rural,F,7.46,9.64,8.47,6.05,8.62,8.38,1,0,2024
9772,2024,Vaslui,Liceul Tehnologic Ioan Slavici,Urban,M,10.0,7.32,7.33,5.9,6.98,7.33,1,0,2024
9773,2024,Gorj,Colegiul Tehnic Emil Racovita,Urban,M,10.0,8.19,5.0,8.9,7.25,7.38,1,0,2024
9774,2024,Maramures,Colegiul Tehnic Ana Ipatescu,Rural,M,10.0,4.42,8.05,8.31,3.99,6.59,0,0,2024
9775,2024,Covasna,Liceul de Arte Octavian Goga,Urban,F,7.96,8.5,6.57,6.06,8.01,7.43,0,1,2024
9776,2024,Suceava,Liceul Sportiv Mihai Viteazul,Rural,F,8.0,4.54,1.0,4.15,7.15,4.16,0,0,2024
9777,2024,Salaj,Scoala Nationala Mihai Eminescu,Urban,M,9.45,8.58,1.66,8.53,7.26,6.39,0,0,2024
9778,2024,Prahova,Scoala Nationala Mihai Eminescu,Rural,F,9.57,6.26,5.32,10.0,6.97,6.98,1,0,2024
9779,2024,Iasi,Liceul Sportiv Ioan Slavici,Urban,F,7.26,7.6,7.99,7.13,7.21,7.55,1,0,2024
9780,2024,Bihor,Liceul Tehnologic Nicolae Balcescu,Urban,F,8.06,10.0,7.07,8.77,7.57,8.38,1,0,2024
9781,2024,Olt,Colegiul Economic Onisifor Ghibu,Urban,M,9.99,8.63,10.0,8.65,7.76,9.05,1,0,2024
9782,2024,Suceava,Liceul Pedagogic Elena Cuza,Urban,F,8.79,7.03,9.95,7.03,9.1,8.39,1,0,2024
9783,2024,Olt,Colegiul Economic Elena Cuza,Rural,F,8.3,10.0,7.72,6.97,9.25,8.58,1,0,2024
9784,2024,Dolj,Liceul Tehnologic Mihai Eminescu,Urban,M,5.61,6.27,6.34,5.43,6.03,6.06,1,0,2024
9785,2024,Vrancea,Liceul Pedagogic Nicolae Balcescu,Urban,M,8.12,7.74,5.69,9.02,7.9,7.38,1,0,2024
9786,2024,Iasi,Liceul Tehnologic Marin Preda,Rural,F,7.46,6.87,5.14,9.01,8.68,7.0,1,0,2024
9787,2024,Valcea,Liceul de Arte Dimitrie Cantemir,Rural,M,9.23,10.0,7.07,10.0,9.52,8.97,1,0,2024
9788,2024,Cluj,Liceul Teoretic Mircea cel Batran,Rural,F,7.53,5.03,9.51,5.0,9.27,7.26,1,0,2024
9789,2024,Buzau,Liceul Pedagogic Dimitrie Cantemir,Urban,M,9.01,7.2,7.66,7.92,7.37,7.65,1,0,2024
9790,2024,Valcea,Liceul de Arte Emil Racovita,Urban,F,8.81,7.13,7.7,4.5,7.9,7.19,0,0,2024
9791,2024,Timis,Colegiul Economic Stefan cel Mare,Urban,M,4.77,4.37,5.03,6.98,9.3,5.74,0,0,2024
9792,2024,Galati,Colegiul National Stefan cel Mare,Rural,F,7.83,7.45,8.99,9.11,4.38,7.74,0,0,2024
9793,2024,Suceava,Liceul Teoretic Avram Iancu,Rural,F,9.07,7.08,8.72,10.0,6.45,8.11,1,0,2024
9794,2024,Bihor,Liceul Sportiv Alexandru Ioan Cuza,Urban,M,5.79,8.2,8.18,7.85,4.23,7.3,0,0,2024
9795,2024,Cluj,Liceul Pedagogic Regina Maria,Rural,F,5.83,6.69,4.24,4.6,10.0,6.05,0,0,2024
9796,2024,Brasov,Liceul Sportiv Onisifor Ghibu,Urban,M,6.97,9.17,7.35,8.23,9.74,8.35,1,0,2024
9797,2024,Harghita,Colegiul National Marin Preda,Urban,F,7.76,5.3,4.9,7.36,5.7,5.8,0,0,2024
9798,2024,Arad,Liceul Sportiv Ion Luca Caragiale,Rural,F,8.31,7.24,10.0,6.6,6.79,8.01,1,0,2024
9799,2024,Botosani,Liceul Pedagogic Marin Preda,Rural,F,7.93,6.55,5.73,8.63,8.88,7.1,1,0,2024
9800,2024,Suceava,Liceul Sportiv Ion Barbu,Urban,F,7.21,8.26,5.59,10.0,9.04,7.73,1,0,2024
9801,2024,Harghita,Colegiul National Mihai Viteazul,Urban,F,7.96,9.17,6.74,8.77,10.0,8.38,1,0,2024
9802,2024,Constanta,Liceul Pedagogic George Cosbuc,Rural,F,7.07,8.91,9.38,7.62,7.72,8.49,1,0,2024
9803,2024,Harghita,Liceul Sportiv Ion Barbu,Urban,F,7.34,5.85,9.97,8.58,5.44,7.58,1,0,2024
9804,2024,Alba,Colegiul Tehnic Lucian Blaga,Urban,M,8.14,9.66,5.87,7.38,7.17,7.66,1,0,2024
9805,2024,Ilfov,Liceul Sportiv Ion Barbu,Urban,F,8.6,7.69,7.14,8.08,10.0,8.02,1,0,2024
9806,2024,Harghita,Colegiul National Mihai Eminescu,Rural,F,6.41,8.05,7.22,6.94,7.0,7.31,1,0,2024
9807,2024,Iasi,Liceul Teoretic Ioan Slavici,Rural,F,4.86,7.0,8.26,6.91,6.39,7.06,0,0,2024
9808,2024,Timis,Liceul Teoretic Tudor Vladimirescu,Urban,F,8.95,7.67,5.0,7.56,9.84,7.31,1,0,2024
9809,2024,Mures,Colegiul National Vasile Alecsandri,Urban,F,8.74,6.4,8.63,8.38,9.18,8.02,1,0,2024
9810,2024,Ialomita,Liceul Sportiv Traian,Rural,M,8.99,6.05,5.47,7.87,5.63,6.38,1,0,2024
9811,2024,Hunedoara,Colegiul Tehnic Emil Racovita,Urban,F,8.04,10.0,7.06,8.35,10.0,8.67,1,0,2024
9812,2024,Gorj,Scoala Nationala Octavian Goga,Urban,M,7.35,5.36,7.95,4.12,7.01,6.4,0,0,2024
9813,2024,Galati,Liceul de Arte Mihai Viteazul,Urban,F,8.67,5.13,8.44,7.35,6.61,7.03,1,0,2024
9814,2024,Dolj,Colegiul Tehnic Unirea,Urban,M,6.63,7.67,6.25,8.16,6.15,6.99,1,0,2024
9815,2024,Mures,Scoala Nationala Decebal,Rural,M,8.37,9.38,5.52,9.2,8.69,7.99,1,0,2024
9816,2024,Hunedoara,Liceul de Arte George Cosbuc,Urban,M,6.14,7.21,7.26,8.01,9.95,7.65,1,0,2024
9817,2024,Timis,Liceul Tehnologic Constantin Brancusi,Urban,F,7.65,9.44,7.44,8.22,7.58,8.2,1,0,2024
9818,2024,Vrancea,Liceul Sportiv Spiru Haret,Rural,M,8.4,2.37,5.39,8.65,6.97,5.51,0,0,2024
9819,2024,Prahova,Liceul de Arte Tudor Vladimirescu,Rural,F,7.18,9.49,7.48,10.0,7.65,8.46,1,0,2024
9820,2024,Arges,Colegiul Economic Dimitrie Cantemir,Rural,F,9.06,8.31,8.01,7.93,7.97,8.19,1,0,2024
9821,2024,Brasov,Liceul Pedagogic Ion Luca Caragiale,Rural,M,8.84,8.13,5.97,5.0,8.15,7.09,1,0,2024
9822,2024,Maramures,Scoala Nationala Mihai Eminescu,Rural,M,9.93,6.2,7.69,8.16,7.62,7.53,1,0,2024
9823,2024,Ialomita,Liceul Tehnologic Bogdan Voda,Rural,M,4.45,6.51,8.19,9.16,5.88,7.11,0,0,2024
9824,2024,Harghita,Colegiul National Marin Preda,Urban,F,8.29,8.37,8.32,7.05,9.33,8.29,1,0,2024
9825,2024,Hunedoara,Scoala Nationala Ion Luca Caragiale,Urban,M,10.0,8.61,9.3,9.31,7.6,8.91,1,0,2024
9826,2024,Teleorman,Liceul Sportiv Alexandru Ioan Cuza,Urban,F,6.75,6.71,6.67,7.28,7.06,6.84,1,0,2024
9827,2024,Teleorman,Colegiul Economic Elena Cuza,Urban,F,3.2,4.34,3.41,8.01,8.9,5.18,0,0,2024
9828,2024,Ilfov,Liceul Sportiv Spiru Haret,Rural,M,5.26,4.73,5.45,4.04,8.39,5.44,0,0,2024
9829,2024,Botosani,Colegiul National Decebal,Urban,M,6.25,9.11,6.15,6.52,6.12,7.1,1,0,2024
9830,2024,Bacau,Liceul Tehnologic Alexandru Ioan Cuza,Rural,M,8.74,8.6,9.29,10.0,7.61,8.88,1,0,2024
9831,2024,Constanta,Liceul de Arte Bogdan Voda,Urban,M,9.18,10.0,5.04,9.33,8.05,8.04,1,0,2024
9832,2024,Bacau,Colegiul Tehnic Vasile Alecsandri,Urban,M,9.06,8.67,9.36,7.61,7.86,8.64,1,0,2024
9833,2024,Calarasi,Liceul Tehnologic Avram Iancu,Urban,M,9.06,10.0,9.0,7.66,7.49,8.88,1,0,2024
9834,2024,Dolj,Liceul Teoretic Decebal,Rural,F,8.3,6.8,6.76,7.04,4.65,6.65,0,0,2024
9835,2024,Tulcea,Liceul Pedagogic Regina Maria,Urban,F,9.25,6.77,5.77,7.7,10.0,7.34,1,0,2024
9836,2024,Ialomita,Liceul Tehnologic Alexandru Ioan Cuza,Urban,F,7.2,8.12,5.83,8.22,4.7,6.84,0,0,2024
9837,2024,Neamt,Colegiul Economic Ana Ipatescu,Urban,F,10.0,7.66,5.61,6.77,7.5,7.12,1,0,2024
9838,2024,Vaslui,Colegiul Economic Dimitrie Cantemir,Urban,M,10.0,9.78,6.88,7.36,9.86,8.58,1,0,2024
9839,2024,Sibiu,Scoala Nationala Ana Ipatescu,Rural,M,5.3,4.9,7.12,7.03,5.5,6.02,0,0,2024
9840,2024,Satu Mare,Colegiul Economic Mihai Eminescu,Urban,M,8.38,10.0,5.77,7.92,9.98,8.25,1,0,2024
9841,2024,Constanta,Colegiul Tehnic Tudor Vladimirescu,Urban,F,7.24,8.01,8.0,8.8,6.63,7.84,1,0,2024
9842,2024,Dambovita,Liceul Pedagogic Lucian Blaga,Urban,F,7.51,6.68,7.28,7.69,2.92,6.53,0,0,2024
9843,2024,Olt,Liceul de Arte Avram Iancu,Urban,F,10.0,5.62,7.23,10.0,5.7,7.21,1,0,2024
9844,2024,Suceava,Liceul de Arte Mihai Eminescu,Rural,M,4.52,7.39,6.13,10.0,6.32,6.96,0,0,2024
9845,2024,Maramures,Colegiul Tehnic Constantin Brancusi,Urban,F,4.4,6.23,5.26,5.1,5.99,5.55,0,0,2024
9846,2024,Arad,Liceul Pedagogic Regina Maria,Urban,M,8.14,8.86,6.83,8.24,9.94,8.25,1,0,2024
9847,2024,Gorj,Liceul de Arte Bogdan Voda,Rural,M,6.3,4.18,4.9,8.06,5.72,5.42,0,0,2024
9848,2024,Timis,Liceul Tehnologic Ion Barbu,Urban,M,8.93,7.83,5.0,10.0,8.47,7.51,1,0,2024
9849,2024,Ilfov,Scoala Nationala George Cosbuc,Urban,M,6.13,7.28,6.7,6.7,7.38,6.92,1,0,2024
9850,2024,Teleorman,Colegiul National Alexandru Ioan Cuza,Rural,M,6.5,5.65,9.83,6.27,5.47,7.06,1,0,2024
9851,2024,Bacau,Liceul Teoretic Mircea cel Batran,Urban,M,7.43,7.76,7.01,1.31,8.09,6.58,0,0,2024
9852,2024,Timis,Colegiul Economic Marin Preda,Rural,F,7.93,7.46,5.0,7.79,8.14,6.92,1,0,2024
9853,2024,Buzau,Liceul Sportiv Ioan Slavici,Urban,M,7.94,5.69,4.39,7.51,8.45,6.21,0,0,2024
9854,2024,Covasna,Scoala Nationala Regina Maria,Urban,F,9.43,8.38,7.27,5.81,9.92,8.0,1,0,2024
9855,2024,Salaj,Colegiul Tehnic Traian,Urban,M,8.79,6.62,6.59,7.23,7.74,7.09,1,0,2024
9856,2024,Timis,Liceul Sportiv Stefan cel Mare,Urban,F,8.04,9.0,6.36,6.46,9.48,7.8,1,0,2024
9857,2024,Harghita,Colegiul National Spiru Haret,Rural,F,6.71,7.46,5.55,9.23,6.81,6.98,1,0,2024
9858,2024,Covasna,Liceul Tehnologic Ana Ipatescu,Urban,M,9.22,7.97,5.04,7.2,6.62,6.9,1,0,2024
9859,2024,Salaj,Colegiul Tehnic Elena Cuza,Urban,M,6.8,8.01,9.06,5.0,9.4,7.96,1,0,2024
9860,2024,Bucuresti,Colegiul National Constantin Brancusi,Rural,F,8.54,8.55,8.01,8.5,7.65,8.24,1,0,2024
9861,2024,Iasi,Colegiul Economic Marin Preda,Rural,F,6.73,6.61,5.01,10.0,6.23,6.59,1,0,2024
9862,2024,Teleorman,Colegiul National Emil Racovita,Rural,F,8.56,7.97,8.2,10.0,6.6,8.2,1,0,2024
9863,2024,Brasov,Colegiul Economic Mircea cel Batran,Urban,F,7.67,4.79,5.89,10.0,8.32,6.72,0,0,2024
9864,2024,Ialomita,Liceul de Arte Mihai Eminescu,Urban,M,7.55,10.0,7.54,7.78,6.45,8.15,1,0,2024
9865,2024,Timis,Colegiul Economic Ioan Slavici,Rural,F,10.0,7.7,5.39,7.9,10.0,7.61,1,0,2024
9866,2024,Mures,Colegiul National Marin Preda,Rural,F,8.94,7.1,10.0,10.0,6.49,8.5,1,0,2024
9867,2024,Ialomita,Liceul Tehnologic Alexandru Ioan Cuza,Rural,F,6.52,6.3,4.9,8.12,8.77,6.55,0,0,2024
9868,2024,Prahova,Liceul Teoretic Decebal,Rural,F,6.77,5.96,1.22,5.25,4.54,4.3,0,0,2024
9869,2024,Vrancea,Liceul de Arte George Cosbuc,Rural,F,5.33,5.43,4.9,6.45,9.12,5.97,0,0,2024
9870,2024,Maramures,Colegiul National Emil Racovita,Urban,M,7.22,7.77,6.59,9.38,10.0,7.94,1,0,2024
9871,2024,Timis,Scoala Nationala Unirea,Rural,F,8.19,6.66,6.21,8.43,7.2,7.02,1,0,2024
9872,2024,Vrancea,Liceul Tehnologic Dimitrie Cantemir,Urban,M,7.62,5.03,2.62,6.18,7.09,5.05,0,0,2024
9873,2024,Iasi,Scoala Nationala Mihai Eminescu,Urban,M,7.98,5.03,5.42,7.26,9.55,6.45,1,0,2024
9874,2024,Suceava,Colegiul National Bogdan Voda,Urban,F,6.13,7.9,8.68,8.2,6.59,7.81,1,0,2024
9875,2024,Arges,Scoala Nationala Decebal,Urban,F,10.0,8.87,5.0,7.77,8.39,7.58,1,0,2024
9876,2024,Calarasi,Scoala Nationala Mihai Viteazul,Rural,M,5.4,7.23,6.38,7.09,8.85,7.01,1,0,2024
9877,2024,Dolj,Liceul Sportiv Ana Ipatescu,Urban,F,7.16,7.66,2.69,8.83,6.1,6.06,0,1,2024
9878,2024,Arges,Liceul Teoretic Mircea cel Batran,Rural,F,9.29,6.22,5.83,7.11,7.94,6.8,1,0,2024
9879,2024,Brasov,Scoala Nationala Elena Cuza,Urban,F,7.11,8.92,10.0,9.98,7.77,9.05,1,0,2024
9880,2024,Bucuresti,Colegiul Economic Decebal,Urban,M,7.38,6.98,6.23,8.41,7.46,7.08,1,0,2024
9881,2024,Giurgiu,Colegiul Tehnic Regina Maria,Rural,F,6.36,2.6,3.23,6.05,5.53,4.12,0,0,2024
9882,2024,Gorj,Liceul Sportiv Unirea,Urban,F,4.85,7.95,4.35,4.45,7.66,5.99,0,0,2024
9883,2024,Harghita,Liceul Teoretic Bogdan Voda,Urban,F,1.82,2.61,7.63,6.83,6.54,5.26,0,0,2024
9884,2024,Gorj,Liceul Teoretic Marin Preda,Rural,F,6.85,6.22,10.0,7.49,6.4,7.63,1,0,2024
9885,2024,Brasov,Scoala Nationala Ana Ipatescu,Urban,M,9.25,8.59,6.24,8.32,8.94,7.96,1,0,2024
9886,2024,Bihor,Scoala Nationala Vasile Alecsandri,Rural,F,3.5,3.88,6.03,6.24,6.62,5.25,0,0,2024
9887,2024,Arges,Colegiul Economic Ion Barbu,Urban,M,8.35,7.45,5.44,10.0,7.75,7.36,1,0,2024
9888,2024,Bacau,Colegiul Economic Ion Luca Caragiale,Rural,F,7.53,4.84,2.66,8.61,4.61,4.99,0,0,2024
9889,2024,Mures,Colegiul National Mircea cel Batran,Rural,F,4.64,4.72,5.25,5.76,5.98,5.22,0,0,2024
9890,2024,Ialomita,Liceul Pedagogic Octavian Goga,Urban,M,9.88,6.65,7.08,7.73,8.92,7.6,1,0,2024
9891,2024,Braila,Liceul Tehnologic Decebal,Urban,F,7.67,6.92,8.43,9.96,9.23,8.25,1,0,2024
9892,2024,Calarasi,Colegiul Economic Regina Maria,Rural,M,7.85,7.12,7.23,7.64,7.52,7.36,1,0,2024
9893,2024,Gorj,Liceul Pedagogic Ion Luca Caragiale,Rural,M,6.75,8.26,9.47,8.3,7.29,8.33,1,0,2024
9894,2024,Hunedoara,Scoala Nationala Marin Preda,Rural,F,6.86,7.99,4.23,5.46,3.94,5.76,0,0,2024
9895,2024,Dambovita,Colegiul Tehnic Alexandru Ioan Cuza,Urban,F,10.0,9.84,6.77,8.1,6.77,8.21,1,0,2024
9896,2024,Timis,Liceul Teoretic Ion Luca Caragiale,Urban,M,7.72,8.45,5.54,10.0,6.65,7.47,1,0,2024
9897,2024,Mehedinti,Liceul de Arte Dimitrie Cantemir,Urban,F,7.85,5.1,6.4,7.44,5.65,6.2,1,0,2024
9898,2024,Vrancea,Liceul Tehnologic Octavian Goga,Rural,F,8.14,8.28,3.38,6.12,6.15,6.15,0,0,2024
9899,2024,Suceava,Liceul Sportiv Marin Preda,Urban,F,2.63,6.46,4.68,5.4,8.51,5.69,0,0,2024
9900,2024,Hunedoara,Colegiul Economic Ioan Slavici,Rural,F,6.64,8.49,5.92,7.09,6.11,6.97,1,0,2024
9901,2024,Neamt,Liceul Pedagogic Regina Maria,Rural,F,7.97,7.7,5.0,6.17,5.46,6.35,1,0,2024
9902,2024,Bucuresti,Liceul de Arte Lucian Blaga,Rural,M,5.65,4.23,2.04,5.95,5.66,4.19,0,0,2024
9903,2024,Vaslui,Liceul Teoretic Vasile Alecsandri,Urban,M,7.59,7.42,7.05,5.83,7.11,7.04,1,0,2024
9904,2024,Dolj,Colegiul Tehnic Decebal,Rural,M,6.68,6.18,4.59,4.98,5.91,5.53,0,0,2024
9905,2024,Arad,Liceul Teoretic Marin Preda,Rural,F,6.34,7.0,7.68,4.71,5.33,6.54,0,0,2024
9906,2024,Tulcea,Liceul Pedagogic Regina Maria,Rural,F,10.0,2.76,2.06,8.5,10.0,5.22,0,0,2024
9907,2024,Ilfov,Colegiul National Ana Ipatescu,Rural,M,9.42,7.03,4.65,5.98,7.2,6.42,0,0,2024
9908,2024,Prahova,Liceul Teoretic Ion Barbu,Rural,F,8.6,7.47,1.17,4.26,6.96,5.14,0,0,2024
9909,2024,Galati,Liceul de Arte Ioan Slavici,Rural,F,4.89,4.9,7.52,6.99,9.5,6.69,0,0,2024
9910,2024,Braila,Colegiul Tehnic Elena Cuza,Rural,F,6.1,6.89,3.86,3.43,8.79,5.67,0,0,2024
9911,2024,Prahova,Colegiul Tehnic Ioan Slavici,Urban,F,7.58,9.43,6.94,9.27,8.04,8.27,1,0,2024
9912,2024,Bistrita-Nasaud,Liceul Pedagogic Unirea,Rural,M,7.13,5.58,5.34,4.86,4.44,5.38,0,0,2024
9913,2024,Vrancea,Liceul Teoretic Ion Luca Caragiale,Urban,M,7.27,7.01,7.73,5.28,7.02,6.99,1,0,2024
9914,2024,Galati,Colegiul Economic Regina Maria,Rural,F,7.78,4.44,4.59,7.94,6.28,5.62,0,0,2024
9915,2024,Suceava,Liceul Tehnologic Emil Racovita,Urban,F,7.65,8.39,8.35,6.05,6.38,7.65,1,0,2024
9916,2024,Braila,Colegiul Tehnic Alexandru Ioan Cuza,Urban,F,8.84,8.88,5.52,6.29,7.9,7.33,1,0,2024
9917,2024,Bacau,Scoala Nationala Grigore Moisil,Rural,F,9.11,6.37,5.54,8.4,7.34,6.84,1,0,2024
9918,2024,Bistrita-Nasaud,Scoala Nationala Avram Iancu,Rural,F,6.25,10.0,6.02,5.96,2.95,6.77,0,0,2024
9919,2024,Mures,Scoala Nationala Constantin Brancusi,Urban,F,4.23,8.91,3.76,7.28,9.29,6.71,0,0,2024
9920,2024,Harghita,Scoala Nationala Regina Maria,Urban,F,6.9,6.17,7.66,9.5,8.52,7.54,1,0,2024
9921,2024,Bihor,Scoala Nationala Ioan Slavici,Rural,M,9.45,3.28,6.53,8.94,7.3,6.32,0,0,2024
9922,2024,Suceava,Liceul Teoretic Onisifor Ghibu,Urban,M,5.94,7.9,9.35,7.35,9.86,8.35,1,0,2024
9923,2024,Prahova,Liceul Tehnologic Bogdan Voda,Urban,M,8.72,9.36,6.5,8.41,9.39,8.3,1,0,2024
9924,2024,Valcea,Scoala Nationala Bogdan Voda,Rural,M,5.57,4.68,7.11,6.32,4.85,5.77,0,0,2024
9925,2024,Prahova,Colegiul Economic Lucian Blaga,Urban,M,6.32,5.01,8.72,8.64,6.39,7.01,1,0,2024
9926,2024,Teleorman,Liceul de Arte Stefan cel Mare,Urban,M,10.0,9.33,7.63,10.0,9.19,8.97,1,0,2024
9927,2024,Harghita,Liceul Pedagogic Traian,Urban,F,6.63,6.32,3.29,6.45,7.43,5.63,0,0,2024
9928,2024,Prahova,Colegiul Tehnic Avram Iancu,Urban,M,7.66,7.06,8.29,4.17,8.23,7.23,0,1,2024
9929,2024,Teleorman,Scoala Nationala George Cosbuc,Urban,M,8.0,8.66,7.88,5.29,10.0,8.06,1,0,2024
9930,2024,Arges,Scoala Nationala Vasile Alecsandri,Urban,F,8.95,8.35,9.81,7.64,8.06,8.7,1,0,2024
9931,2024,Bacau,Liceul Sportiv Marin Preda,Urban,F,5.55,8.75,7.48,6.24,7.44,7.48,1,0,2024
9932,2024,Dolj,Liceul de Arte Ion Luca Caragiale,Urban,F,7.59,7.66,5.62,7.98,10.0,7.44,1,0,2024
9933,2024,Gorj,Colegiul Economic Mihai Viteazul,Urban,M,7.81,6.23,8.73,10.0,8.46,8.04,1,0,2024
9934,2024,Suceava,Liceul Tehnologic Onisifor Ghibu,Urban,F,8.56,7.59,5.72,8.81,5.83,7.05,1,0,2024
9935,2024,Botosani,Liceul Sportiv Onisifor Ghibu,Rural,M,4.7,6.55,4.15,3.9,7.1,5.33,0,0,2024
9936,2024,Olt,Colegiul Tehnic Ana Ipatescu,Urban,F,8.13,8.75,7.27,9.15,6.02,7.89,1,0,2024
9937,2024,Maramures,Liceul Tehnologic Ana Ipatescu,Urban,F,7.76,6.33,6.03,7.81,8.04,6.86,1,0,2024
9938,2024,Cluj,Liceul Sportiv Mihai Viteazul,Urban,M,9.75,9.44,6.12,7.23,8.23,7.96,1,0,2024
9939,2024,Dolj,Scoala Nationala Lucian Blaga,Urban,M,7.63,6.89,7.0,6.78,4.08,6.56,0,0,2024
9940,2024,Olt,Liceul Teoretic Bogdan Voda,Urban,F,10.0,5.05,7.6,10.0,6.15,7.22,1,0,2024
9941,2024,Galati,Colegiul Tehnic Ioan Slavici,Rural,M,9.54,5.02,4.9,7.35,3.22,5.52,0,0,2024
9942,2024,Harghita,Liceul Teoretic Spiru Haret,Urban,F,7.97,9.3,8.6,7.55,6.65,8.3,1,0,2024
9943,2024,Cluj,Liceul Sportiv Stefan cel Mare,Urban,M,8.7,9.13,9.42,9.97,5.32,8.73,1,0,2024
9944,2024,Vaslui,Liceul Pedagogic Ion Barbu,Urban,F,7.94,6.76,6.8,8.93,7.87,7.38,1,0,2024
9945,2024,Buzau,Liceul Teoretic Vasile Alecsandri,Rural,M,7.96,3.85,7.09,6.58,5.41,5.88,0,0,2024
9946,2024,Sibiu,Colegiul Tehnic George Cosbuc,Urban,F,9.53,9.06,7.15,6.33,9.68,8.22,1,0,2024
9947,2024,Calarasi,Colegiul National Unirea,Urban,M,8.94,4.43,2.68,8.94,7.32,5.47,0,0,2024
9948,2024,Vrancea,Liceul Pedagogic Spiru Haret,Urban,M,7.31,7.88,8.34,5.88,7.53,7.61,1,0,2024
9949,2024,Valcea,Scoala Nationala Nicolae Balcescu,Urban,F,8.4,8.32,5.92,8.63,8.09,7.62,1,0,2024
9950,2024,Satu Mare,Liceul Teoretic Dimitrie Cantemir,Urban,M,10.0,9.27,9.39,7.02,6.03,8.56,1,0,2024
9951,2024,Ilfov,Liceul de Arte Octavian Goga,Urban,F,6.22,8.02,7.07,8.51,9.52,7.85,1,0,2024
9952,2024,Ilfov,Scoala Nationala Vasile Alecsandri,Urban,F,6.55,9.93,5.94,10.0,9.7,8.37,1,0,2024
9953,2024,Galati,Liceul de Arte Bogdan Voda,Rural,M,10.0,7.02,6.53,8.42,10.0,7.83,1,0,2024
9954,2024,Olt,Colegiul Economic Ioan Slavici,Rural,F,6.23,7.52,7.05,9.71,2.93,6.89,0,0,2024
9955,2024,Dambovita,Liceul Sportiv Vasile Alecsandri,Rural,F,3.37,4.89,10.0,9.37,6.95,7.25,0,0,2024
9956,2024,Olt,Liceul Sportiv Tudor Vladimirescu,Urban,F,8.22,9.11,5.67,7.67,6.39,7.36,1,0,2024
9957,2024,Maramures,Colegiul National Vasile Alecsandri,Urban,M,8.12,5.11,6.52,6.58,7.79,6.46,1,0,2024
9958,2024,Harghita,Colegiul Economic Unirea,Urban,M,7.71,9.31,5.23,10.0,7.22,7.72,1,0,2024
9959,2024,Ilfov,Liceul Teoretic Ioan Slavici,Urban,M,5.75,5.27,6.03,10.0,6.65,6.46,0,1,2024
9960,2024,Bacau,Liceul de Arte Elena Cuza,Urban,F,8.72,6.34,6.77,7.73,8.28,7.21,1,0,2024
9961,2024,Arad,Liceul Pedagogic Onisifor Ghibu,Rural,F,9.76,7.61,6.1,8.01,7.01,7.34,1,0,2024
9962,2024,Teleorman,Scoala Nationala Ion Luca Caragiale,Urban,M,4.2,8.51,6.09,9.27,7.05,7.25,0,0,2024
9963,2024,Gorj,Liceul Pedagogic Elena Cuza,Rural,F,7.42,4.33,2.95,6.75,6.4,4.9,0,0,2024
9964,2024,Cluj,Colegiul National Spiru Haret,Urban,M,8.71,8.69,6.93,7.15,6.25,7.57,1,0,2024
9965,2024,Bacau,Liceul Tehnologic Avram Iancu,Urban,M,5.78,9.34,4.09,5.74,9.41,6.88,0,0,2024
9966,2024,Alba,Scoala Nationala George Cosbuc,Urban,F,9.18,7.58,9.38,9.73,6.96,8.51,1,0,2024
9967,2024,Constanta,Colegiul Economic Ion Luca Caragiale,Urban,M,8.51,7.98,7.65,4.82,10.0,7.76,0,0,2024
9968,2024,Dolj,Liceul Teoretic Alexandru Ioan Cuza,Rural,F,9.05,6.25,6.2,5.41,8.25,6.69,1,0,2024
9969,2024,Valcea,Liceul Tehnologic Constantin Brancusi,Rural,M,9.58,5.0,6.71,8.86,9.37,7.21,1,0,2024
9970,2024,Salaj,Liceul Pedagogic Bogdan Voda,Rural,F,8.53,8.96,5.95,8.36,9.92,8.07,1,0,2024
9971,2024,Harghita,Colegiul Tehnic Ion Luca Caragiale,Rural,F,9.25,10.0,7.02,7.98,8.04,8.43,1,0,2024
9972,2024,Mehedinti,Liceul Pedagogic Dimitrie Cantemir,Rural,F,9.01,8.65,8.72,8.08,7.52,8.45,1,0,2024
9973,2024,Neamt,Colegiul Economic Ana Ipatescu,Urban,F,3.84,6.95,4.36,9.67,6.73,6.24,0,0,2024
9974,2024,Galati,Liceul Teoretic Ioan Slavici,Rural,F,5.93,6.29,7.65,10.0,3.48,6.8,0,0,2024
9975,2024,Neamt,Colegiul National Ana Ipatescu,Rural,M,7.14,1.0,4.66,4.9,6.73,4.16,0,0,2024
9976,2024,Valcea,Liceul Teoretic Stefan cel Mare,Rural,F,6.74,9.52,6.14,5.53,6.78,7.22,1,0,2024
9977,2024,Arges,Scoala Nationala Spiru Haret,Rural,F,7.31,6.8,4.07,5.15,8.67,6.06,0,0,2024
9978,2024,Iasi,Colegiul Economic Constantin Brancusi,Urban,F,9.08,5.51,5.92,7.85,3.78,6.08,0,0,2024
9979,2024,Cluj,Liceul Pedagogic Alexandru Ioan Cuza,Urban,M,9.22,6.86,9.45,4.06,7.13,7.49,0,0,2024
9980,2024,Hunedoara,Scoala Nationala Regina Maria,Rural,F,5.6,6.06,5.99,4.62,5.99,5.77,0,0,2024
9981,2024,Arges,Liceul Sportiv Regina Maria,Rural,F,7.7,8.42,8.06,7.2,5.97,7.69,1,0,2024
9982,2024,Bihor,Scoala Nationala Traian,Urban,M,9.29,7.34,8.77,4.13,8.68,7.68,0,0,2024
9983,2024,Bacau,Scoala Nationala Decebal,Urban,M,6.68,7.84,7.09,9.29,6.02,7.44,1,0,2024
9984,2024,Maramures,Liceul de Arte Marin Preda,Urban,M,9.11,7.07,8.03,10.0,7.73,8.1,1,0,2024
9985,2024,Mehedinti,Liceul Pedagogic Mihai Eminescu,Urban,M,8.19,7.99,8.38,10.0,8.2,8.46,1,0,2024
9986,2024,Tulcea,Liceul Pedagogic Elena Cuza,Rural,F,4.88,5.59,5.71,4.11,10.0,5.99,0,0,2024
9987,2024,Ilfov,Liceul Tehnologic Grigore Moisil,Urban,M,10.0,8.71,6.44,8.66,8.58,8.13,1,0,2024
9988,2024,Bacau,Colegiul Economic Constantin Brancusi,Urban,M,9.2,6.75,9.91,7.76,7.09,8.15,1,0,2024
9989,2024,Hunedoara,Colegiul Tehnic Mihai Viteazul,Urban,M,8.13,10.0,8.73,8.84,7.8,8.93,1,0,2024
9990,2024,Bihor,Colegiul National Traian,Rural,F,6.75,7.44,7.9,7.47,7.2,7.48,1,0,2024
9991,2024,Brasov,Liceul Teoretic Constantin Brancusi,Urban,F,10.0,10.0,8.99,9.93,7.87,9.37,1,0,2024
9992,2024,Olt,Liceul Tehnologic Traian,Urban,F,8.02,9.45,8.47,9.03,7.86,8.71,1,0,2024
9993,2024,Giurgiu,Liceul Pedagogic Lucian Blaga,Urban,M,9.06,8.61,10.0,8.0,10.0,9.19,1,0,2024
9994,2024,Calarasi,Liceul Pedagogic Gheorghe Sincai,Rural,M,7.99,5.41,3.6,9.06,8.96,6.21,0,0,2024
9995,2024,Constanta,Liceul Tehnologic Bogdan Voda,Rural,M,6.59,5.42,6.08,6.32,7.44,6.17,1,0,2024
9996,2024,Gorj,Liceul Tehnologic Stefan cel Mare,Rural,F,5.81,4.84,2.84,4.15,3.88,4.09,0,0,2024
9997,2024,Cluj,Colegiul Economic Traian,Urban,M,7.49,8.88,9.35,8.05,8.91,8.76,1,0,2024
9998,2024,Hunedoara,Liceul Teoretic Tudor Vladimirescu,Urban,F,6.57,6.9,9.6,8.65,8.14,8.13,1,0,2024
9999,2024,Suceava,Liceul de Arte Regina Maria,Rural,F,8.88,9.1,6.46,8.9,9.56,8.32,1,0,2024
10000,2024,Hunedoara,Scoala Nationala Bogdan Voda,Urban,M,7.64,8.4,6.18,9.42,8.83,7.88,1,0,2024
